gamma,calibration_dates,date,strategy,fill_mode,tick_hkd,quote_decisions,quoted_bid,quoted_ask,maker_fills,buy_fills,sell_fills,trade_price_fills,best_quote_fills,best_ask_fills,best_bid_fills,bid_cancels,ask_cancels,expired_orders,market_orders,market_order_lots,policy_market_orders,policy_market_order_lots,terminal_flatten_orders,terminal_flatten_side,terminal_flatten_lots,end_inventory_lots,max_abs_inventory_lots,gross_pnl_hkd,official_only_fees_hkd,all_in_fees_hkd,net_pnl_official_only_hkd,net_pnl_hkd,maker_turnover_hkd,market_turnover_hkd,feeable_turnover_hkd,gross_bps_of_feeable_turnover,net_bps_of_feeable_turnover,max_drawdown_hkd,exposure_duration_seconds,absolute_inventory_lot_seconds,squared_inventory_lot2_seconds,time_mean_abs_inventory_lots,time_rms_inventory_lots,nonzero_inventory_time_share,realized_inventory_penalty_hkd
50.0,2026-07-02,2026-07-03,gp_qvi,through,0.05,4888,9,9,14,8,6,14,0,0,0,1,3,4,4,4,4,4,0,none,0,0,1,99.99832153320312,26.122629825592046,56.97612961959839,73.87569170761108,43.022191913604736,158814.99862670898,46875.0,205689.99862670898,4.861603490730846,2.091603490730846,26.415777721405032,23383.259,9.354,9.354,0.0004000297819906113,0.02000074453590694,0.00040002978199060735,467.7
50.0,2026-07-02,2026-07-03,gp_qvi,touch,0.05,4888,117,117,164,85,79,147,17,9,8,32,38,70,68,68,68,68,0,none,0,0,1,139.99786376953125,339.56370926361075,740.6232083938597,-199.5658454940795,-600.6253446243285,1889089.9963378906,784639.9978637695,2673729.99420166,0.5236050912887064,-2.246394908711293,657.9441074302672,23383.259,387.202,387.202,0.016558940736190794,0.12868154776886542,0.016558940736190797,19360.1
50.0,2026-07-02|2026-07-03,2026-07-06,gp_qvi,through,0.05,4348,14,14,18,8,10,18,0,0,0,6,4,10,8,8,8,8,0,none,0,0,1,40.001068115234375,37.29990013565063,81.35490029586792,2.7011679795837438,-41.353832180633546,203885.00091552734,89815.00015258789,293700.00106811523,1.3619703088103594,-1.4080296911896406,97.56983490203856,23370.842,56.927,56.927,0.0024358129672863303,0.04935395594363567,0.0024358129672863438,2846.35
50.0,2026-07-02|2026-07-03,2026-07-06,gp_qvi,touch,0.05,4348,91,91,114,58,56,98,16,9,7,33,35,68,60,60,60,60,0,none,0,0,1,-40.007781982421875,241.76989970932007,527.3248993659975,-281.7776816917419,-567.3326813484193,1250319.9981689453,653379.9995422363,1903699.9977111816,-0.21015801875570325,-2.980158018755704,652.4181996749878,23370.842,325.921,325.921,0.013945625065626648,0.11809159608383082,0.013945625065626688,16296.05
50.0,2026-07-02|2026-07-03|2026-07-06,2026-07-07,gp_qvi,through,0.02,7603,12,12,16,8,8,15,1,0,1,4,4,8,6,6,6,6,0,none,0,0,1,58.00018310546875,25.723850193786625,56.106350422668456,32.276332911682125,1.8938326828002943,146952.0004272461,55598.00109863281,202550.0015258789,2.8634995146153246,0.09349951461532464,27.708034687042232,23387.055,9.978,9.978,0.00042664627931990584,0.020655417674787065,0.00042664627931987553,498.9
50.0,2026-07-02|2026-07-03|2026-07-06,2026-07-07,gp_qvi,touch,0.02,7603,198,198,244,113,131,229,15,7,8,85,67,152,136,136,136,136,0,none,0,0,1,-250.00152587890625,441.99174999999985,964.0292499999993,-691.9932758789062,-1214.0307758789054,2233187.9989624023,1247062.0010375977,3480250.0,-0.7183435841646614,-3.488343584164659,1278.2743172683709,23387.055,446.623,446.623,0.01909701755950033,0.13819195909856813,0.01909701755950033,22331.15
50.0,2026-07-02|2026-07-03|2026-07-06|2026-07-07,2026-07-08,gp_qvi,through,0.02,7159,43,43,50,23,27,48,2,1,1,20,16,36,20,20,20,20,0,none,0,0,1,106.00051879882812,77.41869218215943,168.85809239730835,28.581826616668693,-62.85757359848023,436123.00033569336,173473.0010986328,609596.0014343262,1.7388650606207743,-1.0311349393792257,185.80314783248903,23385.794,43.486,43.486,0.0018595049627136884,0.043121977722661194,0.0018595049627136984,2174.3
50.0,2026-07-02|2026-07-03|2026-07-06|2026-07-07,2026-07-08,gp_qvi,touch,0.02,7159,133,133,188,97,91,177,11,8,3,36,42,78,72,72,72,72,0,none,0,0,1,89.99710083007812,285.71367808914175,623.1707781944274,-195.71657725906363,-533.1736773643493,1634606.9999694824,615107.0007324219,2249714.0007019043,0.4000379639456361,-2.369962036054363,652.0667075172423,23385.794,307.786,307.786,0.013161237972078263,0.11472243883425014,0.013161237972078244,15389.3
50.0,2026-07-02|2026-07-03|2026-07-06|2026-07-07|2026-07-08,2026-07-09,gp_qvi,through,0.02,8023,19,19,21,10,11,18,3,1,2,9,8,17,11,11,11,11,0,none,0,0,1,56.00128173828125,37.557964286804186,81.91776462554931,18.443317451477064,-25.91648288726806,194758.00094604492,100974.00131225586,295732.0022583008,1.893649700087856,-0.8763502999121435,102.57100073776245,23386.058,18.782,18.782,0.0008031280859732752,0.02833951456841269,0.0008031280859732703,939.1
50.0,2026-07-02|2026-07-03|2026-07-06|2026-07-07|2026-07-08,2026-07-09,gp_qvi,touch,0.02,8023,89,89,121,62,59,112,9,6,3,27,30,57,51,51,51,51,0,none,0,0,1,168.00155639648438,200.46695936050418,437.2389586051943,-32.4654029640198,-269.2374022087099,1109719.9974060059,468759.99755859375,1578479.9949645996,1.0643249007425788,-1.7056750992574226,347.8634137725832,23386.058,181.574,181.574,0.007764198652034473,0.08811469033046915,0.007764198652034482,9078.7
50.0,2026-07-03|2026-07-06|2026-07-07|2026-07-08|2026-07-09,2026-07-10,gp_qvi,through,0.02,4649,10,10,11,6,5,10,1,1,0,4,5,9,7,7,7,7,0,none,0,0,1,0.0,21.517355596923828,46.931555120849616,-21.517355596923828,-46.931555120849616,103661.9987487793,65765.99807739258,169427.99682617188,0.0,-2.7700000000000005,119.69225506744385,23385.296,13.67,13.67,0.0005845553547836213,0.02417757958902465,0.0005845553547836335,683.5
50.0,2026-07-03|2026-07-06|2026-07-07|2026-07-08|2026-07-09,2026-07-10,gp_qvi,touch,0.02,4649,39,39,49,21,28,41,8,5,3,18,11,29,27,27,27,27,0,none,0,0,1,-84.00039672851562,90.17406341476442,196.67886272354124,-174.17446014328004,-280.67925945205684,458757.99713134766,251273.99826049805,710031.9953918457,-1.1830508663508648,-3.953050866350864,353.43995939865107,23385.296,117.458,117.458,0.005022728812156151,0.07087121285935603,0.005022728812156152,5872.9
50.0,2026-07-06|2026-07-07|2026-07-08|2026-07-09|2026-07-10,2026-07-14,gp_qvi,through,0.02,6615,6,6,7,3,4,7,0,0,0,3,2,5,3,3,3,3,0,none,0,0,1,27.999496459960938,7.680959990310669,16.752959978866578,20.31853646965027,11.24653648109436,43157.99980163574,17322.000122070312,60479.999923706055,4.629546378188091,1.8595463781880908,19.596062936782836,23390.474,5.545,5.545,0.00023706231861739954,0.015396828199905316,0.00023706231861742033,277.25
50.0,2026-07-06|2026-07-07|2026-07-08|2026-07-09|2026-07-10,2026-07-14,gp_qvi,touch,0.02,6615,17,17,24,11,13,23,1,1,0,6,4,10,8,8,8,8,0,none,0,0,1,67.99812316894531,24.602439912796026,53.660439809799186,43.39568325614928,14.337683359146126,146611.99951171875,47107.99980163574,193719.9993133545,3.5101240661762545,0.7401240661762551,55.08947297019957,23390.474,17.941,17.941,0.0007670216516347638,0.02769515574310359,0.0007670216516347805,897.05
50.0,2026-07-07|2026-07-08|2026-07-09|2026-07-10|2026-07-14,2026-07-15,gp_qvi,through,0.02,5634,8,8,9,7,2,9,0,0,0,1,6,7,7,7,7,7,0,none,0,0,1,-19.99969482421875,15.653511968994138,34.14191193237305,-35.65320679321289,-54.1416067565918,69599.99923706055,53656.00051879883,123255.99975585938,-1.622614303874323,-4.392614303874323,54.1416067565918,23387.034,8.396,8.396,0.0003590023429221508,0.018947357148746385,0.0003590023429221878,419.8
50.0,2026-07-07|2026-07-08|2026-07-09|2026-07-10|2026-07-14,2026-07-15,gp_qvi,touch,0.02,5634,49,49,66,38,28,60,6,4,2,11,21,32,30,30,30,30,0,none,0,0,1,93.99795532226562,92.68790202713014,202.16180205917365,1.3100532951354893,-108.16384673690803,502715.9996032715,227110.00061035156,729826.000213623,1.2879502140887285,-1.4820497859112725,140.8884358558655,23387.034,112.695,112.695,0.004818695692664576,0.06941682571728973,0.004818695692664576,5634.75
50.0,2026-07-08|2026-07-09|2026-07-10|2026-07-14|2026-07-15,2026-07-16,gp_qvi,through,0.02,5321,11,11,19,9,10,19,0,0,0,2,1,3,3,3,3,3,0,none,0,0,1,129.998779296875,15.858997972869876,34.59009794082642,114.13978132400513,95.40868135604859,107625.99983215332,17247.999954223633,124873.99978637695,10.41039604075028,7.6403960407502804,8.422567687606815,23388.122,14.042,14.042,0.000600390232272604,0.02450286171598338,0.0006003902322726518,702.1
50.0,2026-07-08|2026-07-09|2026-07-10|2026-07-14|2026-07-15,2026-07-16,gp_qvi,touch,0.02,5321,40,40,61,30,31,59,2,2,0,10,9,19,15,15,15,15,0,none,0,0,1,171.9970703125,55.452771910858154,120.9481718055725,116.54429840164184,51.0488985069275,349139.99977111816,87495.99952697754,436635.9992980957,3.9391408539147017,1.1691408539147023,76.41603321762084,23388.122,82.209,82.209,0.003514989360838805,0.059287345705798,0.003514989360838827,4110.45
50.0,2026-07-09|2026-07-10|2026-07-14|2026-07-15|2026-07-16,2026-07-17,gp_qvi,through,0.02,2369,7,7,12,5,7,12,0,0,0,2,0,2,2,2,2,2,0,none,0,0,1,23.999786376953125,8.42009990310669,18.365099788665773,15.579686473846435,5.634686588287352,56825.999450683594,9473.999786376953,66299.99923706055,3.6198773232470356,0.8498773232470356,35.24020960884094,23380.981,9.594,9.594,0.00041033350995837173,0.020256690498656776,0.0004103335099583383,479.7
50.0,2026-07-09|2026-07-10|2026-07-14|2026-07-15|2026-07-16,2026-07-17,gp_qvi,touch,0.02,2369,49,49,73,38,35,72,1,1,0,11,14,25,19,19,19,19,0,none,0,0,1,67.99774169921875,54.63743175582888,119.16983146743769,13.360309943389872,-51.17208976821894,341901.99813842773,88313.99993896484,430215.9980773926,1.5805488871426505,-1.1894511128573482,129.41532867202758,23380.981,119.384,119.384,0.005106030409930191,0.07145649312644856,0.0051060304099301845,5969.2
50.0,2026-07-10|2026-07-14|2026-07-15|2026-07-16|2026-07-17,2026-07-20,gp_qvi,through,0.02,5193,12,12,16,9,7,16,0,0,0,3,5,8,6,6,6,6,0,none,0,0,1,45.999908447265625,15.297150000000002,33.36465,30.702758447265623,12.635258447265628,87781.99996948242,32668.000030517578,120450.0,3.8190044372989314,1.0490044372989313,37.07693130950928,23389.585,8.122,8.122,0.00034724857238809496,0.018634606848229852,0.0003472485723881036,406.1
50.0,2026-07-10|2026-07-14|2026-07-15|2026-07-16|2026-07-17,2026-07-20,gp_qvi,touch,0.02,5193,46,46,68,40,28,65,3,2,1,6,18,24,22,22,22,22,0,none,0,0,1,187.9985809326172,61.45174396705631,134.0325439281464,126.54683696556089,53.96603700447079,366236.00006103516,117635.99967956543,483871.9997406006,3.8852957193927637,1.1152957193927628,56.989050475311274,23389.585,71.202,71.202,0.003044175431073275,0.05517404671648868,0.0030441754310732705,3560.1
50.0,2026-07-14|2026-07-15|2026-07-16|2026-07-17|2026-07-20,2026-07-21,gp_qvi,through,0.02,3953,12,12,13,7,6,12,1,0,1,5,6,11,7,7,7,7,0,none,0,0,1,-151.99966430664062,14.551660038757326,31.738660084533695,-166.55132434539794,-183.73832439117433,74716.00036621094,39863.999938964844,114580.00030517578,-13.265811127753551,-16.03581112775355,185.19254234199525,23382.108,3643.567,3643.567,0.15582713928102632,0.394749463940138,0.15582713928102632,182178.35
50.0,2026-07-14|2026-07-15|2026-07-16|2026-07-17|2026-07-20,2026-07-21,gp_qvi,touch,0.02,3953,20,20,21,9,12,17,4,2,2,11,8,19,9,9,9,9,0,none,0,0,1,-130.00030517578125,21.797010038757325,47.54151008453369,-151.79731521453857,-177.54181526031493,120224.00016784668,51406.0001373291,171630.00030517578,-7.574451141678456,-10.344451141678457,183.83471087646484,23382.108,3673.765,3673.765,0.15711863960255423,0.39638193652404774,0.15711863960255423,183688.25
50.0,2026-07-15|2026-07-16|2026-07-17|2026-07-20|2026-07-21,2026-07-22,gp_qvi,through,0.02,4299,7,7,6,3,3,6,0,0,0,4,4,8,2,2,2,2,0,none,0,0,1,96.00028991699219,6.5516761104583745,14.289876240921021,89.44861380653381,81.71041367607117,39130.001068115234,12457.999801635742,51588.00086975098,18.60903471707947,15.839034717079473,15.453910666656498,23387.244,3627.595,3627.595,0.15510998217660876,0.39384004643587067,0.15510998217660876,181379.75
50.0,2026-07-15|2026-07-16|2026-07-17|2026-07-20|2026-07-21,2026-07-22,gp_qvi,touch,0.02,4299,25,25,29,12,17,27,2,2,0,13,8,21,9,9,9,9,0,none,0,0,1,145.99952697753906,28.169870029067997,61.441370063400264,117.82965694847107,84.5581569141388,169790.00091552734,52019.99931335449,221810.00022888184,6.582188667187445,3.8121886671874456,30.129200686264042,23387.244,3715.478,3715.478,0.1588677143831056,0.39858213003483434,0.15886771438310554,185773.9
50.0,2026-07-16|2026-07-17|2026-07-20|2026-07-21|2026-07-22,2026-07-23,gp_qvi,through,0.02,4091,4,4,2,0,2,2,0,0,0,4,2,6,2,2,2,2,0,none,0,0,1,-81.99996948242188,3.058922007751465,6.671822016906739,-85.05889149017334,-88.67179149932862,12002.000045776367,12084.000015258789,24086.000061035156,-34.044660497645836,-36.81466049764584,88.67179149932862,23383.334,3617.255,3617.255,0.1546937233159309,0.393311229582796,0.1546937233159309,180862.75
50.0,2026-07-16|2026-07-17|2026-07-20|2026-07-21|2026-07-22,2026-07-23,gp_qvi,touch,0.02,4091,25,25,23,12,11,22,1,0,1,13,14,27,13,13,13,13,0,none,0,0,1,-84.00001525878906,27.524964141464228,60.03476430854796,-111.52497940025329,-144.034779567337,138308.00018310547,78424.00093078613,216732.0011138916,-3.8757550720277556,-6.645755072027755,153.36754683036804,23383.334,3710.327,3710.327,0.15867399405063454,0.3983390440951458,0.15867399405063454,185516.35
50.0,2026-07-17|2026-07-20|2026-07-21|2026-07-22|2026-07-23,2026-07-24,gp_qvi,through,0.02,3774,0,0,0,0,0,0,0,0,0,0,0,0,0,0,0,0,0,none,0,0,0,0.0,0.0,0.0,0.0,0.0,0.0,0.0,0.0,,,0.0,23376.095,0.0,0.0,0.0,0.0,0.0,0.0
50.0,2026-07-17|2026-07-20|2026-07-21|2026-07-22|2026-07-23,2026-07-24,gp_qvi,touch,0.02,3774,6,6,6,2,4,5,1,0,1,4,2,6,6,6,6,6,0,none,0,0,1,-87.99972534179688,7.842503957366944,17.105303907012946,-95.84222929916382,-105.10502924880981,30844.000244140625,30907.999420166016,61751.99966430664,-14.25050618930187,-17.02050618930187,105.10502924880981,23376.095,3639.52,3639.52,0.15569409689685124,0.39458091299105086,0.1556940968968512,181976.0
50.0,2026-07-20|2026-07-21|2026-07-22|2026-07-23|2026-07-24,2026-07-27,gp_qvi,through,0.02,3683,1,1,1,1,0,1,0,0,0,0,1,1,1,1,1,1,0,none,0,0,1,0.0,1.2715240348815917,2.773324076080322,-1.2715240348815917,-2.773324076080322,5006.000137329102,5006.000137329102,10012.000274658203,0.0,-2.77,2.773324076080322,23387.273,5.224,5.224,0.0002233693513561842,0.014945546204678643,0.00022336935135613967,261.2
50.0,2026-07-20|2026-07-21|2026-07-22|2026-07-23|2026-07-24,2026-07-27,gp_qvi,touch,0.02,3683,3,3,3,2,1,3,0,0,0,1,2,3,3,3,3,3,0,none,0,0,1,-15.999984741210938,3.9329360523223875,8.578136114120483,-19.932920793533324,-24.57812085533142,15488.000106811523,15480.000305175781,30968.000411987305,-5.166618615458799,-7.936618615458799,24.57812085533142,23387.273,19.93,19.93,0.0008521728890751821,0.02919200042948722,0.0008521728890751312,996.5
50.0,2026-07-21|2026-07-22|2026-07-23|2026-07-24|2026-07-27,2026-07-28,gp_qvi,through,0.02,4611,3,3,5,3,2,5,0,0,0,0,1,1,1,1,1,1,0,none,0,0,1,5.999755859375,3.1457900581359857,6.861290126800537,2.8539658012390143,-0.8615342674255366,20648.00033569336,4122.0001220703125,24770.000457763672,2.4221864144110237,-0.34781358558897624,11.14645491142273,23382.008,1.766,1.766,7.55281582317481e-05,0.008690693771601211,7.552815823175241e-05,88.3
50.0,2026-07-21|2026-07-22|2026-07-23|2026-07-24|2026-07-27,2026-07-28,gp_qvi,touch,0.02,4611,9,9,15,7,8,14,1,0,1,2,1,3,3,3,3,3,0,none,0,0,1,25.999832153320312,9.463786052322387,20.641486114120482,16.536046100997925,5.35834603919983,62040.00053405762,12477.999877929688,74518.0004119873,3.4890673407197146,0.7190673407197145,31.19042803649902,23382.008,6.797,6.797,0.00029069359654654124,0.01704973889965888,0.0002906935965465429,339.85
50.0,2026-07-22|2026-07-23|2026-07-24|2026-07-27|2026-07-28,2026-07-29,gp_qvi,through,0.02,6884,3,3,5,3,2,5,0,0,0,0,1,1,1,1,1,1,0,none,0,0,1,27.9998779296875,2.296160038757324,5.008160084533692,25.703717890930175,22.991717845153808,14542.000198364258,3538.0001068115234,18080.00030517578,15.486657885548787,12.716657885548786,4.979736112594605,23390.931,2.298,2.298,9.824320374422036e-05,0.009911770969116485,9.824320374418605e-05,114.9
50.0,2026-07-22|2026-07-23|2026-07-24|2026-07-27|2026-07-28,2026-07-29,gp_qvi,touch,0.02,6884,12,12,17,6,11,17,0,0,0,6,1,7,7,7,7,7,0,none,0,0,1,45.99933624267578,9.138665999031065,19.932365997886656,36.86067024364472,26.066970244789125,50482.000160217285,21475.99983215332,71957.9999923706,6.392525674359056,3.6225256743590557,18.246070645523073,23390.931,31.772,31.772,0.0013583042077290554,0.03685517884543576,0.0013583042077290886,1588.6
50.0,2026-07-23|2026-07-24|2026-07-27|2026-07-28|2026-07-29,2026-07-30,gp_qvi,through,0.02,5990,7,7,6,2,4,6,0,0,0,5,3,8,4,4,4,4,0,none,0,0,1,4.000091552734375,3.7774879825592036,8.23908796195984,0.2226035701751714,-4.238996409225464,17919.999885559082,11823.999977111816,29743.9998626709,1.3448398235620427,-1.4251601764379578,10.549479514694214,23385.652,6.047,6.047,0.00025857735332758736,0.016080340584937475,0.0002585773533275715,302.35
50.0,2026-07-23|2026-07-24|2026-07-27|2026-07-28|2026-07-29,2026-07-30,gp_qvi,touch,0.02,5990,27,27,38,18,20,33,5,3,2,9,7,16,12,12,12,12,0,none,0,0,1,52.00023651123047,19.534632070732112,42.60703215427399,32.46560444049835,9.393204356956481,117644.00024414062,36172.000312805176,153816.0005569458,3.380677973874306,0.6106779738743062,38.13053798770904,23385.652,23.118,23.118,0.0009885548626140507,0.031441292317811155,0.0009885548626140661,1155.9
25.0,2026-07-02,2026-07-03,gp_qvi,through,0.05,4888,9,9,14,8,6,14,0,0,0,1,3,4,4,4,4,4,0,none,0,0,1,99.99832153320312,26.122629825592046,56.97612961959839,73.87569170761108,43.022191913604736,158814.99862670898,46875.0,205689.99862670898,4.861603490730846,2.091603490730846,26.415777721405032,23383.259,9.354,9.354,0.0004000297819906113,0.02000074453590694,0.00040002978199060735,233.85
25.0,2026-07-02,2026-07-03,gp_qvi,touch,0.05,4888,117,117,164,85,79,147,17,9,8,32,38,70,68,68,68,68,0,none,0,0,1,139.99786376953125,339.56370926361075,740.6232083938597,-199.5658454940795,-600.6253446243285,1889089.9963378906,784639.9978637695,2673729.99420166,0.5236050912887064,-2.246394908711293,657.9441074302672,23383.259,387.202,387.202,0.016558940736190794,0.12868154776886542,0.016558940736190797,9680.05
25.0,2026-07-02|2026-07-03,2026-07-06,gp_qvi,through,0.05,4348,14,14,18,8,10,18,0,0,0,6,4,10,8,8,8,8,0,none,0,0,1,40.001068115234375,37.29990013565063,81.35490029586792,2.7011679795837438,-41.353832180633546,203885.00091552734,89815.00015258789,293700.00106811523,1.3619703088103594,-1.4080296911896406,97.56983490203856,23370.842,56.927,56.927,0.0024358129672863303,0.04935395594363567,0.0024358129672863438,1423.175
25.0,2026-07-02|2026-07-03,2026-07-06,gp_qvi,touch,0.05,4348,91,91,114,58,56,98,16,9,7,33,35,68,60,60,60,60,0,none,0,0,1,-40.007781982421875,241.76989970932007,527.3248993659975,-281.7776816917419,-567.3326813484193,1250319.9981689453,653379.9995422363,1903699.9977111816,-0.21015801875570325,-2.980158018755704,652.4181996749878,23370.842,325.921,325.921,0.013945625065626648,0.11809159608383082,0.013945625065626688,8148.025
25.0,2026-07-02|2026-07-03|2026-07-06,2026-07-07,gp_qvi,through,0.02,7603,12,12,16,8,8,15,1,0,1,4,4,8,6,6,6,6,0,none,0,0,1,58.00018310546875,25.723850193786625,56.106350422668456,32.276332911682125,1.8938326828002943,146952.0004272461,55598.00109863281,202550.0015258789,2.8634995146153246,0.09349951461532464,27.708034687042232,23387.055,9.978,9.978,0.00042664627931990584,0.020655417674787065,0.00042664627931987553,249.45
25.0,2026-07-02|2026-07-03|2026-07-06,2026-07-07,gp_qvi,touch,0.02,7603,198,198,244,113,131,229,15,7,8,85,67,152,136,136,136,136,0,none,0,0,1,-250.00152587890625,441.99174999999985,964.0292499999993,-691.9932758789062,-1214.0307758789054,2233187.9989624023,1247062.0010375977,3480250.0,-0.7183435841646614,-3.488343584164659,1278.2743172683709,23387.055,446.623,446.623,0.01909701755950033,0.13819195909856813,0.01909701755950033,11165.575
25.0,2026-07-02|2026-07-03|2026-07-06|2026-07-07,2026-07-08,gp_qvi,through,0.02,7159,43,43,50,23,27,48,2,1,1,20,16,36,20,20,20,20,0,none,0,0,1,106.00051879882812,77.41869218215943,168.85809239730835,28.581826616668693,-62.85757359848023,436123.00033569336,173473.0010986328,609596.0014343262,1.7388650606207743,-1.0311349393792257,185.80314783248903,23385.794,43.486,43.486,0.0018595049627136884,0.043121977722661194,0.0018595049627136984,1087.15
25.0,2026-07-02|2026-07-03|2026-07-06|2026-07-07,2026-07-08,gp_qvi,touch,0.02,7159,133,133,188,97,91,177,11,8,3,36,42,78,72,72,72,72,0,none,0,0,1,89.99710083007812,285.71367808914175,623.1707781944274,-195.71657725906363,-533.1736773643493,1634606.9999694824,615107.0007324219,2249714.0007019043,0.4000379639456361,-2.369962036054363,652.0667075172423,23385.794,307.786,307.786,0.013161237972078263,0.11472243883425014,0.013161237972078244,7694.65
25.0,2026-07-02|2026-07-03|2026-07-06|2026-07-07|2026-07-08,2026-07-09,gp_qvi,through,0.02,8023,19,19,21,10,11,18,3,1,2,9,8,17,11,11,11,11,0,none,0,0,1,56.00128173828125,37.557964286804186,81.91776462554931,18.443317451477064,-25.91648288726806,194758.00094604492,100974.00131225586,295732.0022583008,1.893649700087856,-0.8763502999121435,102.57100073776245,23386.058,18.782,18.782,0.0008031280859732752,0.02833951456841269,0.0008031280859732703,469.55
25.0,2026-07-02|2026-07-03|2026-07-06|2026-07-07|2026-07-08,2026-07-09,gp_qvi,touch,0.02,8023,89,89,121,62,59,112,9,6,3,27,30,57,51,51,51,51,0,none,0,0,1,168.00155639648438,200.46695936050418,437.2389586051943,-32.4654029640198,-269.2374022087099,1109719.9974060059,468759.99755859375,1578479.9949645996,1.0643249007425788,-1.7056750992574226,347.8634137725832,23386.058,181.574,181.574,0.007764198652034473,0.08811469033046915,0.007764198652034482,4539.35
25.0,2026-07-03|2026-07-06|2026-07-07|2026-07-08|2026-07-09,2026-07-10,gp_qvi,through,0.02,4649,10,10,11,6,5,10,1,1,0,4,5,9,7,7,7,7,0,none,0,0,1,0.0,21.517355596923828,46.931555120849616,-21.517355596923828,-46.931555120849616,103661.9987487793,65765.99807739258,169427.99682617188,0.0,-2.7700000000000005,119.69225506744385,23385.296,13.67,13.67,0.0005845553547836213,0.02417757958902465,0.0005845553547836335,341.75
25.0,2026-07-03|2026-07-06|2026-07-07|2026-07-08|2026-07-09,2026-07-10,gp_qvi,touch,0.02,4649,39,39,49,21,28,41,8,5,3,18,11,29,27,27,27,27,0,none,0,0,1,-84.00039672851562,90.17406341476442,196.67886272354124,-174.17446014328004,-280.67925945205684,458757.99713134766,251273.99826049805,710031.9953918457,-1.1830508663508648,-3.953050866350864,353.43995939865107,23385.296,117.458,117.458,0.005022728812156151,0.07087121285935603,0.005022728812156152,2936.45
25.0,2026-07-06|2026-07-07|2026-07-08|2026-07-09|2026-07-10,2026-07-14,gp_qvi,through,0.02,6615,6,6,7,3,4,7,0,0,0,3,2,5,3,3,3,3,0,none,0,0,1,27.999496459960938,7.680959990310669,16.752959978866578,20.31853646965027,11.24653648109436,43157.99980163574,17322.000122070312,60479.999923706055,4.629546378188091,1.8595463781880908,19.596062936782836,23390.474,5.545,5.545,0.00023706231861739954,0.015396828199905316,0.00023706231861742033,138.625
25.0,2026-07-06|2026-07-07|2026-07-08|2026-07-09|2026-07-10,2026-07-14,gp_qvi,touch,0.02,6615,17,17,24,11,13,23,1,1,0,6,4,10,8,8,8,8,0,none,0,0,1,67.99812316894531,24.602439912796026,53.660439809799186,43.39568325614928,14.337683359146126,146611.99951171875,47107.99980163574,193719.9993133545,3.5101240661762545,0.7401240661762551,55.08947297019957,23390.474,17.941,17.941,0.0007670216516347638,0.02769515574310359,0.0007670216516347805,448.525
25.0,2026-07-07|2026-07-08|2026-07-09|2026-07-10|2026-07-14,2026-07-15,gp_qvi,through,0.02,5634,8,8,9,7,2,9,0,0,0,1,6,7,7,7,7,7,0,none,0,0,1,-19.99969482421875,15.653511968994138,34.14191193237305,-35.65320679321289,-54.1416067565918,69599.99923706055,53656.00051879883,123255.99975585938,-1.622614303874323,-4.392614303874323,54.1416067565918,23387.034,8.396,8.396,0.0003590023429221508,0.018947357148746385,0.0003590023429221878,209.9
25.0,2026-07-07|2026-07-08|2026-07-09|2026-07-10|2026-07-14,2026-07-15,gp_qvi,touch,0.02,5634,49,49,66,38,28,60,6,4,2,11,21,32,30,30,30,30,0,none,0,0,1,93.99795532226562,92.68790202713014,202.16180205917365,1.3100532951354893,-108.16384673690803,502715.9996032715,227110.00061035156,729826.000213623,1.2879502140887285,-1.4820497859112725,140.8884358558655,23387.034,112.695,112.695,0.004818695692664576,0.06941682571728973,0.004818695692664576,2817.375
25.0,2026-07-08|2026-07-09|2026-07-10|2026-07-14|2026-07-15,2026-07-16,gp_qvi,through,0.02,5321,11,11,19,9,10,19,0,0,0,2,1,3,3,3,3,3,0,none,0,0,1,129.998779296875,15.858997972869876,34.59009794082642,114.13978132400513,95.40868135604859,107625.99983215332,17247.999954223633,124873.99978637695,10.41039604075028,7.6403960407502804,8.422567687606815,23388.122,14.042,14.042,0.000600390232272604,0.02450286171598338,0.0006003902322726518,351.05
25.0,2026-07-08|2026-07-09|2026-07-10|2026-07-14|2026-07-15,2026-07-16,gp_qvi,touch,0.02,5321,40,40,61,30,31,59,2,2,0,10,9,19,15,15,15,15,0,none,0,0,1,171.9970703125,55.452771910858154,120.9481718055725,116.54429840164184,51.0488985069275,349139.99977111816,87495.99952697754,436635.9992980957,3.9391408539147017,1.1691408539147023,76.41603321762084,23388.122,82.209,82.209,0.003514989360838805,0.059287345705798,0.003514989360838827,2055.225
25.0,2026-07-09|2026-07-10|2026-07-14|2026-07-15|2026-07-16,2026-07-17,gp_qvi,through,0.02,2369,7,7,12,5,7,12,0,0,0,2,0,2,2,2,2,2,0,none,0,0,1,23.999786376953125,8.42009990310669,18.365099788665773,15.579686473846435,5.634686588287352,56825.999450683594,9473.999786376953,66299.99923706055,3.6198773232470356,0.8498773232470356,35.24020960884094,23380.981,9.594,9.594,0.00041033350995837173,0.020256690498656776,0.0004103335099583383,239.85
25.0,2026-07-09|2026-07-10|2026-07-14|2026-07-15|2026-07-16,2026-07-17,gp_qvi,touch,0.02,2369,49,49,73,38,35,72,1,1,0,11,14,25,19,19,19,19,0,none,0,0,1,67.99774169921875,54.63743175582888,119.16983146743769,13.360309943389872,-51.17208976821894,341901.99813842773,88313.99993896484,430215.9980773926,1.5805488871426505,-1.1894511128573482,129.41532867202758,23380.981,119.384,119.384,0.005106030409930191,0.07145649312644856,0.0051060304099301845,2984.6
25.0,2026-07-10|2026-07-14|2026-07-15|2026-07-16|2026-07-17,2026-07-20,gp_qvi,through,0.02,5193,12,12,16,9,7,16,0,0,0,3,5,8,6,6,6,6,0,none,0,0,1,45.999908447265625,15.297150000000002,33.36465,30.702758447265623,12.635258447265628,87781.99996948242,32668.000030517578,120450.0,3.8190044372989314,1.0490044372989313,37.07693130950928,23389.585,8.122,8.122,0.00034724857238809496,0.018634606848229852,0.0003472485723881036,203.05
25.0,2026-07-10|2026-07-14|2026-07-15|2026-07-16|2026-07-17,2026-07-20,gp_qvi,touch,0.02,5193,46,46,68,40,28,65,3,2,1,6,18,24,22,22,22,22,0,none,0,0,1,187.9985809326172,61.45174396705631,134.0325439281464,126.54683696556089,53.96603700447079,366236.00006103516,117635.99967956543,483871.9997406006,3.8852957193927637,1.1152957193927628,56.989050475311274,23389.585,71.202,71.202,0.003044175431073275,0.05517404671648868,0.0030441754310732705,1780.05
25.0,2026-07-14|2026-07-15|2026-07-16|2026-07-17|2026-07-20,2026-07-21,gp_qvi,through,0.02,3953,12,12,13,7,6,12,1,0,1,5,6,11,7,7,7,7,0,none,0,0,1,-151.99966430664062,14.551660038757326,31.738660084533695,-166.55132434539794,-183.73832439117433,74716.00036621094,39863.999938964844,114580.00030517578,-13.265811127753551,-16.03581112775355,185.19254234199525,23382.108,3643.567,3643.567,0.15582713928102632,0.394749463940138,0.15582713928102632,91089.175
25.0,2026-07-14|2026-07-15|2026-07-16|2026-07-17|2026-07-20,2026-07-21,gp_qvi,touch,0.02,3953,20,20,21,9,12,17,4,2,2,11,8,19,9,9,9,9,0,none,0,0,1,-130.00030517578125,21.797010038757325,47.54151008453369,-151.79731521453857,-177.54181526031493,120224.00016784668,51406.0001373291,171630.00030517578,-7.574451141678456,-10.344451141678457,183.83471087646484,23382.108,3673.765,3673.765,0.15711863960255423,0.39638193652404774,0.15711863960255423,91844.125
25.0,2026-07-15|2026-07-16|2026-07-17|2026-07-20|2026-07-21,2026-07-22,gp_qvi,through,0.02,4299,7,7,6,3,3,6,0,0,0,4,4,8,2,2,2,2,0,none,0,0,1,96.00028991699219,6.5516761104583745,14.289876240921021,89.44861380653381,81.71041367607117,39130.001068115234,12457.999801635742,51588.00086975098,18.60903471707947,15.839034717079473,15.453910666656498,23387.244,3627.595,3627.595,0.15510998217660876,0.39384004643587067,0.15510998217660876,90689.875
25.0,2026-07-15|2026-07-16|2026-07-17|2026-07-20|2026-07-21,2026-07-22,gp_qvi,touch,0.02,4299,25,25,29,12,17,27,2,2,0,13,8,21,9,9,9,9,0,none,0,0,1,145.99952697753906,28.169870029067997,61.441370063400264,117.82965694847107,84.5581569141388,169790.00091552734,52019.99931335449,221810.00022888184,6.582188667187445,3.8121886671874456,30.129200686264042,23387.244,3715.478,3715.478,0.1588677143831056,0.39858213003483434,0.15886771438310554,92886.95
25.0,2026-07-16|2026-07-17|2026-07-20|2026-07-21|2026-07-22,2026-07-23,gp_qvi,through,0.02,4091,4,4,2,0,2,2,0,0,0,4,2,6,2,2,2,2,0,none,0,0,1,-81.99996948242188,3.058922007751465,6.671822016906739,-85.05889149017334,-88.67179149932862,12002.000045776367,12084.000015258789,24086.000061035156,-34.044660497645836,-36.81466049764584,88.67179149932862,23383.334,3617.255,3617.255,0.1546937233159309,0.393311229582796,0.1546937233159309,90431.375
25.0,2026-07-16|2026-07-17|2026-07-20|2026-07-21|2026-07-22,2026-07-23,gp_qvi,touch,0.02,4091,25,25,23,12,11,22,1,0,1,13,14,27,13,13,13,13,0,none,0,0,1,-84.00001525878906,27.524964141464228,60.03476430854796,-111.52497940025329,-144.034779567337,138308.00018310547,78424.00093078613,216732.0011138916,-3.8757550720277556,-6.645755072027755,153.36754683036804,23383.334,3710.327,3710.327,0.15867399405063454,0.3983390440951458,0.15867399405063454,92758.175
25.0,2026-07-17|2026-07-20|2026-07-21|2026-07-22|2026-07-23,2026-07-24,gp_qvi,through,0.02,3774,0,0,0,0,0,0,0,0,0,0,0,0,0,0,0,0,0,none,0,0,0,0.0,0.0,0.0,0.0,0.0,0.0,0.0,0.0,,,0.0,23376.095,0.0,0.0,0.0,0.0,0.0,0.0
25.0,2026-07-17|2026-07-20|2026-07-21|2026-07-22|2026-07-23,2026-07-24,gp_qvi,touch,0.02,3774,6,6,6,2,4,5,1,0,1,4,2,6,6,6,6,6,0,none,0,0,1,-87.99972534179688,7.842503957366944,17.105303907012946,-95.84222929916382,-105.10502924880981,30844.000244140625,30907.999420166016,61751.99966430664,-14.25050618930187,-17.02050618930187,105.10502924880981,23376.095,3639.52,3639.52,0.15569409689685124,0.39458091299105086,0.1556940968968512,90988.0
25.0,2026-07-20|2026-07-21|2026-07-22|2026-07-23|2026-07-24,2026-07-27,gp_qvi,through,0.02,3683,1,1,1,1,0,1,0,0,0,0,1,1,1,1,1,1,0,none,0,0,1,0.0,1.2715240348815917,2.773324076080322,-1.2715240348815917,-2.773324076080322,5006.000137329102,5006.000137329102,10012.000274658203,0.0,-2.77,2.773324076080322,23387.273,5.224,5.224,0.0002233693513561842,0.014945546204678643,0.00022336935135613967,130.6
25.0,2026-07-20|2026-07-21|2026-07-22|2026-07-23|2026-07-24,2026-07-27,gp_qvi,touch,0.02,3683,3,3,3,2,1,3,0,0,0,1,2,3,3,3,3,3,0,none,0,0,1,-15.999984741210938,3.9329360523223875,8.578136114120483,-19.932920793533324,-24.57812085533142,15488.000106811523,15480.000305175781,30968.000411987305,-5.166618615458799,-7.936618615458799,24.57812085533142,23387.273,19.93,19.93,0.0008521728890751821,0.02919200042948722,0.0008521728890751312,498.25
25.0,2026-07-21|2026-07-22|2026-07-23|2026-07-24|2026-07-27,2026-07-28,gp_qvi,through,0.02,4611,3,3,5,3,2,5,0,0,0,0,1,1,1,1,1,1,0,none,0,0,1,5.999755859375,3.1457900581359857,6.861290126800537,2.8539658012390143,-0.8615342674255366,20648.00033569336,4122.0001220703125,24770.000457763672,2.4221864144110237,-0.34781358558897624,11.14645491142273,23382.008,1.766,1.766,7.55281582317481e-05,0.008690693771601211,7.552815823175241e-05,44.15
25.0,2026-07-21|2026-07-22|2026-07-23|2026-07-24|2026-07-27,2026-07-28,gp_qvi,touch,0.02,4611,9,9,15,7,8,14,1,0,1,2,1,3,3,3,3,3,0,none,0,0,1,25.999832153320312,9.463786052322387,20.641486114120482,16.536046100997925,5.35834603919983,62040.00053405762,12477.999877929688,74518.0004119873,3.4890673407197146,0.7190673407197145,31.19042803649902,23382.008,6.797,6.797,0.00029069359654654124,0.01704973889965888,0.0002906935965465429,169.925
25.0,2026-07-22|2026-07-23|2026-07-24|2026-07-27|2026-07-28,2026-07-29,gp_qvi,through,0.02,6884,3,3,5,3,2,5,0,0,0,0,1,1,1,1,1,1,0,none,0,0,1,27.9998779296875,2.296160038757324,5.008160084533692,25.703717890930175,22.991717845153808,14542.000198364258,3538.0001068115234,18080.00030517578,15.486657885548787,12.716657885548786,4.979736112594605,23390.931,2.298,2.298,9.824320374422036e-05,0.009911770969116485,9.824320374418605e-05,57.45
25.0,2026-07-22|2026-07-23|2026-07-24|2026-07-27|2026-07-28,2026-07-29,gp_qvi,touch,0.02,6884,12,12,17,6,11,17,0,0,0,6,1,7,7,7,7,7,0,none,0,0,1,45.99933624267578,9.138665999031065,19.932365997886656,36.86067024364472,26.066970244789125,50482.000160217285,21475.99983215332,71957.9999923706,6.392525674359056,3.6225256743590557,18.246070645523073,23390.931,31.772,31.772,0.0013583042077290554,0.03685517884543576,0.0013583042077290886,794.3
25.0,2026-07-23|2026-07-24|2026-07-27|2026-07-28|2026-07-29,2026-07-30,gp_qvi,through,0.02,5990,7,7,6,2,4,6,0,0,0,5,3,8,4,4,4,4,0,none,0,0,1,4.000091552734375,3.7774879825592036,8.23908796195984,0.2226035701751714,-4.238996409225464,17919.999885559082,11823.999977111816,29743.9998626709,1.3448398235620427,-1.4251601764379578,10.549479514694214,23385.652,6.047,6.047,0.00025857735332758736,0.016080340584937475,0.0002585773533275715,151.175
25.0,2026-07-23|2026-07-24|2026-07-27|2026-07-28|2026-07-29,2026-07-30,gp_qvi,touch,0.02,5990,27,27,38,18,20,33,5,3,2,9,7,16,12,12,12,12,0,none,0,0,1,52.00023651123047,19.534632070732112,42.60703215427399,32.46560444049835,9.393204356956481,117644.00024414062,36172.000312805176,153816.0005569458,3.380677973874306,0.6106779738743062,38.13053798770904,23385.652,23.118,23.118,0.0009885548626140507,0.031441292317811155,0.0009885548626140661,577.95
12.5,2026-07-02,2026-07-03,gp_qvi,through,0.05,4888,9,9,14,8,6,14,0,0,0,1,3,4,4,4,4,4,0,none,0,0,1,99.99832153320312,26.122629825592046,56.97612961959839,73.87569170761108,43.022191913604736,158814.99862670898,46875.0,205689.99862670898,4.861603490730846,2.091603490730846,26.415777721405032,23383.259,9.354,9.354,0.0004000297819906113,0.02000074453590694,0.00040002978199060735,116.925
12.5,2026-07-02,2026-07-03,gp_qvi,touch,0.05,4888,117,117,164,85,79,147,17,9,8,32,38,70,68,68,68,68,0,none,0,0,1,139.99786376953125,339.56370926361075,740.6232083938597,-199.5658454940795,-600.6253446243285,1889089.9963378906,784639.9978637695,2673729.99420166,0.5236050912887064,-2.246394908711293,657.9441074302672,23383.259,387.202,387.202,0.016558940736190794,0.12868154776886542,0.016558940736190797,4840.025
12.5,2026-07-02|2026-07-03,2026-07-06,gp_qvi,through,0.05,4348,14,14,18,8,10,18,0,0,0,6,4,10,8,8,8,8,0,none,0,0,1,40.001068115234375,37.29990013565063,81.35490029586792,2.7011679795837438,-41.353832180633546,203885.00091552734,89815.00015258789,293700.00106811523,1.3619703088103594,-1.4080296911896406,97.56983490203856,23370.842,56.927,56.927,0.0024358129672863303,0.04935395594363567,0.0024358129672863438,711.5875
12.5,2026-07-02|2026-07-03,2026-07-06,gp_qvi,touch,0.05,4348,91,91,114,58,56,98,16,9,7,33,35,68,60,60,60,60,0,none,0,0,1,-40.007781982421875,241.76989970932007,527.3248993659975,-281.7776816917419,-567.3326813484193,1250319.9981689453,653379.9995422363,1903699.9977111816,-0.21015801875570325,-2.980158018755704,652.4181996749878,23370.842,325.921,325.921,0.013945625065626648,0.11809159608383082,0.013945625065626688,4074.0125
12.5,2026-07-02|2026-07-03|2026-07-06,2026-07-07,gp_qvi,through,0.02,7603,12,12,16,8,8,15,1,0,1,4,4,8,6,6,6,6,0,none,0,0,1,58.00018310546875,25.723850193786625,56.106350422668456,32.276332911682125,1.8938326828002943,146952.0004272461,55598.00109863281,202550.0015258789,2.8634995146153246,0.09349951461532464,27.708034687042232,23387.055,9.978,9.978,0.00042664627931990584,0.020655417674787065,0.00042664627931987553,124.725
12.5,2026-07-02|2026-07-03|2026-07-06,2026-07-07,gp_qvi,touch,0.02,7603,198,198,244,113,131,229,15,7,8,85,67,152,136,136,136,136,0,none,0,0,1,-250.00152587890625,441.99174999999985,964.0292499999993,-691.9932758789062,-1214.0307758789054,2233187.9989624023,1247062.0010375977,3480250.0,-0.7183435841646614,-3.488343584164659,1278.2743172683709,23387.055,446.623,446.623,0.01909701755950033,0.13819195909856813,0.01909701755950033,5582.7875
12.5,2026-07-02|2026-07-03|2026-07-06|2026-07-07,2026-07-08,gp_qvi,through,0.02,7159,43,43,50,23,27,48,2,1,1,20,16,36,20,20,20,20,0,none,0,0,1,106.00051879882812,77.41869218215943,168.85809239730835,28.581826616668693,-62.85757359848023,436123.00033569336,173473.0010986328,609596.0014343262,1.7388650606207743,-1.0311349393792257,185.80314783248903,23385.794,43.486,43.486,0.0018595049627136884,0.043121977722661194,0.0018595049627136984,543.575
12.5,2026-07-02|2026-07-03|2026-07-06|2026-07-07,2026-07-08,gp_qvi,touch,0.02,7159,133,133,188,97,91,177,11,8,3,36,42,78,72,72,72,72,0,none,0,0,1,89.99710083007812,285.71367808914175,623.1707781944274,-195.71657725906363,-533.1736773643493,1634606.9999694824,615107.0007324219,2249714.0007019043,0.4000379639456361,-2.369962036054363,652.0667075172423,23385.794,307.786,307.786,0.013161237972078263,0.11472243883425014,0.013161237972078244,3847.325
12.5,2026-07-02|2026-07-03|2026-07-06|2026-07-07|2026-07-08,2026-07-09,gp_qvi,through,0.02,8023,19,19,21,10,11,18,3,1,2,9,8,17,11,11,11,11,0,none,0,0,1,56.00128173828125,37.557964286804186,81.91776462554931,18.443317451477064,-25.91648288726806,194758.00094604492,100974.00131225586,295732.0022583008,1.893649700087856,-0.8763502999121435,102.57100073776245,23386.058,18.782,18.782,0.0008031280859732752,0.02833951456841269,0.0008031280859732703,234.775
12.5,2026-07-02|2026-07-03|2026-07-06|2026-07-07|2026-07-08,2026-07-09,gp_qvi,touch,0.02,8023,89,89,121,62,59,112,9,6,3,27,30,57,51,51,51,51,0,none,0,0,1,168.00155639648438,200.46695936050418,437.2389586051943,-32.4654029640198,-269.2374022087099,1109719.9974060059,468759.99755859375,1578479.9949645996,1.0643249007425788,-1.7056750992574226,347.8634137725832,23386.058,181.574,181.574,0.007764198652034473,0.08811469033046915,0.007764198652034482,2269.675
12.5,2026-07-03|2026-07-06|2026-07-07|2026-07-08|2026-07-09,2026-07-10,gp_qvi,through,0.02,4649,10,10,11,6,5,10,1,1,0,4,5,9,7,7,7,7,0,none,0,0,1,0.0,21.517355596923828,46.931555120849616,-21.517355596923828,-46.931555120849616,103661.9987487793,65765.99807739258,169427.99682617188,0.0,-2.7700000000000005,119.69225506744385,23385.296,13.67,13.67,0.0005845553547836213,0.02417757958902465,0.0005845553547836335,170.875
12.5,2026-07-03|2026-07-06|2026-07-07|2026-07-08|2026-07-09,2026-07-10,gp_qvi,touch,0.02,4649,39,39,49,21,28,41,8,5,3,18,11,29,27,27,27,27,0,none,0,0,1,-84.00039672851562,90.17406341476442,196.67886272354124,-174.17446014328004,-280.67925945205684,458757.99713134766,251273.99826049805,710031.9953918457,-1.1830508663508648,-3.953050866350864,353.43995939865107,23385.296,117.458,117.458,0.005022728812156151,0.07087121285935603,0.005022728812156152,1468.225
12.5,2026-07-06|2026-07-07|2026-07-08|2026-07-09|2026-07-10,2026-07-14,gp_qvi,through,0.02,6615,6,6,7,3,4,7,0,0,0,3,2,5,3,3,3,3,0,none,0,0,1,27.999496459960938,7.680959990310669,16.752959978866578,20.31853646965027,11.24653648109436,43157.99980163574,17322.000122070312,60479.999923706055,4.629546378188091,1.8595463781880908,19.596062936782836,23390.474,5.545,5.545,0.00023706231861739954,0.015396828199905316,0.00023706231861742033,69.3125
12.5,2026-07-06|2026-07-07|2026-07-08|2026-07-09|2026-07-10,2026-07-14,gp_qvi,touch,0.02,6615,17,17,24,11,13,23,1,1,0,6,4,10,8,8,8,8,0,none,0,0,1,67.99812316894531,24.602439912796026,53.660439809799186,43.39568325614928,14.337683359146126,146611.99951171875,47107.99980163574,193719.9993133545,3.5101240661762545,0.7401240661762551,55.08947297019957,23390.474,17.941,17.941,0.0007670216516347638,0.02769515574310359,0.0007670216516347805,224.2625
12.5,2026-07-07|2026-07-08|2026-07-09|2026-07-10|2026-07-14,2026-07-15,gp_qvi,through,0.02,5634,8,8,9,7,2,9,0,0,0,1,6,7,7,7,7,7,0,none,0,0,1,-19.99969482421875,15.653511968994138,34.14191193237305,-35.65320679321289,-54.1416067565918,69599.99923706055,53656.00051879883,123255.99975585938,-1.622614303874323,-4.392614303874323,54.1416067565918,23387.034,8.396,8.396,0.0003590023429221508,0.018947357148746385,0.0003590023429221878,104.95
12.5,2026-07-07|2026-07-08|2026-07-09|2026-07-10|2026-07-14,2026-07-15,gp_qvi,touch,0.02,5634,49,49,66,38,28,60,6,4,2,11,21,32,30,30,30,30,0,none,0,0,1,93.99795532226562,92.68790202713014,202.16180205917365,1.3100532951354893,-108.16384673690803,502715.9996032715,227110.00061035156,729826.000213623,1.2879502140887285,-1.4820497859112725,140.8884358558655,23387.034,112.695,112.695,0.004818695692664576,0.06941682571728973,0.004818695692664576,1408.6875
12.5,2026-07-08|2026-07-09|2026-07-10|2026-07-14|2026-07-15,2026-07-16,gp_qvi,through,0.02,5321,11,11,19,9,10,19,0,0,0,2,1,3,3,3,3,3,0,none,0,0,1,129.998779296875,15.858997972869876,34.59009794082642,114.13978132400513,95.40868135604859,107625.99983215332,17247.999954223633,124873.99978637695,10.41039604075028,7.6403960407502804,8.422567687606815,23388.122,14.042,14.042,0.000600390232272604,0.02450286171598338,0.0006003902322726518,175.525
12.5,2026-07-08|2026-07-09|2026-07-10|2026-07-14|2026-07-15,2026-07-16,gp_qvi,touch,0.02,5321,40,40,61,30,31,59,2,2,0,10,9,19,15,15,15,15,0,none,0,0,1,171.9970703125,55.452771910858154,120.9481718055725,116.54429840164184,51.0488985069275,349139.99977111816,87495.99952697754,436635.9992980957,3.9391408539147017,1.1691408539147023,76.41603321762084,23388.122,82.209,82.209,0.003514989360838805,0.059287345705798,0.003514989360838827,1027.6125
12.5,2026-07-09|2026-07-10|2026-07-14|2026-07-15|2026-07-16,2026-07-17,gp_qvi,through,0.02,2369,7,7,12,5,7,12,0,0,0,2,0,2,2,2,2,2,0,none,0,0,1,23.999786376953125,8.42009990310669,18.365099788665773,15.579686473846435,5.634686588287352,56825.999450683594,9473.999786376953,66299.99923706055,3.6198773232470356,0.8498773232470356,35.24020960884094,23380.981,9.594,9.594,0.00041033350995837173,0.020256690498656776,0.0004103335099583383,119.925
12.5,2026-07-09|2026-07-10|2026-07-14|2026-07-15|2026-07-16,2026-07-17,gp_qvi,touch,0.02,2369,49,49,73,38,35,72,1,1,0,11,14,25,19,19,19,19,0,none,0,0,1,67.99774169921875,54.63743175582888,119.16983146743769,13.360309943389872,-51.17208976821894,341901.99813842773,88313.99993896484,430215.9980773926,1.5805488871426505,-1.1894511128573482,129.41532867202758,23380.981,119.384,119.384,0.005106030409930191,0.07145649312644856,0.0051060304099301845,1492.3
12.5,2026-07-10|2026-07-14|2026-07-15|2026-07-16|2026-07-17,2026-07-20,gp_qvi,through,0.02,5193,12,12,16,9,7,16,0,0,0,3,5,8,6,6,6,6,0,none,0,0,1,45.999908447265625,15.297150000000002,33.36465,30.702758447265623,12.635258447265628,87781.99996948242,32668.000030517578,120450.0,3.8190044372989314,1.0490044372989313,37.07693130950928,23389.585,8.122,8.122,0.00034724857238809496,0.018634606848229852,0.0003472485723881036,101.525
12.5,2026-07-10|2026-07-14|2026-07-15|2026-07-16|2026-07-17,2026-07-20,gp_qvi,touch,0.02,5193,46,46,68,40,28,65,3,2,1,6,18,24,22,22,22,22,0,none,0,0,1,187.9985809326172,61.45174396705631,134.0325439281464,126.54683696556089,53.96603700447079,366236.00006103516,117635.99967956543,483871.9997406006,3.8852957193927637,1.1152957193927628,56.989050475311274,23389.585,71.202,71.202,0.003044175431073275,0.05517404671648868,0.0030441754310732705,890.025
12.5,2026-07-14|2026-07-15|2026-07-16|2026-07-17|2026-07-20,2026-07-21,gp_qvi,through,0.02,3953,12,12,13,7,6,12,1,0,1,5,6,11,7,7,7,7,0,none,0,0,1,-151.99966430664062,14.551660038757326,31.738660084533695,-166.55132434539794,-183.73832439117433,74716.00036621094,39863.999938964844,114580.00030517578,-13.265811127753551,-16.03581112775355,185.19254234199525,23382.108,3643.567,3643.567,0.15582713928102632,0.394749463940138,0.15582713928102632,45544.5875
12.5,2026-07-14|2026-07-15|2026-07-16|2026-07-17|2026-07-20,2026-07-21,gp_qvi,touch,0.02,3953,20,20,21,9,12,17,4,2,2,11,8,19,9,9,9,9,0,none,0,0,1,-130.00030517578125,21.797010038757325,47.54151008453369,-151.79731521453857,-177.54181526031493,120224.00016784668,51406.0001373291,171630.00030517578,-7.574451141678456,-10.344451141678457,183.83471087646484,23382.108,3673.765,3673.765,0.15711863960255423,0.39638193652404774,0.15711863960255423,45922.0625
12.5,2026-07-15|2026-07-16|2026-07-17|2026-07-20|2026-07-21,2026-07-22,gp_qvi,through,0.02,4299,7,7,6,3,3,6,0,0,0,4,4,8,2,2,2,2,0,none,0,0,1,96.00028991699219,6.5516761104583745,14.289876240921021,89.44861380653381,81.71041367607117,39130.001068115234,12457.999801635742,51588.00086975098,18.60903471707947,15.839034717079473,15.453910666656498,23387.244,3627.595,3627.595,0.15510998217660876,0.39384004643587067,0.15510998217660876,45344.9375
12.5,2026-07-15|2026-07-16|2026-07-17|2026-07-20|2026-07-21,2026-07-22,gp_qvi,touch,0.02,4299,25,25,29,12,17,27,2,2,0,13,8,21,9,9,9,9,0,none,0,0,1,145.99952697753906,28.169870029067997,61.441370063400264,117.82965694847107,84.5581569141388,169790.00091552734,52019.99931335449,221810.00022888184,6.582188667187445,3.8121886671874456,30.129200686264042,23387.244,3715.478,3715.478,0.1588677143831056,0.39858213003483434,0.15886771438310554,46443.475
12.5,2026-07-16|2026-07-17|2026-07-20|2026-07-21|2026-07-22,2026-07-23,gp_qvi,through,0.02,4091,4,4,2,0,2,2,0,0,0,4,2,6,2,2,2,2,0,none,0,0,1,-81.99996948242188,3.058922007751465,6.671822016906739,-85.05889149017334,-88.67179149932862,12002.000045776367,12084.000015258789,24086.000061035156,-34.044660497645836,-36.81466049764584,88.67179149932862,23383.334,3617.255,3617.255,0.1546937233159309,0.393311229582796,0.1546937233159309,45215.6875
12.5,2026-07-16|2026-07-17|2026-07-20|2026-07-21|2026-07-22,2026-07-23,gp_qvi,touch,0.02,4091,25,25,23,12,11,22,1,0,1,13,14,27,13,13,13,13,0,none,0,0,1,-84.00001525878906,27.524964141464228,60.03476430854796,-111.52497940025329,-144.034779567337,138308.00018310547,78424.00093078613,216732.0011138916,-3.8757550720277556,-6.645755072027755,153.36754683036804,23383.334,3710.327,3710.327,0.15867399405063454,0.3983390440951458,0.15867399405063454,46379.0875
12.5,2026-07-17|2026-07-20|2026-07-21|2026-07-22|2026-07-23,2026-07-24,gp_qvi,through,0.02,3774,0,0,0,0,0,0,0,0,0,0,0,0,0,0,0,0,0,none,0,0,0,0.0,0.0,0.0,0.0,0.0,0.0,0.0,0.0,,,0.0,23376.095,0.0,0.0,0.0,0.0,0.0,0.0
12.5,2026-07-17|2026-07-20|2026-07-21|2026-07-22|2026-07-23,2026-07-24,gp_qvi,touch,0.02,3774,6,6,6,2,4,5,1,0,1,4,2,6,6,6,6,6,0,none,0,0,1,-87.99972534179688,7.842503957366944,17.105303907012946,-95.84222929916382,-105.10502924880981,30844.000244140625,30907.999420166016,61751.99966430664,-14.25050618930187,-17.02050618930187,105.10502924880981,23376.095,3639.52,3639.52,0.15569409689685124,0.39458091299105086,0.1556940968968512,45494.0
12.5,2026-07-20|2026-07-21|2026-07-22|2026-07-23|2026-07-24,2026-07-27,gp_qvi,through,0.02,3683,1,1,1,1,0,1,0,0,0,0,1,1,1,1,1,1,0,none,0,0,1,0.0,1.2715240348815917,2.773324076080322,-1.2715240348815917,-2.773324076080322,5006.000137329102,5006.000137329102,10012.000274658203,0.0,-2.77,2.773324076080322,23387.273,5.224,5.224,0.0002233693513561842,0.014945546204678643,0.00022336935135613967,65.3
12.5,2026-07-20|2026-07-21|2026-07-22|2026-07-23|2026-07-24,2026-07-27,gp_qvi,touch,0.02,3683,3,3,3,2,1,3,0,0,0,1,2,3,3,3,3,3,0,none,0,0,1,-15.999984741210938,3.9329360523223875,8.578136114120483,-19.932920793533324,-24.57812085533142,15488.000106811523,15480.000305175781,30968.000411987305,-5.166618615458799,-7.936618615458799,24.57812085533142,23387.273,19.93,19.93,0.0008521728890751821,0.02919200042948722,0.0008521728890751312,249.125
12.5,2026-07-21|2026-07-22|2026-07-23|2026-07-24|2026-07-27,2026-07-28,gp_qvi,through,0.02,4611,3,3,5,3,2,5,0,0,0,0,1,1,1,1,1,1,0,none,0,0,1,5.999755859375,3.1457900581359857,6.861290126800537,2.8539658012390143,-0.8615342674255366,20648.00033569336,4122.0001220703125,24770.000457763672,2.4221864144110237,-0.34781358558897624,11.14645491142273,23382.008,1.766,1.766,7.55281582317481e-05,0.008690693771601211,7.552815823175241e-05,22.075
12.5,2026-07-21|2026-07-22|2026-07-23|2026-07-24|2026-07-27,2026-07-28,gp_qvi,touch,0.02,4611,9,9,15,7,8,14,1,0,1,2,1,3,3,3,3,3,0,none,0,0,1,25.999832153320312,9.463786052322387,20.641486114120482,16.536046100997925,5.35834603919983,62040.00053405762,12477.999877929688,74518.0004119873,3.4890673407197146,0.7190673407197145,31.19042803649902,23382.008,6.797,6.797,0.00029069359654654124,0.01704973889965888,0.0002906935965465429,84.9625
12.5,2026-07-22|2026-07-23|2026-07-24|2026-07-27|2026-07-28,2026-07-29,gp_qvi,through,0.02,6884,3,3,5,3,2,5,0,0,0,0,1,1,1,1,1,1,0,none,0,0,1,27.9998779296875,2.296160038757324,5.008160084533692,25.703717890930175,22.991717845153808,14542.000198364258,3538.0001068115234,18080.00030517578,15.486657885548787,12.716657885548786,4.979736112594605,23390.931,2.298,2.298,9.824320374422036e-05,0.009911770969116485,9.824320374418605e-05,28.725
12.5,2026-07-22|2026-07-23|2026-07-24|2026-07-27|2026-07-28,2026-07-29,gp_qvi,touch,0.02,6884,12,12,17,6,11,17,0,0,0,6,1,7,7,7,7,7,0,none,0,0,1,45.99933624267578,9.138665999031065,19.932365997886656,36.86067024364472,26.066970244789125,50482.000160217285,21475.99983215332,71957.9999923706,6.392525674359056,3.6225256743590557,18.246070645523073,23390.931,31.772,31.772,0.0013583042077290554,0.03685517884543576,0.0013583042077290886,397.15
12.5,2026-07-23|2026-07-24|2026-07-27|2026-07-28|2026-07-29,2026-07-30,gp_qvi,through,0.02,5990,7,7,6,2,4,6,0,0,0,5,3,8,4,4,4,4,0,none,0,0,1,4.000091552734375,3.7774879825592036,8.23908796195984,0.2226035701751714,-4.238996409225464,17919.999885559082,11823.999977111816,29743.9998626709,1.3448398235620427,-1.4251601764379578,10.549479514694214,23385.652,6.047,6.047,0.00025857735332758736,0.016080340584937475,0.0002585773533275715,75.5875
12.5,2026-07-23|2026-07-24|2026-07-27|2026-07-28|2026-07-29,2026-07-30,gp_qvi,touch,0.02,5990,27,27,38,18,20,33,5,3,2,9,7,16,12,12,12,12,0,none,0,0,1,52.00023651123047,19.534632070732112,42.60703215427399,32.46560444049835,9.393204356956481,117644.00024414062,36172.000312805176,153816.0005569458,3.380677973874306,0.6106779738743062,38.13053798770904,23385.652,23.118,23.118,0.0009885548626140507,0.031441292317811155,0.0009885548626140661,288.975
6.25,2026-07-02,2026-07-03,gp_qvi,through,0.05,4888,9,9,14,8,6,14,0,0,0,1,3,4,4,4,4,4,0,none,0,0,1,99.99832153320312,26.122629825592046,56.97612961959839,73.87569170761108,43.022191913604736,158814.99862670898,46875.0,205689.99862670898,4.861603490730846,2.091603490730846,26.415777721405032,23383.259,9.354,9.354,0.0004000297819906113,0.02000074453590694,0.00040002978199060735,58.4625
6.25,2026-07-02,2026-07-03,gp_qvi,touch,0.05,4888,117,117,164,85,79,147,17,9,8,32,38,70,68,68,68,68,0,none,0,0,1,139.99786376953125,339.56370926361075,740.6232083938597,-199.5658454940795,-600.6253446243285,1889089.9963378906,784639.9978637695,2673729.99420166,0.5236050912887064,-2.246394908711293,657.9441074302672,23383.259,387.202,387.202,0.016558940736190794,0.12868154776886542,0.016558940736190797,2420.0125
6.25,2026-07-02|2026-07-03,2026-07-06,gp_qvi,through,0.05,4348,14,14,18,8,10,18,0,0,0,6,4,10,8,8,8,8,0,none,0,0,1,40.001068115234375,37.29990013565063,81.35490029586792,2.7011679795837438,-41.353832180633546,203885.00091552734,89815.00015258789,293700.00106811523,1.3619703088103594,-1.4080296911896406,97.56983490203856,23370.842,56.927,56.927,0.0024358129672863303,0.04935395594363567,0.0024358129672863438,355.79375
6.25,2026-07-02|2026-07-03,2026-07-06,gp_qvi,touch,0.05,4348,91,91,114,58,56,98,16,9,7,33,35,68,60,60,60,60,0,none,0,0,1,-40.007781982421875,241.76989970932007,527.3248993659975,-281.7776816917419,-567.3326813484193,1250319.9981689453,653379.9995422363,1903699.9977111816,-0.21015801875570325,-2.980158018755704,652.4181996749878,23370.842,325.921,325.921,0.013945625065626648,0.11809159608383082,0.013945625065626688,2037.00625
6.25,2026-07-02|2026-07-03|2026-07-06,2026-07-07,gp_qvi,through,0.02,7603,12,12,16,8,8,15,1,0,1,4,4,8,6,6,6,6,0,none,0,0,1,58.00018310546875,25.723850193786625,56.106350422668456,32.276332911682125,1.8938326828002943,146952.0004272461,55598.00109863281,202550.0015258789,2.8634995146153246,0.09349951461532464,27.708034687042232,23387.055,9.978,9.978,0.00042664627931990584,0.020655417674787065,0.00042664627931987553,62.3625
6.25,2026-07-02|2026-07-03|2026-07-06,2026-07-07,gp_qvi,touch,0.02,7603,198,198,244,113,131,229,15,7,8,85,67,152,136,136,136,136,0,none,0,0,1,-250.00152587890625,441.99174999999985,964.0292499999993,-691.9932758789062,-1214.0307758789054,2233187.9989624023,1247062.0010375977,3480250.0,-0.7183435841646614,-3.488343584164659,1278.2743172683709,23387.055,446.623,446.623,0.01909701755950033,0.13819195909856813,0.01909701755950033,2791.39375
6.25,2026-07-02|2026-07-03|2026-07-06|2026-07-07,2026-07-08,gp_qvi,through,0.02,7159,43,43,50,23,27,48,2,1,1,20,16,36,20,20,20,20,0,none,0,0,1,106.00051879882812,77.41869218215943,168.85809239730835,28.581826616668693,-62.85757359848023,436123.00033569336,173473.0010986328,609596.0014343262,1.7388650606207743,-1.0311349393792257,185.80314783248903,23385.794,43.486,43.486,0.0018595049627136884,0.043121977722661194,0.0018595049627136984,271.7875
6.25,2026-07-02|2026-07-03|2026-07-06|2026-07-07,2026-07-08,gp_qvi,touch,0.02,7159,133,133,188,97,91,177,11,8,3,36,42,78,72,72,72,72,0,none,0,0,1,89.99710083007812,285.71367808914175,623.1707781944274,-195.71657725906363,-533.1736773643493,1634606.9999694824,615107.0007324219,2249714.0007019043,0.4000379639456361,-2.369962036054363,652.0667075172423,23385.794,307.786,307.786,0.013161237972078263,0.11472243883425014,0.013161237972078244,1923.6625
6.25,2026-07-02|2026-07-03|2026-07-06|2026-07-07|2026-07-08,2026-07-09,gp_qvi,through,0.02,8023,19,19,21,10,11,18,3,1,2,9,8,17,11,11,11,11,0,none,0,0,1,56.00128173828125,37.557964286804186,81.91776462554931,18.443317451477064,-25.91648288726806,194758.00094604492,100974.00131225586,295732.0022583008,1.893649700087856,-0.8763502999121435,102.57100073776245,23386.058,18.782,18.782,0.0008031280859732752,0.02833951456841269,0.0008031280859732703,117.3875
6.25,2026-07-02|2026-07-03|2026-07-06|2026-07-07|2026-07-08,2026-07-09,gp_qvi,touch,0.02,8023,89,89,121,62,59,112,9,6,3,27,30,57,51,51,51,51,0,none,0,0,1,168.00155639648438,200.46695936050418,437.2389586051943,-32.4654029640198,-269.2374022087099,1109719.9974060059,468759.99755859375,1578479.9949645996,1.0643249007425788,-1.7056750992574226,347.8634137725832,23386.058,181.574,181.574,0.007764198652034473,0.08811469033046915,0.007764198652034482,1134.8375
6.25,2026-07-03|2026-07-06|2026-07-07|2026-07-08|2026-07-09,2026-07-10,gp_qvi,through,0.02,4649,10,10,11,6,5,10,1,1,0,4,5,9,7,7,7,7,0,none,0,0,1,0.0,21.517355596923828,46.931555120849616,-21.517355596923828,-46.931555120849616,103661.9987487793,65765.99807739258,169427.99682617188,0.0,-2.7700000000000005,119.69225506744385,23385.296,13.67,13.67,0.0005845553547836213,0.02417757958902465,0.0005845553547836335,85.4375
6.25,2026-07-03|2026-07-06|2026-07-07|2026-07-08|2026-07-09,2026-07-10,gp_qvi,touch,0.02,4649,39,39,49,21,28,41,8,5,3,18,11,29,27,27,27,27,0,none,0,0,1,-84.00039672851562,90.17406341476442,196.67886272354124,-174.17446014328004,-280.67925945205684,458757.99713134766,251273.99826049805,710031.9953918457,-1.1830508663508648,-3.953050866350864,353.43995939865107,23385.296,117.458,117.458,0.005022728812156151,0.07087121285935603,0.005022728812156152,734.1125
6.25,2026-07-06|2026-07-07|2026-07-08|2026-07-09|2026-07-10,2026-07-14,gp_qvi,through,0.02,6615,6,6,7,3,4,7,0,0,0,3,2,5,3,3,3,3,0,none,0,0,1,27.999496459960938,7.680959990310669,16.752959978866578,20.31853646965027,11.24653648109436,43157.99980163574,17322.000122070312,60479.999923706055,4.629546378188091,1.8595463781880908,19.596062936782836,23390.474,5.545,5.545,0.00023706231861739954,0.015396828199905316,0.00023706231861742033,34.65625
6.25,2026-07-06|2026-07-07|2026-07-08|2026-07-09|2026-07-10,2026-07-14,gp_qvi,touch,0.02,6615,17,17,24,11,13,23,1,1,0,6,4,10,8,8,8,8,0,none,0,0,1,67.99812316894531,24.602439912796026,53.660439809799186,43.39568325614928,14.337683359146126,146611.99951171875,47107.99980163574,193719.9993133545,3.5101240661762545,0.7401240661762551,55.08947297019957,23390.474,17.941,17.941,0.0007670216516347638,0.02769515574310359,0.0007670216516347805,112.13125
6.25,2026-07-07|2026-07-08|2026-07-09|2026-07-10|2026-07-14,2026-07-15,gp_qvi,through,0.02,5634,8,8,9,7,2,9,0,0,0,1,6,7,7,7,7,7,0,none,0,0,1,-19.99969482421875,15.653511968994138,34.14191193237305,-35.65320679321289,-54.1416067565918,69599.99923706055,53656.00051879883,123255.99975585938,-1.622614303874323,-4.392614303874323,54.1416067565918,23387.034,8.396,8.396,0.0003590023429221508,0.018947357148746385,0.0003590023429221878,52.475
6.25,2026-07-07|2026-07-08|2026-07-09|2026-07-10|2026-07-14,2026-07-15,gp_qvi,touch,0.02,5634,49,49,66,38,28,60,6,4,2,11,21,32,30,30,30,30,0,none,0,0,1,93.99795532226562,92.68790202713014,202.16180205917365,1.3100532951354893,-108.16384673690803,502715.9996032715,227110.00061035156,729826.000213623,1.2879502140887285,-1.4820497859112725,140.8884358558655,23387.034,112.695,112.695,0.004818695692664576,0.06941682571728973,0.004818695692664576,704.34375
6.25,2026-07-08|2026-07-09|2026-07-10|2026-07-14|2026-07-15,2026-07-16,gp_qvi,through,0.02,5321,11,11,19,9,10,19,0,0,0,2,1,3,3,3,3,3,0,none,0,0,1,129.998779296875,15.858997972869876,34.59009794082642,114.13978132400513,95.40868135604859,107625.99983215332,17247.999954223633,124873.99978637695,10.41039604075028,7.6403960407502804,8.422567687606815,23388.122,14.042,14.042,0.000600390232272604,0.02450286171598338,0.0006003902322726518,87.7625
6.25,2026-07-08|2026-07-09|2026-07-10|2026-07-14|2026-07-15,2026-07-16,gp_qvi,touch,0.02,5321,40,40,61,30,31,59,2,2,0,10,9,19,15,15,15,15,0,none,0,0,1,171.9970703125,55.452771910858154,120.9481718055725,116.54429840164184,51.0488985069275,349139.99977111816,87495.99952697754,436635.9992980957,3.9391408539147017,1.1691408539147023,76.41603321762084,23388.122,82.209,82.209,0.003514989360838805,0.059287345705798,0.003514989360838827,513.80625
6.25,2026-07-09|2026-07-10|2026-07-14|2026-07-15|2026-07-16,2026-07-17,gp_qvi,through,0.02,2369,7,7,12,5,7,12,0,0,0,2,0,2,2,2,2,2,0,none,0,0,1,23.999786376953125,8.42009990310669,18.365099788665773,15.579686473846435,5.634686588287352,56825.999450683594,9473.999786376953,66299.99923706055,3.6198773232470356,0.8498773232470356,35.24020960884094,23380.981,9.594,9.594,0.00041033350995837173,0.020256690498656776,0.0004103335099583383,59.9625
6.25,2026-07-09|2026-07-10|2026-07-14|2026-07-15|2026-07-16,2026-07-17,gp_qvi,touch,0.02,2369,49,49,73,38,35,72,1,1,0,11,14,25,19,19,19,19,0,none,0,0,1,67.99774169921875,54.63743175582888,119.16983146743769,13.360309943389872,-51.17208976821894,341901.99813842773,88313.99993896484,430215.9980773926,1.5805488871426505,-1.1894511128573482,129.41532867202758,23380.981,119.384,119.384,0.005106030409930191,0.07145649312644856,0.0051060304099301845,746.15
6.25,2026-07-10|2026-07-14|2026-07-15|2026-07-16|2026-07-17,2026-07-20,gp_qvi,through,0.02,5193,12,12,16,9,7,16,0,0,0,3,5,8,6,6,6,6,0,none,0,0,1,45.999908447265625,15.297150000000002,33.36465,30.702758447265623,12.635258447265628,87781.99996948242,32668.000030517578,120450.0,3.8190044372989314,1.0490044372989313,37.07693130950928,23389.585,8.122,8.122,0.00034724857238809496,0.018634606848229852,0.0003472485723881036,50.7625
6.25,2026-07-10|2026-07-14|2026-07-15|2026-07-16|2026-07-17,2026-07-20,gp_qvi,touch,0.02,5193,46,46,68,40,28,65,3,2,1,6,18,24,22,22,22,22,0,none,0,0,1,187.9985809326172,61.45174396705631,134.0325439281464,126.54683696556089,53.96603700447079,366236.00006103516,117635.99967956543,483871.9997406006,3.8852957193927637,1.1152957193927628,56.989050475311274,23389.585,71.202,71.202,0.003044175431073275,0.05517404671648868,0.0030441754310732705,445.0125
6.25,2026-07-14|2026-07-15|2026-07-16|2026-07-17|2026-07-20,2026-07-21,gp_qvi,through,0.02,3953,12,12,13,7,6,12,1,0,1,5,6,11,7,7,7,7,0,none,0,0,1,-151.99966430664062,14.551660038757326,31.738660084533695,-166.55132434539794,-183.73832439117433,74716.00036621094,39863.999938964844,114580.00030517578,-13.265811127753551,-16.03581112775355,185.19254234199525,23382.108,3643.567,3643.567,0.15582713928102632,0.394749463940138,0.15582713928102632,22772.29375
6.25,2026-07-14|2026-07-15|2026-07-16|2026-07-17|2026-07-20,2026-07-21,gp_qvi,touch,0.02,3953,20,20,21,9,12,17,4,2,2,11,8,19,9,9,9,9,0,none,0,0,1,-130.00030517578125,21.797010038757325,47.54151008453369,-151.79731521453857,-177.54181526031493,120224.00016784668,51406.0001373291,171630.00030517578,-7.574451141678456,-10.344451141678457,183.83471087646484,23382.108,3673.765,3673.765,0.15711863960255423,0.39638193652404774,0.15711863960255423,22961.03125
6.25,2026-07-15|2026-07-16|2026-07-17|2026-07-20|2026-07-21,2026-07-22,gp_qvi,through,0.02,4299,7,7,6,3,3,6,0,0,0,4,4,8,2,2,2,2,0,none,0,0,1,96.00028991699219,6.5516761104583745,14.289876240921021,89.44861380653381,81.71041367607117,39130.001068115234,12457.999801635742,51588.00086975098,18.60903471707947,15.839034717079473,15.453910666656498,23387.244,3627.595,3627.595,0.15510998217660876,0.39384004643587067,0.15510998217660876,22672.46875
6.25,2026-07-15|2026-07-16|2026-07-17|2026-07-20|2026-07-21,2026-07-22,gp_qvi,touch,0.02,4299,25,25,29,12,17,27,2,2,0,13,8,21,9,9,9,9,0,none,0,0,1,145.99952697753906,28.169870029067997,61.441370063400264,117.82965694847107,84.5581569141388,169790.00091552734,52019.99931335449,221810.00022888184,6.582188667187445,3.8121886671874456,30.129200686264042,23387.244,3715.478,3715.478,0.1588677143831056,0.39858213003483434,0.15886771438310554,23221.7375
6.25,2026-07-16|2026-07-17|2026-07-20|2026-07-21|2026-07-22,2026-07-23,gp_qvi,through,0.02,4091,4,4,2,0,2,2,0,0,0,4,2,6,2,2,2,2,0,none,0,0,1,-81.99996948242188,3.058922007751465,6.671822016906739,-85.05889149017334,-88.67179149932862,12002.000045776367,12084.000015258789,24086.000061035156,-34.044660497645836,-36.81466049764584,88.67179149932862,23383.334,3617.255,3617.255,0.1546937233159309,0.393311229582796,0.1546937233159309,22607.84375
6.25,2026-07-16|2026-07-17|2026-07-20|2026-07-21|2026-07-22,2026-07-23,gp_qvi,touch,0.02,4091,25,25,23,12,11,22,1,0,1,13,14,27,13,13,13,13,0,none,0,0,1,-84.00001525878906,27.524964141464228,60.03476430854796,-111.52497940025329,-144.034779567337,138308.00018310547,78424.00093078613,216732.0011138916,-3.8757550720277556,-6.645755072027755,153.36754683036804,23383.334,3710.327,3710.327,0.15867399405063454,0.3983390440951458,0.15867399405063454,23189.54375
6.25,2026-07-17|2026-07-20|2026-07-21|2026-07-22|2026-07-23,2026-07-24,gp_qvi,through,0.02,3774,0,0,0,0,0,0,0,0,0,0,0,0,0,0,0,0,0,none,0,0,0,0.0,0.0,0.0,0.0,0.0,0.0,0.0,0.0,,,0.0,23376.095,0.0,0.0,0.0,0.0,0.0,0.0
6.25,2026-07-17|2026-07-20|2026-07-21|2026-07-22|2026-07-23,2026-07-24,gp_qvi,touch,0.02,3774,6,6,6,2,4,5,1,0,1,4,2,6,6,6,6,6,0,none,0,0,1,-87.99972534179688,7.842503957366944,17.105303907012946,-95.84222929916382,-105.10502924880981,30844.000244140625,30907.999420166016,61751.99966430664,-14.25050618930187,-17.02050618930187,105.10502924880981,23376.095,3639.52,3639.52,0.15569409689685124,0.39458091299105086,0.1556940968968512,22747.0
6.25,2026-07-20|2026-07-21|2026-07-22|2026-07-23|2026-07-24,2026-07-27,gp_qvi,through,0.02,3683,1,1,1,1,0,1,0,0,0,0,1,1,1,1,1,1,0,none,0,0,1,0.0,1.2715240348815917,2.773324076080322,-1.2715240348815917,-2.773324076080322,5006.000137329102,5006.000137329102,10012.000274658203,0.0,-2.77,2.773324076080322,23387.273,5.224,5.224,0.0002233693513561842,0.014945546204678643,0.00022336935135613967,32.65
6.25,2026-07-20|2026-07-21|2026-07-22|2026-07-23|2026-07-24,2026-07-27,gp_qvi,touch,0.02,3683,3,3,3,2,1,3,0,0,0,1,2,3,3,3,3,3,0,none,0,0,1,-15.999984741210938,3.9329360523223875,8.578136114120483,-19.932920793533324,-24.57812085533142,15488.000106811523,15480.000305175781,30968.000411987305,-5.166618615458799,-7.936618615458799,24.57812085533142,23387.273,19.93,19.93,0.0008521728890751821,0.02919200042948722,0.0008521728890751312,124.5625
6.25,2026-07-21|2026-07-22|2026-07-23|2026-07-24|2026-07-27,2026-07-28,gp_qvi,through,0.02,4611,3,3,5,3,2,5,0,0,0,0,1,1,1,1,1,1,0,none,0,0,1,5.999755859375,3.1457900581359857,6.861290126800537,2.8539658012390143,-0.8615342674255366,20648.00033569336,4122.0001220703125,24770.000457763672,2.4221864144110237,-0.34781358558897624,11.14645491142273,23382.008,1.766,1.766,7.55281582317481e-05,0.008690693771601211,7.552815823175241e-05,11.0375
6.25,2026-07-21|2026-07-22|2026-07-23|2026-07-24|2026-07-27,2026-07-28,gp_qvi,touch,0.02,4611,9,9,15,7,8,14,1,0,1,2,1,3,3,3,3,3,0,none,0,0,1,25.999832153320312,9.463786052322387,20.641486114120482,16.536046100997925,5.35834603919983,62040.00053405762,12477.999877929688,74518.0004119873,3.4890673407197146,0.7190673407197145,31.19042803649902,23382.008,6.797,6.797,0.00029069359654654124,0.01704973889965888,0.0002906935965465429,42.48125
6.25,2026-07-22|2026-07-23|2026-07-24|2026-07-27|2026-07-28,2026-07-29,gp_qvi,through,0.02,6884,3,3,5,3,2,5,0,0,0,0,1,1,1,1,1,1,0,none,0,0,1,27.9998779296875,2.296160038757324,5.008160084533692,25.703717890930175,22.991717845153808,14542.000198364258,3538.0001068115234,18080.00030517578,15.486657885548787,12.716657885548786,4.979736112594605,23390.931,2.298,2.298,9.824320374422036e-05,0.009911770969116485,9.824320374418605e-05,14.3625
6.25,2026-07-22|2026-07-23|2026-07-24|2026-07-27|2026-07-28,2026-07-29,gp_qvi,touch,0.02,6884,12,12,17,6,11,17,0,0,0,6,1,7,7,7,7,7,0,none,0,0,1,45.99933624267578,9.138665999031065,19.932365997886656,36.86067024364472,26.066970244789125,50482.000160217285,21475.99983215332,71957.9999923706,6.392525674359056,3.6225256743590557,18.246070645523073,23390.931,31.772,31.772,0.0013583042077290554,0.03685517884543576,0.0013583042077290886,198.575
6.25,2026-07-23|2026-07-24|2026-07-27|2026-07-28|2026-07-29,2026-07-30,gp_qvi,through,0.02,5990,7,7,6,2,4,6,0,0,0,5,3,8,4,4,4,4,0,none,0,0,1,4.000091552734375,3.7774879825592036,8.23908796195984,0.2226035701751714,-4.238996409225464,17919.999885559082,11823.999977111816,29743.9998626709,1.3448398235620427,-1.4251601764379578,10.549479514694214,23385.652,6.047,6.047,0.00025857735332758736,0.016080340584937475,0.0002585773533275715,37.79375
6.25,2026-07-23|2026-07-24|2026-07-27|2026-07-28|2026-07-29,2026-07-30,gp_qvi,touch,0.02,5990,27,27,38,18,20,33,5,3,2,9,7,16,12,12,12,12,0,none,0,0,1,52.00023651123047,19.534632070732112,42.60703215427399,32.46560444049835,9.393204356956481,117644.00024414062,36172.000312805176,153816.0005569458,3.380677973874306,0.6106779738743062,38.13053798770904,23385.652,23.118,23.118,0.0009885548626140507,0.031441292317811155,0.0009885548626140661,144.4875
5.0,2026-07-02,2026-07-03,gp_qvi,through,0.05,4888,9,9,14,8,6,14,0,0,0,1,3,4,4,4,4,4,0,none,0,0,1,99.99832153320312,26.122629825592046,56.97612961959839,73.87569170761108,43.022191913604736,158814.99862670898,46875.0,205689.99862670898,4.861603490730846,2.091603490730846,26.415777721405032,23383.259,9.354,9.354,0.0004000297819906113,0.02000074453590694,0.00040002978199060735,46.77
5.0,2026-07-02,2026-07-03,gp_qvi,touch,0.05,4888,117,117,164,85,79,147,17,9,8,32,38,70,68,68,68,68,0,none,0,0,1,139.99786376953125,339.56370926361075,740.6232083938597,-199.5658454940795,-600.6253446243285,1889089.9963378906,784639.9978637695,2673729.99420166,0.5236050912887064,-2.246394908711293,657.9441074302672,23383.259,387.202,387.202,0.016558940736190794,0.12868154776886542,0.016558940736190797,1936.01
5.0,2026-07-02|2026-07-03,2026-07-06,gp_qvi,through,0.05,4348,14,14,18,8,10,18,0,0,0,6,4,10,8,8,8,8,0,none,0,0,1,40.001068115234375,37.29990013565063,81.35490029586792,2.7011679795837438,-41.353832180633546,203885.00091552734,89815.00015258789,293700.00106811523,1.3619703088103594,-1.4080296911896406,97.56983490203856,23370.842,56.927,56.927,0.0024358129672863303,0.04935395594363567,0.0024358129672863438,284.635
5.0,2026-07-02|2026-07-03,2026-07-06,gp_qvi,touch,0.05,4348,91,91,114,58,56,98,16,9,7,33,35,68,60,60,60,60,0,none,0,0,1,-40.007781982421875,241.76989970932007,527.3248993659975,-281.7776816917419,-567.3326813484193,1250319.9981689453,653379.9995422363,1903699.9977111816,-0.21015801875570325,-2.980158018755704,652.4181996749878,23370.842,325.921,325.921,0.013945625065626648,0.11809159608383082,0.013945625065626688,1629.605
5.0,2026-07-02|2026-07-03|2026-07-06,2026-07-07,gp_qvi,through,0.02,7603,12,12,16,8,8,15,1,0,1,4,4,8,6,6,6,6,0,none,0,0,1,58.00018310546875,25.723850193786625,56.106350422668456,32.276332911682125,1.8938326828002943,146952.0004272461,55598.00109863281,202550.0015258789,2.8634995146153246,0.09349951461532464,27.708034687042232,23387.055,9.978,9.978,0.00042664627931990584,0.020655417674787065,0.00042664627931987553,49.89
5.0,2026-07-02|2026-07-03|2026-07-06,2026-07-07,gp_qvi,touch,0.02,7603,198,198,244,113,131,229,15,7,8,85,67,152,136,136,136,136,0,none,0,0,1,-250.00152587890625,441.99174999999985,964.0292499999993,-691.9932758789062,-1214.0307758789054,2233187.9989624023,1247062.0010375977,3480250.0,-0.7183435841646614,-3.488343584164659,1278.2743172683709,23387.055,446.623,446.623,0.01909701755950033,0.13819195909856813,0.01909701755950033,2233.115
5.0,2026-07-02|2026-07-03|2026-07-06|2026-07-07,2026-07-08,gp_qvi,through,0.02,7159,43,43,50,23,27,48,2,1,1,20,16,36,20,20,20,20,0,none,0,0,1,106.00051879882812,77.41869218215943,168.85809239730835,28.581826616668693,-62.85757359848023,436123.00033569336,173473.0010986328,609596.0014343262,1.7388650606207743,-1.0311349393792257,185.80314783248903,23385.794,43.486,43.486,0.0018595049627136884,0.043121977722661194,0.0018595049627136984,217.43
5.0,2026-07-02|2026-07-03|2026-07-06|2026-07-07,2026-07-08,gp_qvi,touch,0.02,7159,133,133,188,97,91,177,11,8,3,36,42,78,72,72,72,72,0,none,0,0,1,89.99710083007812,285.71367808914175,623.1707781944274,-195.71657725906363,-533.1736773643493,1634606.9999694824,615107.0007324219,2249714.0007019043,0.4000379639456361,-2.369962036054363,652.0667075172423,23385.794,307.786,307.786,0.013161237972078263,0.11472243883425014,0.013161237972078244,1538.93
5.0,2026-07-02|2026-07-03|2026-07-06|2026-07-07|2026-07-08,2026-07-09,gp_qvi,through,0.02,8023,19,19,21,10,11,18,3,1,2,9,8,17,11,11,11,11,0,none,0,0,1,56.00128173828125,37.557964286804186,81.91776462554931,18.443317451477064,-25.91648288726806,194758.00094604492,100974.00131225586,295732.0022583008,1.893649700087856,-0.8763502999121435,102.57100073776245,23386.058,18.782,18.782,0.0008031280859732752,0.02833951456841269,0.0008031280859732703,93.91
5.0,2026-07-02|2026-07-03|2026-07-06|2026-07-07|2026-07-08,2026-07-09,gp_qvi,touch,0.02,8023,89,89,121,62,59,112,9,6,3,27,30,57,51,51,51,51,0,none,0,0,1,168.00155639648438,200.46695936050418,437.2389586051943,-32.4654029640198,-269.2374022087099,1109719.9974060059,468759.99755859375,1578479.9949645996,1.0643249007425788,-1.7056750992574226,347.8634137725832,23386.058,181.574,181.574,0.007764198652034473,0.08811469033046915,0.007764198652034482,907.87
5.0,2026-07-03|2026-07-06|2026-07-07|2026-07-08|2026-07-09,2026-07-10,gp_qvi,through,0.02,4649,10,10,11,6,5,10,1,1,0,4,5,9,7,7,7,7,0,none,0,0,1,0.0,21.517355596923828,46.931555120849616,-21.517355596923828,-46.931555120849616,103661.9987487793,65765.99807739258,169427.99682617188,0.0,-2.7700000000000005,119.69225506744385,23385.296,13.67,13.67,0.0005845553547836213,0.02417757958902465,0.0005845553547836335,68.35
5.0,2026-07-03|2026-07-06|2026-07-07|2026-07-08|2026-07-09,2026-07-10,gp_qvi,touch,0.02,4649,39,39,49,21,28,41,8,5,3,18,11,29,27,27,27,27,0,none,0,0,1,-84.00039672851562,90.17406341476442,196.67886272354124,-174.17446014328004,-280.67925945205684,458757.99713134766,251273.99826049805,710031.9953918457,-1.1830508663508648,-3.953050866350864,353.43995939865107,23385.296,117.458,117.458,0.005022728812156151,0.07087121285935603,0.005022728812156152,587.29
5.0,2026-07-06|2026-07-07|2026-07-08|2026-07-09|2026-07-10,2026-07-14,gp_qvi,through,0.02,6615,6,6,7,3,4,7,0,0,0,3,2,5,3,3,3,3,0,none,0,0,1,27.999496459960938,7.680959990310669,16.752959978866578,20.31853646965027,11.24653648109436,43157.99980163574,17322.000122070312,60479.999923706055,4.629546378188091,1.8595463781880908,19.596062936782836,23390.474,5.545,5.545,0.00023706231861739954,0.015396828199905316,0.00023706231861742033,27.725
5.0,2026-07-06|2026-07-07|2026-07-08|2026-07-09|2026-07-10,2026-07-14,gp_qvi,touch,0.02,6615,17,17,24,11,13,23,1,1,0,6,4,10,8,8,8,8,0,none,0,0,1,67.99812316894531,24.602439912796026,53.660439809799186,43.39568325614928,14.337683359146126,146611.99951171875,47107.99980163574,193719.9993133545,3.5101240661762545,0.7401240661762551,55.08947297019957,23390.474,17.941,17.941,0.0007670216516347638,0.02769515574310359,0.0007670216516347805,89.705
5.0,2026-07-07|2026-07-08|2026-07-09|2026-07-10|2026-07-14,2026-07-15,gp_qvi,through,0.02,5634,8,8,9,7,2,9,0,0,0,1,6,7,7,7,7,7,0,none,0,0,1,-19.99969482421875,15.653511968994138,34.14191193237305,-35.65320679321289,-54.1416067565918,69599.99923706055,53656.00051879883,123255.99975585938,-1.622614303874323,-4.392614303874323,54.1416067565918,23387.034,8.396,8.396,0.0003590023429221508,0.018947357148746385,0.0003590023429221878,41.98
5.0,2026-07-07|2026-07-08|2026-07-09|2026-07-10|2026-07-14,2026-07-15,gp_qvi,touch,0.02,5634,49,49,66,38,28,60,6,4,2,11,21,32,30,30,30,30,0,none,0,0,1,93.99795532226562,92.68790202713014,202.16180205917365,1.3100532951354893,-108.16384673690803,502715.9996032715,227110.00061035156,729826.000213623,1.2879502140887285,-1.4820497859112725,140.8884358558655,23387.034,112.695,112.695,0.004818695692664576,0.06941682571728973,0.004818695692664576,563.475
5.0,2026-07-08|2026-07-09|2026-07-10|2026-07-14|2026-07-15,2026-07-16,gp_qvi,through,0.02,5321,11,11,19,9,10,19,0,0,0,2,1,3,3,3,3,3,0,none,0,0,1,129.998779296875,15.858997972869876,34.59009794082642,114.13978132400513,95.40868135604859,107625.99983215332,17247.999954223633,124873.99978637695,10.41039604075028,7.6403960407502804,8.422567687606815,23388.122,14.042,14.042,0.000600390232272604,0.02450286171598338,0.0006003902322726518,70.21
5.0,2026-07-08|2026-07-09|2026-07-10|2026-07-14|2026-07-15,2026-07-16,gp_qvi,touch,0.02,5321,40,40,61,30,31,59,2,2,0,10,9,19,15,15,15,15,0,none,0,0,1,171.9970703125,55.452771910858154,120.9481718055725,116.54429840164184,51.0488985069275,349139.99977111816,87495.99952697754,436635.9992980957,3.9391408539147017,1.1691408539147023,76.41603321762084,23388.122,82.209,82.209,0.003514989360838805,0.059287345705798,0.003514989360838827,411.045
5.0,2026-07-09|2026-07-10|2026-07-14|2026-07-15|2026-07-16,2026-07-17,gp_qvi,through,0.02,2369,7,7,12,5,7,12,0,0,0,2,0,2,2,2,2,2,0,none,0,0,1,23.999786376953125,8.42009990310669,18.365099788665773,15.579686473846435,5.634686588287352,56825.999450683594,9473.999786376953,66299.99923706055,3.6198773232470356,0.8498773232470356,35.24020960884094,23380.981,9.594,9.594,0.00041033350995837173,0.020256690498656776,0.0004103335099583383,47.97
5.0,2026-07-09|2026-07-10|2026-07-14|2026-07-15|2026-07-16,2026-07-17,gp_qvi,touch,0.02,2369,49,49,73,38,35,72,1,1,0,11,14,25,19,19,19,19,0,none,0,0,1,67.99774169921875,54.63743175582888,119.16983146743769,13.360309943389872,-51.17208976821894,341901.99813842773,88313.99993896484,430215.9980773926,1.5805488871426505,-1.1894511128573482,129.41532867202758,23380.981,119.384,119.384,0.005106030409930191,0.07145649312644856,0.0051060304099301845,596.92
5.0,2026-07-10|2026-07-14|2026-07-15|2026-07-16|2026-07-17,2026-07-20,gp_qvi,through,0.02,5193,12,12,16,9,7,16,0,0,0,3,5,8,6,6,6,6,0,none,0,0,1,45.999908447265625,15.297150000000002,33.36465,30.702758447265623,12.635258447265628,87781.99996948242,32668.000030517578,120450.0,3.8190044372989314,1.0490044372989313,37.07693130950928,23389.585,8.122,8.122,0.00034724857238809496,0.018634606848229852,0.0003472485723881036,40.61
5.0,2026-07-10|2026-07-14|2026-07-15|2026-07-16|2026-07-17,2026-07-20,gp_qvi,touch,0.02,5193,46,46,68,40,28,65,3,2,1,6,18,24,22,22,22,22,0,none,0,0,1,187.9985809326172,61.45174396705631,134.0325439281464,126.54683696556089,53.96603700447079,366236.00006103516,117635.99967956543,483871.9997406006,3.8852957193927637,1.1152957193927628,56.989050475311274,23389.585,71.202,71.202,0.003044175431073275,0.05517404671648868,0.0030441754310732705,356.01
5.0,2026-07-14|2026-07-15|2026-07-16|2026-07-17|2026-07-20,2026-07-21,gp_qvi,through,0.02,3953,12,12,13,7,6,12,1,0,1,5,6,11,7,7,7,7,0,none,0,0,1,-151.99966430664062,14.551660038757326,31.738660084533695,-166.55132434539794,-183.73832439117433,74716.00036621094,39863.999938964844,114580.00030517578,-13.265811127753551,-16.03581112775355,185.19254234199525,23382.108,3643.567,3643.567,0.15582713928102632,0.394749463940138,0.15582713928102632,18217.835
5.0,2026-07-14|2026-07-15|2026-07-16|2026-07-17|2026-07-20,2026-07-21,gp_qvi,touch,0.02,3953,20,20,21,9,12,17,4,2,2,11,8,19,9,9,9,9,0,none,0,0,1,-130.00030517578125,21.797010038757325,47.54151008453369,-151.79731521453857,-177.54181526031493,120224.00016784668,51406.0001373291,171630.00030517578,-7.574451141678456,-10.344451141678457,183.83471087646484,23382.108,3673.765,3673.765,0.15711863960255423,0.39638193652404774,0.15711863960255423,18368.825
5.0,2026-07-15|2026-07-16|2026-07-17|2026-07-20|2026-07-21,2026-07-22,gp_qvi,through,0.02,4299,7,7,6,3,3,6,0,0,0,4,4,8,2,2,2,2,0,none,0,0,1,96.00028991699219,6.5516761104583745,14.289876240921021,89.44861380653381,81.71041367607117,39130.001068115234,12457.999801635742,51588.00086975098,18.60903471707947,15.839034717079473,15.453910666656498,23387.244,3627.595,3627.595,0.15510998217660876,0.39384004643587067,0.15510998217660876,18137.975
5.0,2026-07-15|2026-07-16|2026-07-17|2026-07-20|2026-07-21,2026-07-22,gp_qvi,touch,0.02,4299,25,25,29,12,17,27,2,2,0,13,8,21,9,9,9,9,0,none,0,0,1,145.99952697753906,28.169870029067997,61.441370063400264,117.82965694847107,84.5581569141388,169790.00091552734,52019.99931335449,221810.00022888184,6.582188667187445,3.8121886671874456,30.129200686264042,23387.244,3715.478,3715.478,0.1588677143831056,0.39858213003483434,0.15886771438310554,18577.39
5.0,2026-07-16|2026-07-17|2026-07-20|2026-07-21|2026-07-22,2026-07-23,gp_qvi,through,0.02,4091,4,4,2,0,2,2,0,0,0,4,2,6,2,2,2,2,0,none,0,0,1,-81.99996948242188,3.058922007751465,6.671822016906739,-85.05889149017334,-88.67179149932862,12002.000045776367,12084.000015258789,24086.000061035156,-34.044660497645836,-36.81466049764584,88.67179149932862,23383.334,3617.255,3617.255,0.1546937233159309,0.393311229582796,0.1546937233159309,18086.275
5.0,2026-07-16|2026-07-17|2026-07-20|2026-07-21|2026-07-22,2026-07-23,gp_qvi,touch,0.02,4091,25,25,23,12,11,22,1,0,1,13,14,27,13,13,13,13,0,none,0,0,1,-84.00001525878906,27.524964141464228,60.03476430854796,-111.52497940025329,-144.034779567337,138308.00018310547,78424.00093078613,216732.0011138916,-3.8757550720277556,-6.645755072027755,153.36754683036804,23383.334,3710.327,3710.327,0.15867399405063454,0.3983390440951458,0.15867399405063454,18551.635
5.0,2026-07-17|2026-07-20|2026-07-21|2026-07-22|2026-07-23,2026-07-24,gp_qvi,through,0.02,3774,0,0,0,0,0,0,0,0,0,0,0,0,0,0,0,0,0,none,0,0,0,0.0,0.0,0.0,0.0,0.0,0.0,0.0,0.0,,,0.0,23376.095,0.0,0.0,0.0,0.0,0.0,0.0
5.0,2026-07-17|2026-07-20|2026-07-21|2026-07-22|2026-07-23,2026-07-24,gp_qvi,touch,0.02,3774,6,6,6,2,4,5,1,0,1,4,2,6,6,6,6,6,0,none,0,0,1,-87.99972534179688,7.842503957366944,17.105303907012946,-95.84222929916382,-105.10502924880981,30844.000244140625,30907.999420166016,61751.99966430664,-14.25050618930187,-17.02050618930187,105.10502924880981,23376.095,3639.52,3639.52,0.15569409689685124,0.39458091299105086,0.1556940968968512,18197.6
5.0,2026-07-20|2026-07-21|2026-07-22|2026-07-23|2026-07-24,2026-07-27,gp_qvi,through,0.02,3683,1,1,1,1,0,1,0,0,0,0,1,1,1,1,1,1,0,none,0,0,1,0.0,1.2715240348815917,2.773324076080322,-1.2715240348815917,-2.773324076080322,5006.000137329102,5006.000137329102,10012.000274658203,0.0,-2.77,2.773324076080322,23387.273,5.224,5.224,0.0002233693513561842,0.014945546204678643,0.00022336935135613967,26.12
5.0,2026-07-20|2026-07-21|2026-07-22|2026-07-23|2026-07-24,2026-07-27,gp_qvi,touch,0.02,3683,3,3,3,2,1,3,0,0,0,1,2,3,3,3,3,3,0,none,0,0,1,-15.999984741210938,3.9329360523223875,8.578136114120483,-19.932920793533324,-24.57812085533142,15488.000106811523,15480.000305175781,30968.000411987305,-5.166618615458799,-7.936618615458799,24.57812085533142,23387.273,19.93,19.93,0.0008521728890751821,0.02919200042948722,0.0008521728890751312,99.65
5.0,2026-07-21|2026-07-22|2026-07-23|2026-07-24|2026-07-27,2026-07-28,gp_qvi,through,0.02,4611,3,3,5,3,2,5,0,0,0,0,1,1,1,1,1,1,0,none,0,0,1,5.999755859375,3.1457900581359857,6.861290126800537,2.8539658012390143,-0.8615342674255366,20648.00033569336,4122.0001220703125,24770.000457763672,2.4221864144110237,-0.34781358558897624,11.14645491142273,23382.008,1.766,1.766,7.55281582317481e-05,0.008690693771601211,7.552815823175241e-05,8.83
5.0,2026-07-21|2026-07-22|2026-07-23|2026-07-24|2026-07-27,2026-07-28,gp_qvi,touch,0.02,4611,9,9,15,7,8,14,1,0,1,2,1,3,3,3,3,3,0,none,0,0,1,25.999832153320312,9.463786052322387,20.641486114120482,16.536046100997925,5.35834603919983,62040.00053405762,12477.999877929688,74518.0004119873,3.4890673407197146,0.7190673407197145,31.19042803649902,23382.008,6.797,6.797,0.00029069359654654124,0.01704973889965888,0.0002906935965465429,33.985
5.0,2026-07-22|2026-07-23|2026-07-24|2026-07-27|2026-07-28,2026-07-29,gp_qvi,through,0.02,6884,3,3,5,3,2,5,0,0,0,0,1,1,1,1,1,1,0,none,0,0,1,27.9998779296875,2.296160038757324,5.008160084533692,25.703717890930175,22.991717845153808,14542.000198364258,3538.0001068115234,18080.00030517578,15.486657885548787,12.716657885548786,4.979736112594605,23390.931,2.298,2.298,9.824320374422036e-05,0.009911770969116485,9.824320374418605e-05,11.49
5.0,2026-07-22|2026-07-23|2026-07-24|2026-07-27|2026-07-28,2026-07-29,gp_qvi,touch,0.02,6884,12,12,17,6,11,17,0,0,0,6,1,7,7,7,7,7,0,none,0,0,1,45.99933624267578,9.138665999031065,19.932365997886656,36.86067024364472,26.066970244789125,50482.000160217285,21475.99983215332,71957.9999923706,6.392525674359056,3.6225256743590557,18.246070645523073,23390.931,31.772,31.772,0.0013583042077290554,0.03685517884543576,0.0013583042077290886,158.86
5.0,2026-07-23|2026-07-24|2026-07-27|2026-07-28|2026-07-29,2026-07-30,gp_qvi,through,0.02,5990,7,7,6,2,4,6,0,0,0,5,3,8,4,4,4,4,0,none,0,0,1,4.000091552734375,3.7774879825592036,8.23908796195984,0.2226035701751714,-4.238996409225464,17919.999885559082,11823.999977111816,29743.9998626709,1.3448398235620427,-1.4251601764379578,10.549479514694214,23385.652,6.047,6.047,0.00025857735332758736,0.016080340584937475,0.0002585773533275715,30.235
5.0,2026-07-23|2026-07-24|2026-07-27|2026-07-28|2026-07-29,2026-07-30,gp_qvi,touch,0.02,5990,27,27,38,18,20,33,5,3,2,9,7,16,12,12,12,12,0,none,0,0,1,52.00023651123047,19.534632070732112,42.60703215427399,32.46560444049835,9.393204356956481,117644.00024414062,36172.000312805176,153816.0005569458,3.380677973874306,0.6106779738743062,38.13053798770904,23385.652,23.118,23.118,0.0009885548626140507,0.031441292317811155,0.0009885548626140661,115.59
3.125,2026-07-02,2026-07-03,gp_qvi,through,0.05,4888,9,9,14,8,6,14,0,0,0,1,3,4,4,4,4,4,0,none,0,0,1,104.99832153320312,26.12199482559205,56.97474461959839,78.87632670761107,48.023576913604735,158809.99862670898,46875.0,205684.99862670898,5.104811835293889,2.3348118352938885,26.415777721405032,23383.259,10.668,10.668,0.0004562238309039814,0.02135939678230594,0.0004562238309039346,33.3375
3.125,2026-07-02,2026-07-03,gp_qvi,touch,0.05,4888,112,117,160,81,79,143,17,9,8,31,38,69,62,62,62,62,0,none,0,0,1,174.99771118164062,324.89965405044546,708.6394029289245,-149.90194286880484,-533.6416917472839,1843089.9955749512,715174.9969482422,2558264.9925231934,0.6840484144257549,-2.0859515855742448,590.9604545532226,23383.259,385.668,385.668,0.016493338246820085,0.12842639232969244,0.01649333824682009,1205.2125
3.125,2026-07-02|2026-07-03,2026-07-06,gp_qvi,through,0.05,4348,13,14,17,7,10,17,0,0,0,6,4,10,7,7,7,7,0,none,0,0,1,40.001068115234375,34.53638005813598,75.32738012680053,5.4646880570983924,-35.32631201156616,193005.00061035156,78934.99984741211,271940.0004577637,1.4709519764617023,-1.2990480235382975,91.54231473297119,23370.842,58.408,58.408,0.0024991825283830166,0.04999182461546104,0.0024991825283829927,182.525
3.125,2026-07-02|2026-07-03,2026-07-06,gp_qvi,touch,0.05,4348,91,91,114,58,56,98,16,9,7,33,35,68,58,58,58,58,0,none,0,0,1,14.99176025390625,238.99939468994143,521.2821443237307,-224.00763443603518,-506.2903840698244,1250319.9981689453,631564.9993896484,1881884.9975585938,0.07966353030793781,-2.6903364696920637,591.3759023963929,23370.842,327.728,327.728,0.014022943632069396,0.11841851051279692,0.014022943632069351,1024.15
3.125,2026-07-02|2026-07-03|2026-07-06,2026-07-07,gp_qvi,through,0.02,7603,12,12,16,8,8,15,1,0,1,4,4,8,6,6,6,6,0,none,0,0,1,58.00018310546875,25.723850193786625,56.106350422668456,32.276332911682125,1.8938326828002943,146952.0004272461,55598.00109863281,202550.0015258789,2.8634995146153246,0.09349951461532464,27.708034687042232,23387.055,9.978,9.978,0.00042664627931990584,0.020655417674787065,0.00042664627931987553,31.18125
3.125,2026-07-02|2026-07-03|2026-07-06,2026-07-07,gp_qvi,touch,0.02,7603,198,198,244,113,131,229,15,7,8,85,67,152,136,136,136,136,0,none,0,0,1,-250.00152587890625,441.99174999999985,964.0292499999993,-691.9932758789062,-1214.0307758789054,2233187.9989624023,1247062.0010375977,3480250.0,-0.7183435841646614,-3.488343584164659,1278.2743172683709,23387.055,446.623,446.623,0.01909701755950033,0.13819195909856813,0.01909701755950033,1395.696875
3.125,2026-07-02|2026-07-03|2026-07-06|2026-07-07,2026-07-08,gp_qvi,through,0.02,7159,43,43,50,23,27,48,2,1,1,20,16,36,20,20,20,20,0,none,0,0,1,106.00051879882812,77.41869218215943,168.85809239730835,28.581826616668693,-62.85757359848023,436123.00033569336,173473.0010986328,609596.0014343262,1.7388650606207743,-1.0311349393792257,185.80314783248903,23385.794,43.486,43.486,0.0018595049627136884,0.043121977722661194,0.0018595049627136984,135.89375
3.125,2026-07-02|2026-07-03|2026-07-06|2026-07-07,2026-07-08,gp_qvi,touch,0.02,7159,133,133,188,97,91,177,11,8,3,36,42,78,72,72,72,72,0,none,0,0,1,89.99710083007812,285.71367808914175,623.1707781944274,-195.71657725906363,-533.1736773643493,1634606.9999694824,615107.0007324219,2249714.0007019043,0.4000379639456361,-2.369962036054363,652.0667075172423,23385.794,307.786,307.786,0.013161237972078263,0.11472243883425014,0.013161237972078244,961.83125
3.125,2026-07-02|2026-07-03|2026-07-06|2026-07-07|2026-07-08,2026-07-09,gp_qvi,through,0.02,8023,19,19,21,10,11,18,3,1,2,9,8,17,11,11,11,11,0,none,0,0,1,56.00128173828125,37.557964286804186,81.91776462554931,18.443317451477064,-25.91648288726806,194758.00094604492,100974.00131225586,295732.0022583008,1.893649700087856,-0.8763502999121435,102.57100073776245,23386.058,18.782,18.782,0.0008031280859732752,0.02833951456841269,0.0008031280859732703,58.69375
3.125,2026-07-02|2026-07-03|2026-07-06|2026-07-07|2026-07-08,2026-07-09,gp_qvi,touch,0.02,8023,89,89,121,62,59,112,9,6,3,27,30,57,51,51,51,51,0,none,0,0,1,168.00155639648438,200.46695936050418,437.2389586051943,-32.4654029640198,-269.2374022087099,1109719.9974060059,468759.99755859375,1578479.9949645996,1.0643249007425788,-1.7056750992574226,347.8634137725832,23386.058,181.574,181.574,0.007764198652034473,0.08811469033046915,0.007764198652034482,567.41875
3.125,2026-07-03|2026-07-06|2026-07-07|2026-07-08|2026-07-09,2026-07-10,gp_qvi,through,0.02,4649,10,10,11,6,5,10,1,1,0,4,5,9,7,7,7,7,0,none,0,0,1,0.0,21.517355596923828,46.931555120849616,-21.517355596923828,-46.931555120849616,103661.9987487793,65765.99807739258,169427.99682617188,0.0,-2.7700000000000005,119.69225506744385,23385.296,13.67,13.67,0.0005845553547836213,0.02417757958902465,0.0005845553547836335,42.71875
3.125,2026-07-03|2026-07-06|2026-07-07|2026-07-08|2026-07-09,2026-07-10,gp_qvi,touch,0.02,4649,39,39,49,21,28,41,8,5,3,18,11,29,27,27,27,27,0,none,0,0,1,-84.00039672851562,90.17406341476442,196.67886272354124,-174.17446014328004,-280.67925945205684,458757.99713134766,251273.99826049805,710031.9953918457,-1.1830508663508648,-3.953050866350864,353.43995939865107,23385.296,117.458,117.458,0.005022728812156151,0.07087121285935603,0.005022728812156152,367.05625
3.125,2026-07-06|2026-07-07|2026-07-08|2026-07-09|2026-07-10,2026-07-14,gp_qvi,through,0.02,6615,6,6,7,3,4,7,0,0,0,3,2,5,3,3,3,3,0,none,0,0,1,27.999496459960938,7.680959990310669,16.752959978866578,20.31853646965027,11.24653648109436,43157.99980163574,17322.000122070312,60479.999923706055,4.629546378188091,1.8595463781880908,19.596062936782836,23390.474,5.545,5.545,0.00023706231861739954,0.015396828199905316,0.00023706231861742033,17.328125
3.125,2026-07-06|2026-07-07|2026-07-08|2026-07-09|2026-07-10,2026-07-14,gp_qvi,touch,0.02,6615,17,17,24,11,13,23,1,1,0,6,4,10,8,8,8,8,0,none,0,0,1,67.99812316894531,24.602439912796026,53.660439809799186,43.39568325614928,14.337683359146126,146611.99951171875,47107.99980163574,193719.9993133545,3.5101240661762545,0.7401240661762551,55.08947297019957,23390.474,17.941,17.941,0.0007670216516347638,0.02769515574310359,0.0007670216516347805,56.065625
3.125,2026-07-07|2026-07-08|2026-07-09|2026-07-10|2026-07-14,2026-07-15,gp_qvi,through,0.02,5634,8,8,9,7,2,9,0,0,0,1,6,7,7,7,7,7,0,none,0,0,1,-19.99969482421875,15.653511968994138,34.14191193237305,-35.65320679321289,-54.1416067565918,69599.99923706055,53656.00051879883,123255.99975585938,-1.622614303874323,-4.392614303874323,54.1416067565918,23387.034,8.396,8.396,0.0003590023429221508,0.018947357148746385,0.0003590023429221878,26.2375
3.125,2026-07-07|2026-07-08|2026-07-09|2026-07-10|2026-07-14,2026-07-15,gp_qvi,touch,0.02,5634,49,49,66,38,28,60,6,4,2,11,21,32,30,30,30,30,0,none,0,0,1,93.99795532226562,92.68790202713014,202.16180205917365,1.3100532951354893,-108.16384673690803,502715.9996032715,227110.00061035156,729826.000213623,1.2879502140887285,-1.4820497859112725,140.8884358558655,23387.034,112.695,112.695,0.004818695692664576,0.06941682571728973,0.004818695692664576,352.171875
3.125,2026-07-08|2026-07-09|2026-07-10|2026-07-14|2026-07-15,2026-07-16,gp_qvi,through,0.02,5321,11,11,19,9,10,19,0,0,0,2,1,3,3,3,3,3,0,none,0,0,1,129.998779296875,15.858997972869876,34.59009794082642,114.13978132400513,95.40868135604859,107625.99983215332,17247.999954223633,124873.99978637695,10.41039604075028,7.6403960407502804,8.422567687606815,23388.122,14.042,14.042,0.000600390232272604,0.02450286171598338,0.0006003902322726518,43.88125
3.125,2026-07-08|2026-07-09|2026-07-10|2026-07-14|2026-07-15,2026-07-16,gp_qvi,touch,0.02,5321,40,40,61,30,31,59,2,2,0,10,9,19,15,15,15,15,0,none,0,0,1,171.9970703125,55.452771910858154,120.9481718055725,116.54429840164184,51.0488985069275,349139.99977111816,87495.99952697754,436635.9992980957,3.9391408539147017,1.1691408539147023,76.41603321762084,23388.122,82.209,82.209,0.003514989360838805,0.059287345705798,0.003514989360838827,256.903125
3.125,2026-07-09|2026-07-10|2026-07-14|2026-07-15|2026-07-16,2026-07-17,gp_qvi,through,0.02,2369,7,7,12,5,7,12,0,0,0,2,0,2,2,2,2,2,0,none,0,0,1,23.999786376953125,8.42009990310669,18.365099788665773,15.579686473846435,5.634686588287352,56825.999450683594,9473.999786376953,66299.99923706055,3.6198773232470356,0.8498773232470356,35.24020960884094,23380.981,9.594,9.594,0.00041033350995837173,0.020256690498656776,0.0004103335099583383,29.98125
3.125,2026-07-09|2026-07-10|2026-07-14|2026-07-15|2026-07-16,2026-07-17,gp_qvi,touch,0.02,2369,49,49,73,38,35,72,1,1,0,11,14,25,19,19,19,19,0,none,0,0,1,67.99774169921875,54.63743175582888,119.16983146743769,13.360309943389872,-51.17208976821894,341901.99813842773,88313.99993896484,430215.9980773926,1.5805488871426505,-1.1894511128573482,129.41532867202758,23380.981,119.384,119.384,0.005106030409930191,0.07145649312644856,0.0051060304099301845,373.075
3.125,2026-07-10|2026-07-14|2026-07-15|2026-07-16|2026-07-17,2026-07-20,gp_qvi,through,0.02,5193,12,12,16,9,7,16,0,0,0,3,5,8,6,6,6,6,0,none,0,0,1,45.999908447265625,15.297150000000002,33.36465,30.702758447265623,12.635258447265628,87781.99996948242,32668.000030517578,120450.0,3.8190044372989314,1.0490044372989313,37.07693130950928,23389.585,8.122,8.122,0.00034724857238809496,0.018634606848229852,0.0003472485723881036,25.38125
3.125,2026-07-10|2026-07-14|2026-07-15|2026-07-16|2026-07-17,2026-07-20,gp_qvi,touch,0.02,5193,46,46,68,40,28,65,3,2,1,6,18,24,22,22,22,22,0,none,0,0,1,187.9985809326172,61.45174396705631,134.0325439281464,126.54683696556089,53.96603700447079,366236.00006103516,117635.99967956543,483871.9997406006,3.8852957193927637,1.1152957193927628,56.989050475311274,23389.585,71.202,71.202,0.003044175431073275,0.05517404671648868,0.0030441754310732705,222.50625
3.125,2026-07-14|2026-07-15|2026-07-16|2026-07-17|2026-07-20,2026-07-21,gp_qvi,through,0.02,3953,12,12,13,7,6,12,1,0,1,5,6,11,7,7,7,7,0,none,0,0,1,-151.99966430664062,14.551660038757326,31.738660084533695,-166.55132434539794,-183.73832439117433,74716.00036621094,39863.999938964844,114580.00030517578,-13.265811127753551,-16.03581112775355,185.19254234199525,23382.108,3643.567,3643.567,0.15582713928102632,0.394749463940138,0.15582713928102632,11386.146875
3.125,2026-07-14|2026-07-15|2026-07-16|2026-07-17|2026-07-20,2026-07-21,gp_qvi,touch,0.02,3953,20,20,21,9,12,17,4,2,2,11,8,19,9,9,9,9,0,none,0,0,1,-130.00030517578125,21.797010038757325,47.54151008453369,-151.79731521453857,-177.54181526031493,120224.00016784668,51406.0001373291,171630.00030517578,-7.574451141678456,-10.344451141678457,183.83471087646484,23382.108,3673.765,3673.765,0.15711863960255423,0.39638193652404774,0.15711863960255423,11480.515625
3.125,2026-07-15|2026-07-16|2026-07-17|2026-07-20|2026-07-21,2026-07-22,gp_qvi,through,0.02,4299,7,7,6,3,3,6,0,0,0,4,4,8,2,2,2,2,0,none,0,0,1,96.00028991699219,6.5516761104583745,14.289876240921021,89.44861380653381,81.71041367607117,39130.001068115234,12457.999801635742,51588.00086975098,18.60903471707947,15.839034717079473,15.453910666656498,23387.244,3627.595,3627.595,0.15510998217660876,0.39384004643587067,0.15510998217660876,11336.234375
3.125,2026-07-15|2026-07-16|2026-07-17|2026-07-20|2026-07-21,2026-07-22,gp_qvi,touch,0.02,4299,25,25,29,12,17,27,2,2,0,13,8,21,9,9,9,9,0,none,0,0,1,145.99952697753906,28.169870029067997,61.441370063400264,117.82965694847107,84.5581569141388,169790.00091552734,52019.99931335449,221810.00022888184,6.582188667187445,3.8121886671874456,30.129200686264042,23387.244,3715.478,3715.478,0.1588677143831056,0.39858213003483434,0.15886771438310554,11610.86875
3.125,2026-07-16|2026-07-17|2026-07-20|2026-07-21|2026-07-22,2026-07-23,gp_qvi,through,0.02,4091,4,4,2,0,2,2,0,0,0,4,2,6,2,2,2,2,0,none,0,0,1,-81.99996948242188,3.058922007751465,6.671822016906739,-85.05889149017334,-88.67179149932862,12002.000045776367,12084.000015258789,24086.000061035156,-34.044660497645836,-36.81466049764584,88.67179149932862,23383.334,3617.255,3617.255,0.1546937233159309,0.393311229582796,0.1546937233159309,11303.921875
3.125,2026-07-16|2026-07-17|2026-07-20|2026-07-21|2026-07-22,2026-07-23,gp_qvi,touch,0.02,4091,25,25,23,12,11,22,1,0,1,13,14,27,13,13,13,13,0,none,0,0,1,-84.00001525878906,27.524964141464228,60.03476430854796,-111.52497940025329,-144.034779567337,138308.00018310547,78424.00093078613,216732.0011138916,-3.8757550720277556,-6.645755072027755,153.36754683036804,23383.334,3710.327,3710.327,0.15867399405063454,0.3983390440951458,0.15867399405063454,11594.771875
3.125,2026-07-17|2026-07-20|2026-07-21|2026-07-22|2026-07-23,2026-07-24,gp_qvi,through,0.02,3774,0,0,0,0,0,0,0,0,0,0,0,0,0,0,0,0,0,none,0,0,0,0.0,0.0,0.0,0.0,0.0,0.0,0.0,0.0,,,0.0,23376.095,0.0,0.0,0.0,0.0,0.0,0.0
3.125,2026-07-17|2026-07-20|2026-07-21|2026-07-22|2026-07-23,2026-07-24,gp_qvi,touch,0.02,3774,6,6,6,2,4,5,1,0,1,4,2,6,6,6,6,6,0,none,0,0,1,-87.99972534179688,7.842503957366944,17.105303907012946,-95.84222929916382,-105.10502924880981,30844.000244140625,30907.999420166016,61751.99966430664,-14.25050618930187,-17.02050618930187,105.10502924880981,23376.095,3639.52,3639.52,0.15569409689685124,0.39458091299105086,0.1556940968968512,11373.5
3.125,2026-07-20|2026-07-21|2026-07-22|2026-07-23|2026-07-24,2026-07-27,gp_qvi,through,0.02,3683,1,1,1,1,0,1,0,0,0,0,1,1,1,1,1,1,0,none,0,0,1,0.0,1.2715240348815917,2.773324076080322,-1.2715240348815917,-2.773324076080322,5006.000137329102,5006.000137329102,10012.000274658203,0.0,-2.77,2.773324076080322,23387.273,5.224,5.224,0.0002233693513561842,0.014945546204678643,0.00022336935135613967,16.325
3.125,2026-07-20|2026-07-21|2026-07-22|2026-07-23|2026-07-24,2026-07-27,gp_qvi,touch,0.02,3683,3,3,3,2,1,3,0,0,0,1,2,3,3,3,3,3,0,none,0,0,1,-15.999984741210938,3.9329360523223875,8.578136114120483,-19.932920793533324,-24.57812085533142,15488.000106811523,15480.000305175781,30968.000411987305,-5.166618615458799,-7.936618615458799,24.57812085533142,23387.273,19.93,19.93,0.0008521728890751821,0.02919200042948722,0.0008521728890751312,62.28125
3.125,2026-07-21|2026-07-22|2026-07-23|2026-07-24|2026-07-27,2026-07-28,gp_qvi,through,0.02,4611,3,3,5,3,2,5,0,0,0,0,1,1,1,1,1,1,0,none,0,0,1,5.999755859375,3.1457900581359857,6.861290126800537,2.8539658012390143,-0.8615342674255366,20648.00033569336,4122.0001220703125,24770.000457763672,2.4221864144110237,-0.34781358558897624,11.14645491142273,23382.008,1.766,1.766,7.55281582317481e-05,0.008690693771601211,7.552815823175241e-05,5.51875
3.125,2026-07-21|2026-07-22|2026-07-23|2026-07-24|2026-07-27,2026-07-28,gp_qvi,touch,0.02,4611,9,9,15,7,8,14,1,0,1,2,1,3,3,3,3,3,0,none,0,0,1,25.999832153320312,9.463786052322387,20.641486114120482,16.536046100997925,5.35834603919983,62040.00053405762,12477.999877929688,74518.0004119873,3.4890673407197146,0.7190673407197145,31.19042803649902,23382.008,6.797,6.797,0.00029069359654654124,0.01704973889965888,0.0002906935965465429,21.240625
3.125,2026-07-22|2026-07-23|2026-07-24|2026-07-27|2026-07-28,2026-07-29,gp_qvi,through,0.02,6884,3,3,5,3,2,5,0,0,0,0,1,1,1,1,1,1,0,none,0,0,1,27.9998779296875,2.296160038757324,5.008160084533692,25.703717890930175,22.991717845153808,14542.000198364258,3538.0001068115234,18080.00030517578,15.486657885548787,12.716657885548786,4.979736112594605,23390.931,2.298,2.298,9.824320374422036e-05,0.009911770969116485,9.824320374418605e-05,7.18125
3.125,2026-07-22|2026-07-23|2026-07-24|2026-07-27|2026-07-28,2026-07-29,gp_qvi,touch,0.02,6884,12,12,17,6,11,17,0,0,0,6,1,7,7,7,7,7,0,none,0,0,1,45.99933624267578,9.138665999031065,19.932365997886656,36.86067024364472,26.066970244789125,50482.000160217285,21475.99983215332,71957.9999923706,6.392525674359056,3.6225256743590557,18.246070645523073,23390.931,31.772,31.772,0.0013583042077290554,0.03685517884543576,0.0013583042077290886,99.2875
3.125,2026-07-23|2026-07-24|2026-07-27|2026-07-28|2026-07-29,2026-07-30,gp_qvi,through,0.02,5990,7,7,6,2,4,6,0,0,0,5,3,8,4,4,4,4,0,none,0,0,1,4.000091552734375,3.7774879825592036,8.23908796195984,0.2226035701751714,-4.238996409225464,17919.999885559082,11823.999977111816,29743.9998626709,1.3448398235620427,-1.4251601764379578,10.549479514694214,23385.652,6.047,6.047,0.00025857735332758736,0.016080340584937475,0.0002585773533275715,18.896875
3.125,2026-07-23|2026-07-24|2026-07-27|2026-07-28|2026-07-29,2026-07-30,gp_qvi,touch,0.02,5990,27,27,38,18,20,33,5,3,2,9,7,16,12,12,12,12,0,none,0,0,1,52.00023651123047,19.534632070732112,42.60703215427399,32.46560444049835,9.393204356956481,117644.00024414062,36172.000312805176,153816.0005569458,3.380677973874306,0.6106779738743062,38.13053798770904,23385.652,23.118,23.118,0.0009885548626140507,0.031441292317811155,0.0009885548626140661,72.24375
1.5625,2026-07-02,2026-07-03,gp_qvi,through,0.05,4888,98,115,111,52,59,108,3,3,0,46,56,102,51,51,51,51,0,none,0,0,1,-290.0025939941406,237.08359932174687,517.1035985206605,-527.0861933158875,-807.1061925148011,1278539.9963378906,588259.9983215332,1866799.9946594238,-1.5534743669583535,-4.3234743669583535,830.5509848846436,23383.259,255.051,255.051,0.010907418850383516,0.1044385888950225,0.010907418850383488,398.5171875
1.5625,2026-07-02,2026-07-03,gp_qvi,touch,0.05,4888,1824,1777,2609,1285,1324,2121,488,262,226,539,453,992,529,529,529,529,0,none,0,0,1,-805.0788879394531,4556.143412345139,9937.415159209477,-5361.222300284592,-10742.49404714893,29821619.982910156,6053524.996185303,35875144.97909546,-0.2244113266743799,-2.9944113266743893,10878.406191706123,23383.259,7982.41,7982.41,0.341372859959341,0.5842712212314937,0.34137285995934097,12472.515625
1.5625,2026-07-02|2026-07-03,2026-07-06,gp_qvi,through,0.05,4348,13,13,15,7,8,15,0,0,0,6,5,11,3,3,3,3,0,none,0,0,1,50.000457763671875,25.78861998062133,56.247619957733164,24.211837783050544,-6.247162194061289,169630.00030517578,33429.99954223633,203059.9998474121,2.46234895111023,-0.3076510488897701,62.46316491546631,23370.842,69.456,69.456,0.002971908329190707,0.05451521190631755,0.002971908329190698,108.525
1.5625,2026-07-02|2026-07-03,2026-07-06,gp_qvi,touch,0.05,4348,1542,1561,2125,1049,1076,1525,600,313,287,493,485,978,521,521,521,521,0,none,0,0,2,-920.0729370117188,3655.136199806215,7972.226199577342,-4575.2091368179335,-8892.299136589061,23113694.998168945,5666905.000305176,28780599.99847412,-0.31968511325702,-3.089685113257024,9285.05902882539,23370.842,8408.359,8418.225,0.3597798915417767,0.6001683443010927,0.3595688165621076,13153.4765625
1.5625,2026-07-02|2026-07-03|2026-07-06,2026-07-07,gp_qvi,through,0.02,7603,12,12,16,8,8,15,1,0,1,4,4,8,4,4,4,4,0,none,0,0,1,63.999603271484375,23.38222417440796,50.99902438040162,40.617379097076416,13.000578891082753,146850.00033569336,37262.001037597656,184112.00137329102,3.4761233811001713,0.7061233811001707,24.598492805389412,23387.055,8.39,8.39,0.00035874546837983665,0.018940577297955747,0.0003587454683798841,13.109375
1.5625,2026-07-02|2026-07-03|2026-07-06,2026-07-07,gp_qvi,touch,0.02,7603,210,197,257,125,132,241,16,8,8,85,65,150,93,93,93,93,0,none,0,0,1,-82.00241088867188,406.8980938410949,887.4863936534113,-488.9005047297668,-969.4888045420831,2352027.9985046387,851894.0002441406,3203921.9987487793,-0.255943842954654,-3.0259438429546517,1059.1103877651362,23387.055,474.151,474.151,0.02027407897232037,0.1423870744566387,0.020274078972320364,740.8609375
1.5625,2026-07-02|2026-07-03|2026-07-06|2026-07-07,2026-07-08,gp_qvi,through,0.02,7159,48,45,55,26,29,52,3,2,1,22,16,38,11,11,11,11,0,none,0,0,1,98.00051879882812,72.95540423641965,159.12320451565552,25.04511456240847,-61.12268571682739,477757.0014038086,96695.00045776367,574452.0018615723,1.7059827188563557,-1.0640172811436444,197.76839938793947,23385.794,59.731,59.731,0.0025541574513142464,0.0505386728289757,0.002554157451314265,93.3296875
1.5625,2026-07-02|2026-07-03|2026-07-06|2026-07-07,2026-07-08,gp_qvi,touch,0.02,7159,155,156,222,110,112,210,12,8,4,45,44,89,26,26,26,26,0,none,0,0,1,317.9958801269531,272.3903622054136,594.1112624480282,45.6055179215395,-276.1153823210751,1919485.000946045,225321.00067138672,2144806.0016174316,1.4826323680889903,-1.2873676319110081,443.68611959219334,23385.794,449.286,449.286,0.01921191985185536,0.13860706999231806,0.01921191985185533,702.009375
1.5625,2026-07-02|2026-07-03|2026-07-06|2026-07-07|2026-07-08,2026-07-09,gp_qvi,through,0.02,8023,28,27,29,16,13,26,3,1,2,12,14,26,11,11,11,11,0,none,0,0,1,106.00137329101562,47.317914275177,103.20521460018921,58.68345901583862,2.7961586908264167,270182.00064086914,102400.0015258789,372582.00216674805,2.8450481417396807,0.0750481417396808,102.28488805151366,23386.058,79.305,79.305,0.0033911230357848254,0.05823334985886374,0.0033911230357848154,123.9140625
1.5625,2026-07-02|2026-07-03|2026-07-06|2026-07-07|2026-07-08,2026-07-09,gp_qvi,touch,0.02,8023,110,110,145,76,69,136,9,5,4,34,41,75,31,31,31,31,0,none,0,0,1,306.00128173828125,205.9769816589355,449.25688125610384,100.02430007934575,-143.2555995178226,1337089.99710083,284776.00021362305,1621865.9973144531,1.8867235779341187,-0.8832764220658834,279.27270327072165,23386.058,309.839,309.839,0.013248876745281312,0.11510376512209021,0.013248876745281302,484.1234375
1.5625,2026-07-03|2026-07-06|2026-07-07|2026-07-08|2026-07-09,2026-07-10,gp_qvi,through,0.02,4649,9,12,12,5,7,11,1,0,1,4,5,9,2,2,2,2,0,none,0,0,1,21.999786376953125,16.797273895355225,36.63657377175903,5.2025124815979,-14.636787394805907,113191.99948120117,19069.99969482422,132261.9991760254,1.6633489977475662,-1.1066510022524336,88.87410893640137,23385.296,14.945,14.945,0.0006390767942385677,0.025279968240458053,0.00063907679423858,23.3515625
1.5625,2026-07-03|2026-07-06|2026-07-07|2026-07-08|2026-07-09,2026-07-10,gp_qvi,touch,0.02,4649,44,45,56,26,30,48,8,5,3,18,15,33,14,14,14,14,0,none,0,0,1,17.999267578125,82.76310579071043,180.5148055435181,-64.76383821258543,-162.5155379653931,521565.9980773926,130112.0002746582,651677.9983520508,0.2761987917904419,-2.4938012082095584,242.3953659484863,23385.296,164.882,164.882,0.007050669788400369,0.08396826655588627,0.00705066978840041,257.628125
1.5625,2026-07-06|2026-07-07|2026-07-08|2026-07-09|2026-07-10,2026-07-14,gp_qvi,through,0.02,6615,6,7,7,3,4,7,0,0,0,3,3,6,3,3,3,3,0,none,0,0,1,9.999465942382812,7.678673986434937,16.74797397041321,2.3207919559478754,-6.748508028030397,43157.99980163574,17304.000091552734,60461.99989318848,1.6538430683814236,-1.1161569316185769,37.591107445907596,23390.474,7.234,7.234,0.00030927120160113044,0.017586108199403597,0.00030927120160118005,11.303125
1.5625,2026-07-06|2026-07-07|2026-07-08|2026-07-09|2026-07-10,2026-07-14,gp_qvi,touch,0.02,6615,18,16,25,12,13,24,1,1,0,6,3,9,3,3,3,3,0,none,0,0,1,93.99795532226562,21.594825965118407,47.100525923919676,72.40312935714722,46.89742939834595,152791.99981689453,17245.999908447266,170037.9997253418,5.5280558154117445,2.7580558154117445,22.52972693099975,23390.474,16.498,16.498,0.0007053298706131394,0.02655804719125899,0.0007053298706131139,25.778125
1.5625,2026-07-07|2026-07-08|2026-07-09|2026-07-10|2026-07-14,2026-07-15,gp_qvi,through,0.02,5634,8,7,9,7,2,9,0,0,0,1,5,6,5,5,5,5,0,none,0,0,1,-11.99951171875,13.631163899230955,29.730963780212402,-25.630675617980955,-41.730475498962406,69599.99923706055,37731.99996948242,107331.99920654297,-1.1179808265435263,-3.8879808265435263,50.91138009262085,23387.034,9.928,9.928,0.0004245087256468691,0.02060360952956712,0.00042450872564692155,15.5125
1.5625,2026-07-07|2026-07-08|2026-07-09|2026-07-10|2026-07-14,2026-07-15,gp_qvi,touch,0.02,5634,65,67,87,49,38,80,7,4,3,16,29,45,25,25,25,25,0,none,0,0,1,163.99993896484375,107.1011318527222,233.598531678772,56.898807112121546,-69.59859271392824,655851.9989013672,187463.99993896484,843315.998840332,1.9447032807436924,-0.825296719256308,120.70971800994874,23387.034,179.304,179.304,0.007666812302919644,0.08756033521475146,0.007666812302919657,280.1625
1.5625,2026-07-08|2026-07-09|2026-07-10|2026-07-14|2026-07-15,2026-07-16,gp_qvi,through,0.02,5321,11,11,19,9,10,19,0,0,0,2,1,3,3,3,3,3,0,none,0,0,1,129.998779296875,15.858997972869876,34.59009794082642,114.13978132400513,95.40868135604859,107625.99983215332,17247.999954223633,124873.99978637695,10.41039604075028,7.6403960407502804,8.422567687606815,23388.122,14.042,14.042,0.000600390232272604,0.02450286171598338,0.0006003902322726518,21.940625
1.5625,2026-07-08|2026-07-09|2026-07-10|2026-07-14|2026-07-15,2026-07-16,gp_qvi,touch,0.02,5321,39,40,60,30,30,58,2,2,0,9,10,19,10,10,10,10,0,none,0,0,1,193.99757385253906,51.0303780406952,111.3024780887604,142.96719581184385,82.69509576377867,343450.0,58364.00032043457,401814.00032043457,4.828044162170353,2.058044162170353,46.565994197082546,23388.122,84.451,84.451,0.003610849986159641,0.06009034852752679,0.003610849986159681,131.9546875
1.5625,2026-07-09|2026-07-10|2026-07-14|2026-07-15|2026-07-16,2026-07-17,gp_qvi,through,0.02,2369,7,7,12,5,7,12,0,0,0,2,0,2,2,2,2,2,0,none,0,0,1,23.999786376953125,8.42009990310669,18.365099788665773,15.579686473846435,5.634686588287352,56825.999450683594,9473.999786376953,66299.99923706055,3.6198773232470356,0.8498773232470356,35.24020960884094,23380.981,9.594,9.594,0.00041033350995837173,0.020256690498656776,0.0004103335099583383,14.990625
1.5625,2026-07-09|2026-07-10|2026-07-14|2026-07-15|2026-07-16,2026-07-17,gp_qvi,touch,0.02,2369,48,47,71,37,34,70,1,1,0,11,13,24,15,15,15,15,0,none,0,0,1,81.99806213378906,51.111657769393936,111.4797574970245,30.886404364395126,-29.48169536323543,332669.9981689453,69784.00001525879,402453.9981842041,2.037451795826324,-0.7325482041736753,113.00476584091186,23380.981,116.88,116.88,0.004998934818004428,0.07070314574334319,0.004998934818004397,182.625
1.5625,2026-07-10|2026-07-14|2026-07-15|2026-07-16|2026-07-17,2026-07-20,gp_qvi,through,0.02,5193,11,12,16,8,8,16,0,0,0,3,4,7,4,4,4,4,0,none,0,0,1,101.99971008300781,13.893545951553348,30.303245894332893,88.10616413145446,71.69646418867492,87789.99981689453,21607.999801635742,109397.99961853027,9.323727164909759,6.553727164909758,17.04108157234191,23389.585,6.733,6.733,0.00028786316644780147,0.016966530772311746,0.0002878631664477993,10.5203125
1.5625,2026-07-10|2026-07-14|2026-07-15|2026-07-16|2026-07-17,2026-07-20,gp_qvi,touch,0.02,5193,44,44,66,38,28,63,3,2,1,6,16,22,16,16,16,16,0,none,0,0,1,209.99832153320312,55.93054594573977,121.99024588165283,154.06777558746336,88.0080756515503,355252.00004577637,85145.99952697754,440397.9995727539,4.768375917622926,1.9983759176229259,27.679902638626103,23389.585,70.708,70.708,0.0030230549195293544,0.05498231460687477,0.0030230549195293666,110.48125
1.5625,2026-07-14|2026-07-15|2026-07-16|2026-07-17|2026-07-20,2026-07-21,gp_qvi,through,0.02,3953,11,12,12,6,6,11,1,0,1,5,6,11,6,6,6,6,0,none,0,0,1,-151.99966430664062,13.046963996124267,28.45676399154663,-165.0466283027649,-180.45642829818726,68792.00019836426,33939.999771118164,102731.99996948242,-14.795746637055021,-17.565746637055025,181.91064624900818,23382.108,3644.593,3644.593,0.15587101898596994,0.3948050392104563,0.15587101898597,5694.6765625
1.5625,2026-07-14|2026-07-15|2026-07-16|2026-07-17|2026-07-20,2026-07-21,gp_qvi,touch,0.02,3953,20,20,21,9,12,17,4,2,2,11,8,19,9,9,9,9,0,none,0,0,1,-130.00030517578125,21.797010038757325,47.54151008453369,-151.79731521453857,-177.54181526031493,120224.00016784668,51406.0001373291,171630.00030517578,-7.574451141678456,-10.344451141678457,183.83471087646484,23382.108,3673.765,3673.765,0.15711863960255423,0.39638193652404774,0.15711863960255423,5740.2578125
1.5625,2026-07-15|2026-07-16|2026-07-17|2026-07-20|2026-07-21,2026-07-22,gp_qvi,through,0.02,4299,7,7,6,3,3,6,0,0,0,4,4,8,2,2,2,2,0,none,0,0,1,96.00028991699219,6.5516761104583745,14.289876240921021,89.44861380653381,81.71041367607117,39130.001068115234,12457.999801635742,51588.00086975098,18.60903471707947,15.839034717079473,15.453910666656498,23387.244,3627.595,3627.595,0.15510998217660876,0.39384004643587067,0.15510998217660876,5668.1171875
1.5625,2026-07-15|2026-07-16|2026-07-17|2026-07-20|2026-07-21,2026-07-22,gp_qvi,touch,0.02,4299,25,24,28,12,16,26,2,2,0,13,8,21,8,8,8,8,0,none,0,0,1,145.99952697753906,26.737309990310674,58.316809978866566,119.26221698722838,87.6827169986725,164150.00076293945,46379.9991607666,210529.99992370605,6.934856173963228,4.164856173963228,27.004640601730344,23387.244,3717.815,3717.815,0.15896764065060423,0.3987074624967587,0.1589676406506042,5809.0859375
1.5625,2026-07-16|2026-07-17|2026-07-20|2026-07-21|2026-07-22,2026-07-23,gp_qvi,through,0.02,4091,4,4,2,0,2,2,0,0,0,4,2,6,2,2,2,2,0,none,0,0,1,-81.99996948242188,3.058922007751465,6.671822016906739,-85.05889149017334,-88.67179149932862,12002.000045776367,12084.000015258789,24086.000061035156,-34.044660497645836,-36.81466049764584,88.67179149932862,23383.334,3617.255,3617.255,0.1546937233159309,0.393311229582796,0.1546937233159309,5651.9609375
1.5625,2026-07-16|2026-07-17|2026-07-20|2026-07-21|2026-07-22,2026-07-23,gp_qvi,touch,0.02,4091,25,25,23,12,11,22,1,0,1,13,14,27,13,13,13,13,0,none,0,0,1,-84.00001525878906,27.524964141464228,60.03476430854796,-111.52497940025329,-144.034779567337,138308.00018310547,78424.00093078613,216732.0011138916,-3.8757550720277556,-6.645755072027755,153.36754683036804,23383.334,3710.327,3710.327,0.15867399405063454,0.3983390440951458,0.15867399405063454,5797.3859375
1.5625,2026-07-17|2026-07-20|2026-07-21|2026-07-22|2026-07-23,2026-07-24,gp_qvi,through,0.02,3774,0,0,0,0,0,0,0,0,0,0,0,0,0,0,0,0,0,none,0,0,0,0.0,0.0,0.0,0.0,0.0,0.0,0.0,0.0,,,0.0,23376.095,0.0,0.0,0.0,0.0,0.0,0.0
1.5625,2026-07-17|2026-07-20|2026-07-21|2026-07-22|2026-07-23,2026-07-24,gp_qvi,touch,0.02,3774,6,6,6,2,4,5,1,0,1,4,2,6,6,6,6,6,0,none,0,0,1,-87.99972534179688,7.842503957366944,17.105303907012946,-95.84222929916382,-105.10502924880981,30844.000244140625,30907.999420166016,61751.99966430664,-14.25050618930187,-17.02050618930187,105.10502924880981,23376.095,3639.52,3639.52,0.15569409689685124,0.39458091299105086,0.1556940968968512,5686.75
1.5625,2026-07-20|2026-07-21|2026-07-22|2026-07-23|2026-07-24,2026-07-27,gp_qvi,through,0.02,3683,1,1,1,1,0,1,0,0,0,0,1,1,1,1,1,1,0,none,0,0,1,0.0,1.2715240348815917,2.773324076080322,-1.2715240348815917,-2.773324076080322,5006.000137329102,5006.000137329102,10012.000274658203,0.0,-2.77,2.773324076080322,23387.273,5.224,5.224,0.0002233693513561842,0.014945546204678643,0.00022336935135613967,8.1625
1.5625,2026-07-20|2026-07-21|2026-07-22|2026-07-23|2026-07-24,2026-07-27,gp_qvi,touch,0.02,3683,3,3,3,2,1,3,0,0,0,1,2,3,3,3,3,3,0,none,0,0,1,-15.999984741210938,3.9329360523223875,8.578136114120483,-19.932920793533324,-24.57812085533142,15488.000106811523,15480.000305175781,30968.000411987305,-5.166618615458799,-7.936618615458799,24.57812085533142,23387.273,19.93,19.93,0.0008521728890751821,0.02919200042948722,0.0008521728890751312,31.140625
1.5625,2026-07-21|2026-07-22|2026-07-23|2026-07-24|2026-07-27,2026-07-28,gp_qvi,through,0.02,4611,3,3,5,3,2,5,0,0,0,0,1,1,1,1,1,1,0,none,0,0,2,-0.0002899169921875,3.1450280523223872,6.859628114120484,-3.1453179693145747,-6.859918031112671,20644.00033569336,4120.000076293945,24764.000411987305,-0.00011707195419329838,-2.770117071954193,11.14645491142273,23382.008,3.936,4.552,0.00016833455877698783,0.013952763221398504,0.00015516203740928436,7.1125
1.5625,2026-07-21|2026-07-22|2026-07-23|2026-07-24|2026-07-27,2026-07-28,gp_qvi,touch,0.02,4611,9,9,15,7,8,14,1,0,1,2,1,3,3,3,3,3,0,none,0,0,1,25.999832153320312,9.463786052322387,20.641486114120482,16.536046100997925,5.35834603919983,62040.00053405762,12477.999877929688,74518.0004119873,3.4890673407197146,0.7190673407197145,31.19042803649902,23382.008,6.797,6.797,0.00029069359654654124,0.01704973889965888,0.0002906935965465429,10.6203125
1.5625,2026-07-22|2026-07-23|2026-07-24|2026-07-27|2026-07-28,2026-07-29,gp_qvi,through,0.02,6884,3,3,5,3,2,5,0,0,0,0,1,1,1,1,1,1,0,none,0,0,1,27.9998779296875,2.296160038757324,5.008160084533692,25.703717890930175,22.991717845153808,14542.000198364258,3538.0001068115234,18080.00030517578,15.486657885548787,12.716657885548786,4.979736112594605,23390.931,2.298,2.298,9.824320374422036e-05,0.009911770969116485,9.824320374418605e-05,3.590625
1.5625,2026-07-22|2026-07-23|2026-07-24|2026-07-27|2026-07-28,2026-07-29,gp_qvi,touch,0.02,6884,12,12,17,6,11,17,0,0,0,6,1,7,7,7,7,7,0,none,0,0,1,45.99933624267578,9.138665999031065,19.932365997886656,36.86067024364472,26.066970244789125,50482.000160217285,21475.99983215332,71957.9999923706,6.392525674359056,3.6225256743590557,18.246070645523073,23390.931,31.772,31.772,0.0013583042077290554,0.03685517884543576,0.0013583042077290886,49.64375
1.5625,2026-07-23|2026-07-24|2026-07-27|2026-07-28|2026-07-29,2026-07-30,gp_qvi,through,0.02,5990,7,7,6,2,4,6,0,0,0,5,3,8,4,4,4,4,0,none,0,0,1,4.000091552734375,3.7774879825592036,8.23908796195984,0.2226035701751714,-4.238996409225464,17919.999885559082,11823.999977111816,29743.9998626709,1.3448398235620427,-1.4251601764379578,10.549479514694214,23385.652,6.047,6.047,0.00025857735332758736,0.016080340584937475,0.0002585773533275715,9.4484375
1.5625,2026-07-23|2026-07-24|2026-07-27|2026-07-28|2026-07-29,2026-07-30,gp_qvi,touch,0.02,5990,27,27,38,18,20,33,5,3,2,9,7,16,12,12,12,12,0,none,0,0,1,52.00023651123047,19.534632070732112,42.60703215427399,32.46560444049835,9.393204356956481,117644.00024414062,36172.000312805176,153816.0005569458,3.380677973874306,0.6106779738743062,38.13053798770904,23385.652,23.118,23.118,0.0009885548626140507,0.031441292317811155,0.0009885548626140661,36.121875
1.0,2026-07-02,2026-07-03,gp_qvi,through,0.05,4888,132,130,139,70,69,134,5,5,0,62,61,123,45,45,45,45,0,none,0,0,1,-355.00457763671875,269.4793945349122,587.7621439855959,-624.483972171631,-942.7667216223147,1603334.998626709,518549.99771118164,2121884.9963378906,-1.6730622924871632,-4.4430622924871646,967.9812362707521,23383.259,471.425,471.425,0.020160791102728667,0.14198870061638239,0.020160791102728615,471.425
1.0,2026-07-02,2026-07-03,gp_qvi,touch,0.05,4888,2126,2034,3074,1537,1537,2473,601,324,277,589,497,1086,0,0,0,0,0,none,0,0,1,359.9205017089844,4463.750278662881,9735.896277083617,-4103.829776953897,-9375.975775374633,35147639.989471436,0.0,35147639.989471436,0.10240246623010804,-2.6675975337699,9517.182515100894,23383.259,8726.511,8726.511,0.37319481429000123,0.6108967296442184,0.37319481429000123,8726.511
1.0,2026-07-02|2026-07-03,2026-07-06,gp_qvi,through,0.05,4348,114,94,93,46,47,86,7,2,5,68,47,115,27,27,27,27,0,none,0,0,2,-0.00640869140625,167.43680019378667,365.19680042266833,-167.44320888519292,-365.2032091140746,1020395.0012207031,298005.0003051758,1318400.001525879,-4.8609613158622286e-05,-2.770048609613158,440.2887274406432,23370.842,4111.362,4120.126,0.17591843717055636,0.4198731169737135,0.17573093857722366,4120.126
1.0,2026-07-02|2026-07-03,2026-07-06,gp_qvi,touch,0.05,4348,1836,1805,2559,1279,1280,1806,753,387,366,557,525,1082,1,1,1,1,0,none,0,0,2,-120.08438110351562,3536.781090445709,7714.081590972135,-3656.865471549225,-7834.165972075651,27836875.003814697,11794.999694824219,27848670.00350952,-0.04312032893792862,-2.8131203289379276,8251.929255992125,23370.842,9366.705,9376.571,0.40078594515336674,0.6334098950227293,0.40057487017369764,9376.571
1.0,2026-07-02|2026-07-03|2026-07-06,2026-07-07,gp_qvi,through,0.02,7603,66,69,70,31,39,63,7,5,2,35,30,65,20,20,20,20,0,none,0,0,1,76.00125122070312,104.21112015115357,227.2951203296814,-28.20986893045044,-151.29386910897827,637260.0011901855,183300.0,820560.0011901855,0.9262119907193467,-1.8437880092806533,241.95359140911864,23387.055,162.629,162.629,0.006953804145070852,0.08338947262736977,0.006953804145070852,162.629
1.0,2026-07-02|2026-07-03|2026-07-06,2026-07-07,gp_qvi,touch,0.02,7603,235,238,306,142,164,282,24,11,13,93,74,167,44,44,44,44,0,none,0,0,1,-14.00604248046875,406.893522201538,887.4764224395747,-420.89956468200677,-901.4824649200434,2802178.000640869,401708.0009460449,3203886.001586914,-0.04371579536079445,-2.8137157953607925,1003.105003462219,23387.055,600.698,600.698,0.025685063809872597,0.16026560395129266,0.025685063809872566,600.698
1.0,2026-07-02|2026-07-03|2026-07-06|2026-07-07,2026-07-08,gp_qvi,through,0.02,7159,60,59,69,34,35,66,3,2,1,26,24,50,9,9,9,9,0,none,0,0,1,47.998992919921875,85.45449022866819,186.38499049874883,-37.45549730874632,-138.38599757882696,594009.001739502,78861.00006103516,672870.0018005371,0.7133471962114682,-2.0566528037885323,277.2614262570496,23385.794,168.738,168.738,0.0072154060708821775,0.08494354637570872,0.007215406070882224,168.738
1.0,2026-07-02|2026-07-03|2026-07-06|2026-07-07,2026-07-08,gp_qvi,touch,0.02,7159,163,165,236,115,121,221,15,10,5,48,44,92,12,12,12,12,0,none,0,0,1,366.9952392578125,272.3935371627806,594.1181873550413,94.6017020950319,-227.1229480972288,2042635.001373291,102195.99990844727,2144831.0012817383,1.7110683267749223,-1.0589316732250769,411.6910093643187,23385.794,466.449,466.449,0.019945826940919772,0.14122969567665214,0.01994582694091973,466.449
1.0,2026-07-02|2026-07-03|2026-07-06|2026-07-07|2026-07-08,2026-07-09,gp_qvi,through,0.02,8023,29,29,31,16,15,28,3,1,2,13,14,27,9,9,9,9,0,none,0,0,1,112.00189208984375,47.32020027905274,103.21020060864258,64.68169181079101,8.79169148120117,288848.0010070801,83752.00119018555,372600.0021972656,3.005955218179161,0.23595521817916104,96.28935526113891,23386.058,96.755,96.755,0.004137294109165384,0.06432180119652577,0.0041372941091654125,96.755
1.0,2026-07-02|2026-07-03|2026-07-06|2026-07-07|2026-07-08,2026-07-09,gp_qvi,touch,0.02,8023,117,130,163,82,81,150,13,6,7,35,49,84,13,13,13,13,0,none,0,0,1,288.00201416015625,205.96961582946776,449.2408156280521,82.0323983306885,-161.23880146789583,1502191.9982910156,119616.00036621094,1621807.9986572266,1.775808322554871,-0.9941916774451307,304.4030042579653,23386.058,392.993,392.993,0.016804585022409505,0.12963249986947525,0.016804585022409557,392.993
1.0,2026-07-03|2026-07-06|2026-07-07|2026-07-08|2026-07-09,2026-07-10,gp_qvi,through,0.02,4649,9,12,12,5,7,11,1,0,1,4,5,9,2,2,2,2,0,none,0,0,1,21.999786376953125,16.797273895355225,36.63657377175903,5.2025124815979,-14.636787394805907,113191.99948120117,19069.99969482422,132261.9991760254,1.6633489977475662,-1.1066510022524336,88.87410893640137,23385.296,14.945,14.945,0.0006390767942385677,0.025279968240458053,0.00063907679423858,14.945
1.0,2026-07-03|2026-07-06|2026-07-07|2026-07-08|2026-07-09,2026-07-10,gp_qvi,touch,0.02,4649,160,152,222,107,115,195,27,12,15,53,37,90,16,16,16,16,0,none,0,0,1,301.9989013671875,281.85694247283936,614.7588430313101,20.141958894348136,-312.7599416641226,2070196.0037231445,149150.0,2219346.0037231445,1.3607562807266567,-1.4092437192733391,400.84186002960115,23385.296,534.274,534.274,0.022846578465374138,0.15115084672397353,0.02284657846537419,534.274
1.0,2026-07-06|2026-07-07|2026-07-08|2026-07-09|2026-07-10,2026-07-14,gp_qvi,through,0.02,6615,6,8,8,3,5,8,0,0,0,3,3,6,2,2,2,2,0,none,0,0,1,15.999221801757812,7.679435955429078,16.749635902786256,8.319785846328735,-0.7504141010284435,49603.99971008301,10863.999938964844,60467.99964904785,2.6458989704663964,-0.12410102953360386,31.59301351890564,23390.474,8.101,8.101,0.00034633757315050563,0.0186101470480624,0.0003463375731505014,8.101
1.0,2026-07-06|2026-07-07|2026-07-08|2026-07-09|2026-07-10,2026-07-14,gp_qvi,touch,0.02,6615,68,64,86,41,45,82,4,3,1,27,19,46,14,14,14,14,0,none,0,0,1,81.99653625488281,76.64983373451233,167.1811334209442,5.346702520370485,-85.1845971660614,519427.9983520508,84113.99955749512,603541.9979095459,1.35858874011899,-1.4114112598810098,138.75936088790894,23390.474,92.219,92.219,0.003942587909932907,0.0627900303386844,0.00394258790993296,92.219
1.0,2026-07-07|2026-07-08|2026-07-09|2026-07-10|2026-07-14,2026-07-15,gp_qvi,through,0.02,5634,19,18,18,11,7,18,0,0,0,8,11,19,6,6,6,6,0,none,0,0,1,-1.9989013671875,22.826725868225093,49.787425712585446,-24.825627235412593,-51.786327079772946,135009.9983215332,44728.00064086914,179737.99896240234,-0.11121195177017805,-2.8812119517701777,64.98526293106079,23387.034,68.768,68.768,0.0029404327201132045,0.054225756980545735,0.0029404327201132396,68.768
1.0,2026-07-07|2026-07-08|2026-07-09|2026-07-10|2026-07-14,2026-07-15,gp_qvi,touch,0.02,5634,67,78,95,51,44,87,8,4,4,16,34,50,17,17,17,17,0,none,0,0,1,177.99911499023438,107.10087789535525,233.59797777175905,70.89823709487912,-55.59886278152467,715799.9984741211,127514.0007019043,843313.9991760254,2.1107098324485483,-0.6592901675514519,98.71202102279665,23387.034,222.274,222.274,0.009504155165635797,0.09748925666777748,0.009504155165635741,222.274
1.0,2026-07-08|2026-07-09|2026-07-10|2026-07-14|2026-07-15,2026-07-16,gp_qvi,through,0.02,5321,14,14,20,11,9,20,0,0,0,3,5,8,4,4,4,4,0,none,0,0,1,95.99919128417969,17.266920071701055,37.66092015638733,78.73227121247864,58.33827112779236,113172.00007629395,22788.00048828125,135960.0005645752,7.060840753570324,4.290840753570325,38.692480503753664,23388.122,39.628,39.628,0.0016943643444309038,0.041162657159504464,0.001694364344430932,39.628
1.0,2026-07-08|2026-07-09|2026-07-10|2026-07-14|2026-07-15,2026-07-16,gp_qvi,touch,0.02,5321,56,57,80,39,41,75,5,3,2,17,16,33,6,6,6,6,0,none,0,0,1,219.9981689453125,62.64198793411256,136.6285878562927,157.35618101119994,83.36958108901979,458565.99922180176,34678.000259399414,493243.9994812012,4.460230011448871,1.6902300114488715,56.17735983085633,23388.122,168.828,168.828,0.007218535973089246,0.08496196780377233,0.007218535973089191,168.828
1.0,2026-07-09|2026-07-10|2026-07-14|2026-07-15|2026-07-16,2026-07-17,gp_qvi,through,0.02,2369,10,8,14,6,8,14,0,0,0,4,0,4,2,2,2,2,0,none,0,0,1,1.999664306640625,9.583165926361085,20.90186583938599,-7.58350161972046,-18.902201532745366,66009.99946594238,9447.999954223633,75457.99942016602,0.2650036208230321,-2.5049963791769687,59.77709772987366,23380.981,11.992,11.992,0.0005128955025454235,0.022647196350661675,0.0005128955025454074,11.992
1.0,2026-07-09|2026-07-10|2026-07-14|2026-07-15|2026-07-16,2026-07-17,gp_qvi,touch,0.02,2369,56,63,88,44,44,86,2,1,1,12,19,31,6,6,6,6,0,none,0,0,1,115.99807739257812,55.73064777908327,121.55424751815792,60.267429613494855,-5.556170125579797,411001.997756958,27822.00050354004,438823.99826049805,2.643384998368263,-0.12661500163173622,124.9980109828949,23380.981,163.412,163.412,0.006989099388088122,0.08360083365665753,0.006989099388088116,163.412
1.0,2026-07-10|2026-07-14|2026-07-15|2026-07-16|2026-07-17,2026-07-20,gp_qvi,through,0.02,5193,11,12,16,8,8,16,0,0,0,3,4,7,4,4,4,4,0,none,0,0,1,101.99971008300781,13.893545951553348,30.303245894332893,88.10616413145446,71.69646418867492,87789.99981689453,21607.999801635742,109397.99961853027,9.323727164909759,6.553727164909758,17.04108157234191,23389.585,6.733,6.733,0.00028786316644780147,0.016966530772311746,0.0002878631664477993,6.733
1.0,2026-07-10|2026-07-14|2026-07-15|2026-07-16|2026-07-17,2026-07-20,gp_qvi,touch,0.02,5193,46,54,77,40,37,74,3,2,1,6,17,23,5,5,5,5,0,none,0,0,1,261.99798583984375,55.93460994186403,121.99910987319944,206.0633758979797,139.9988759666443,413900.0,26529.999542236328,440429.9995422363,5.948686195585064,3.178686195585065,18.418610928344748,23389.585,82.114,82.114,0.003510707864205372,0.05925122668945658,0.0035107078642053757,82.114
1.0,2026-07-14|2026-07-15|2026-07-16|2026-07-17|2026-07-20,2026-07-21,gp_qvi,through,0.02,3953,11,12,12,6,6,11,1,0,1,5,6,11,6,6,6,6,0,none,0,0,1,-151.99966430664062,13.046963996124267,28.45676399154663,-165.0466283027649,-180.45642829818726,68792.00019836426,33939.999771118164,102731.99996948242,-14.795746637055021,-17.565746637055025,181.91064624900818,23382.108,3644.593,3644.593,0.15587101898596994,0.3948050392104563,0.15587101898597,3644.593
1.0,2026-07-14|2026-07-15|2026-07-16|2026-07-17|2026-07-20,2026-07-21,gp_qvi,touch,0.02,3953,27,21,26,12,14,22,4,2,2,15,7,22,4,4,4,4,0,none,0,0,2,-272.0008850097656,21.779991988372803,47.504391974639894,-293.7808769981384,-319.5052769844055,148647.99995422363,22847.999954223633,171495.99990844727,-15.860479845300919,-18.63047984530092,327.21416452178954,23382.108,7337.249,14580.105,0.3137975840330564,0.78965700936771,0.1589172798278068,14580.105
1.0,2026-07-15|2026-07-16|2026-07-17|2026-07-20|2026-07-21,2026-07-22,gp_qvi,through,0.02,4299,7,7,6,3,3,6,0,0,0,4,4,8,2,2,2,2,0,none,0,0,1,96.00028991699219,6.5516761104583745,14.289876240921021,89.44861380653381,81.71041367607117,39130.001068115234,12457.999801635742,51588.00086975098,18.60903471707947,15.839034717079473,15.453910666656498,23387.244,3627.595,3627.595,0.15510998217660876,0.39384004643587067,0.15510998217660876,3627.595
1.0,2026-07-15|2026-07-16|2026-07-17|2026-07-20|2026-07-21,2026-07-22,gp_qvi,touch,0.02,4299,26,24,29,13,16,27,2,2,0,13,8,21,7,7,7,7,0,none,0,0,1,151.99928283691406,26.736548021316533,58.31514804649352,125.26273481559753,93.68413479042054,169824.00093078613,40699.99923706055,210524.00016784668,7.2200453494959245,4.450045349495925,21.276418532943723,23387.244,3718.725,3718.725,0.15900655075048603,0.398756254810487,0.1590065507504861,3718.725
1.0,2026-07-16|2026-07-17|2026-07-20|2026-07-21|2026-07-22,2026-07-23,gp_qvi,through,0.02,4091,4,4,2,0,2,2,0,0,0,4,2,6,2,2,2,2,0,none,0,0,1,-81.99996948242188,3.058922007751465,6.671822016906739,-85.05889149017334,-88.67179149932862,12002.000045776367,12084.000015258789,24086.000061035156,-34.044660497645836,-36.81466049764584,88.67179149932862,23383.334,3617.255,3617.255,0.1546937233159309,0.393311229582796,0.1546937233159309,3617.255
1.0,2026-07-16|2026-07-17|2026-07-20|2026-07-21|2026-07-22,2026-07-23,gp_qvi,touch,0.02,4091,24,25,25,12,13,24,1,0,1,12,12,24,9,9,9,9,0,none,0,0,1,-56.00042724609375,25.989788042633055,56.686388092987045,-81.9902152887268,-112.6868153390808,150364.00003051758,54280.00030517578,204644.00033569336,-2.736480285482688,-5.506480285482687,122.0195826021118,23383.334,3719.324,3719.324,0.15905875526560925,0.39882170861878774,0.1590587552656093,3719.324
1.0,2026-07-17|2026-07-20|2026-07-21|2026-07-22|2026-07-23,2026-07-24,gp_qvi,through,0.02,3774,0,0,0,0,0,0,0,0,0,0,0,0,0,0,0,0,0,none,0,0,0,0.0,0.0,0.0,0.0,0.0,0.0,0.0,0.0,,,0.0,23376.095,0.0,0.0,0.0,0.0,0.0,0.0
1.0,2026-07-17|2026-07-20|2026-07-21|2026-07-22|2026-07-23,2026-07-24,gp_qvi,touch,0.02,3774,6,6,6,2,4,5,1,0,1,4,2,6,6,6,6,6,0,none,0,0,1,-87.99972534179688,7.842503957366944,17.105303907012946,-95.84222929916382,-105.10502924880981,30844.000244140625,30907.999420166016,61751.99966430664,-14.25050618930187,-17.02050618930187,105.10502924880981,23376.095,3639.52,3639.52,0.15569409689685124,0.39458091299105086,0.1556940968968512,3639.52
1.0,2026-07-20|2026-07-21|2026-07-22|2026-07-23|2026-07-24,2026-07-27,gp_qvi,through,0.02,3683,1,1,1,1,0,1,0,0,0,0,1,1,1,1,1,1,0,none,0,0,1,0.0,1.2715240348815917,2.773324076080322,-1.2715240348815917,-2.773324076080322,5006.000137329102,5006.000137329102,10012.000274658203,0.0,-2.77,2.773324076080322,23387.273,5.224,5.224,0.0002233693513561842,0.014945546204678643,0.00022336935135613967,5.224
1.0,2026-07-20|2026-07-21|2026-07-22|2026-07-23|2026-07-24,2026-07-27,gp_qvi,touch,0.02,3683,3,4,4,2,2,4,0,0,0,1,2,3,2,2,2,2,0,none,0,0,1,-10.000228881835938,3.9336980213165282,8.57979804649353,-13.933926903152466,-18.580026928329467,20534.00001525879,10440.00015258789,30974.00016784668,-3.2285881150788267,-5.998588115078827,18.580026928329467,23387.273,20.04,20.04,0.0008568763019100175,0.029272449537235817,0.0008568763019100034,20.04
1.0,2026-07-21|2026-07-22|2026-07-23|2026-07-24|2026-07-27,2026-07-28,gp_qvi,through,0.02,4611,3,3,5,3,2,5,0,0,0,0,1,1,1,1,1,1,0,none,0,0,2,-0.0002899169921875,3.1450280523223872,6.859628114120484,-3.1453179693145747,-6.859918031112671,20644.00033569336,4120.000076293945,24764.000411987305,-0.00011707195419329838,-2.770117071954193,11.14645491142273,23382.008,3.936,4.552,0.00016833455877698783,0.013952763221398504,0.00015516203740928436,4.552
1.0,2026-07-21|2026-07-22|2026-07-23|2026-07-24|2026-07-27,2026-07-28,gp_qvi,touch,0.02,4611,9,9,15,7,8,14,1,0,1,2,1,3,3,3,3,3,0,none,0,0,1,25.999832153320312,9.463786052322387,20.641486114120482,16.536046100997925,5.35834603919983,62040.00053405762,12477.999877929688,74518.0004119873,3.4890673407197146,0.7190673407197145,31.19042803649902,23382.008,6.797,6.797,0.00029069359654654124,0.01704973889965888,0.0002906935965465429,6.797
1.0,2026-07-22|2026-07-23|2026-07-24|2026-07-27|2026-07-28,2026-07-29,gp_qvi,through,0.02,6884,3,4,6,3,3,6,0,0,0,0,1,1,0,0,0,0,0,none,0,0,1,33.99967956542923,2.296922013565063,5.009822029586792,31.70275755186417,28.98985753584244,18086.000106811523,0.0,18086.000106811523,18.79889382098606,16.028893820986056,0.0,23390.931,2.331,2.331,9.96540069311478e-05,0.009982685356713783,9.965400693112691e-05,2.331
1.0,2026-07-22|2026-07-23|2026-07-24|2026-07-27|2026-07-28,2026-07-29,gp_qvi,touch,0.02,6884,13,12,17,6,11,17,0,0,0,7,1,8,7,7,7,7,0,none,0,0,1,45.99933624267578,9.138665999031065,19.932365997886656,36.86067024364472,26.066970244789125,50482.000160217285,21475.99983215332,71957.9999923706,6.392525674359056,3.6225256743590557,18.246070645523073,23390.931,32.932,32.932,0.0014078960773301413,0.037521941278805676,0.0014078960773301619,32.932
1.0,2026-07-23|2026-07-24|2026-07-27|2026-07-28|2026-07-29,2026-07-30,gp_qvi,through,0.02,5990,7,7,6,2,4,6,0,0,0,5,3,8,4,4,4,4,0,none,0,0,1,4.000091552734375,3.7774879825592036,8.23908796195984,0.2226035701751714,-4.238996409225464,17919.999885559082,11823.999977111816,29743.9998626709,1.3448398235620427,-1.4251601764379578,10.549479514694214,23385.652,6.047,6.047,0.00025857735332758736,0.016080340584937475,0.0002585773533275715,6.047
1.0,2026-07-23|2026-07-24|2026-07-27|2026-07-28|2026-07-29,2026-07-30,gp_qvi,touch,0.02,5990,28,27,39,19,20,34,5,3,2,9,7,16,11,11,11,11,0,none,0,0,1,58.00018310546875,19.533870077514642,42.605370169067385,38.46631302795411,15.394812936401365,120236.00025177002,33574.00035858154,153810.00061035156,3.770898047936506,1.0008980479365057,33.24470620288849,23385.652,23.361,23.361,0.0009989458493609672,0.03160610462174938,0.0009989458493609993,23.361
0.78125,2026-07-02,2026-07-03,gp_qvi,through,0.05,4888,132,173,162,70,92,155,7,5,2,62,81,143,22,22,22,22,0,none,0,0,1,-470.00244140625,269.46478980621345,587.7302895773319,-739.4672312124635,-1057.7327309835819,1869095.0007629395,252674.99771118164,2121769.998474121,-2.2151432141290246,-4.985143214129026,1082.9472456320195,23383.259,558.006,558.006,0.023863482844713818,0.154478098268699,0.023863482844713846,435.9421875
0.78125,2026-07-02,2026-07-03,gp_qvi,touch,0.05,4888,2130,2036,3078,1540,1538,2477,601,324,277,590,498,1088,2,2,2,2,0,none,0,0,2,364.9208068847656,4472.7691835853675,9755.567431914551,-4107.848376700602,-9390.646625029785,35195129.988861084,23525.0,35218654.988861084,0.10361577039219197,-2.6663842296078166,9531.853364756047,23383.259,8740.401,8757.579,0.3737888290079668,0.6119832163917006,0.3734215149393846,6841.85859375
0.78125,2026-07-02|2026-07-03,2026-07-06,gp_qvi,through,0.05,4348,114,115,106,46,60,96,10,2,8,68,55,123,14,14,14,14,0,none,0,0,2,-20.006103515625,167.434260232544,365.19126050720206,-187.440363748169,-385.19736402282706,1163130.0010681152,155250.00076293945,1318380.0018310547,-0.1517476257819383,-2.9217476257819377,460.28288234939566,23370.842,4197.454,4206.218,0.17960217265599587,0.4242371622602871,0.1794146740626632,3286.1078125
0.78125,2026-07-02|2026-07-03,2026-07-06,gp_qvi,touch,0.05,4348,1836,1805,2559,1279,1280,1806,753,387,366,557,525,1082,1,1,1,1,0,none,0,0,2,-120.08438110351562,3536.781090445709,7714.081590972135,-3656.865471549225,-7834.165972075651,27836875.003814697,11794.999694824219,27848670.00350952,-0.04312032893792862,-2.8131203289379276,8251.929255992125,23370.842,9366.705,9376.571,0.40078594515336674,0.6334098950227293,0.40057487017369764,7325.44609375
0.78125,2026-07-02|2026-07-03|2026-07-06,2026-07-07,gp_qvi,through,0.02,7603,76,72,78,38,40,71,7,5,2,38,32,70,12,12,12,12,0,none,0,0,1,85.99951171875,104.20578627905272,227.2834866086426,-18.206274560302717,-141.2839748898926,711658.0015869141,108860.00061035156,820518.0021972656,1.0481124300557922,-1.7218875699442078,237.38960459368894,23387.055,214.051,214.051,0.00915254186557478,0.09566891797012643,0.009152541865574793,167.22734375
0.78125,2026-07-02|2026-07-03|2026-07-06,2026-07-07,gp_qvi,touch,0.02,7603,272,238,329,165,164,303,26,13,13,107,74,181,17,17,17,17,0,none,0,0,1,-56.006622314453125,402.2410041511535,877.3288043296806,-458.24762646560663,-933.3354266441337,3013036.001586914,154215.99960327148,3167252.0011901855,-0.17683033207779814,-2.9468303320777953,1046.9585851417535,23387.055,671.406,671.406,0.02870844576198243,0.16943566850572647,0.028708445761982393,524.5359375
0.78125,2026-07-02|2026-07-03|2026-07-06|2026-07-07,2026-07-08,gp_qvi,through,0.02,7159,60,59,69,34,35,66,3,2,1,26,24,50,9,9,9,9,0,none,0,0,1,47.998992919921875,85.45449022866819,186.38499049874883,-37.45549730874632,-138.38599757882696,594009.001739502,78861.00006103516,672870.0018005371,0.7133471962114682,-2.0566528037885323,277.2614262570496,23385.794,168.738,168.738,0.0072154060708821775,0.08494354637570872,0.007215406070882224,131.8265625
0.78125,2026-07-02|2026-07-03|2026-07-06|2026-07-07,2026-07-08,gp_qvi,touch,0.02,7159,182,182,258,127,131,243,15,10,5,55,51,106,16,16,16,16,0,none,0,0,1,384.9937438964844,299.5753472984313,653.4044976509091,85.41839659805305,-268.4107537544247,2223731.0020446777,135130.00030517578,2358861.0023498535,1.6321171256507305,-1.1378828743492682,442.6730631195064,23385.794,666.471,666.471,0.02849896821976624,0.16881637426436524,0.028498968219766274,520.68046875
0.78125,2026-07-02|2026-07-03|2026-07-06|2026-07-07|2026-07-08,2026-07-09,gp_qvi,through,0.02,8023,32,30,33,17,16,29,4,2,2,15,14,29,7,7,7,7,0,none,0,0,1,96.00186157226562,47.32324830618287,103.21684866781617,48.678613266082756,-7.214987095550541,307238.00158691406,65386.00082397461,372624.0024108887,2.5763735280371276,-0.19362647196287286,112.29603383789062,23386.058,109.256,109.256,0.004671843369241623,0.06835088418770911,0.004671843369241646,85.35625
0.78125,2026-07-02|2026-07-03|2026-07-06|2026-07-07|2026-07-08,2026-07-09,gp_qvi,touch,0.02,8023,409,399,533,266,267,472,61,33,28,143,132,275,47,47,47,47,0,none,0,0,1,341.9960021972656,670.7522777015683,1462.9793773490906,-328.7562755043027,-1120.983375151825,4852799.996948242,428714.0007019043,5281513.9976501465,0.6475340259429903,-2.1224659740570098,1243.9100492790224,23386.058,1132.755,1132.755,0.04843719279238938,0.22008451284083888,0.04843719279238934,884.96484375
0.78125,2026-07-03|2026-07-06|2026-07-07|2026-07-08|2026-07-09,2026-07-10,gp_qvi,through,0.02,4649,32,40,36,16,20,34,2,1,1,16,20,36,8,8,8,8,0,none,0,0,1,-44.0013427734375,51.29530013952638,111.88030030432127,-95.29664291296388,-155.88164307775878,331048.0006713867,72852.0004272461,403900.0010986328,-1.0894118012812861,-3.859411801281286,228.642343024353,23385.296,240.695,240.695,0.01029257872126143,0.10145234704658848,0.010292578721261436,188.04296875
0.78125,2026-07-03|2026-07-06|2026-07-07|2026-07-08|2026-07-09,2026-07-10,gp_qvi,touch,0.02,4649,160,152,222,107,115,195,27,12,15,53,37,90,16,16,16,16,0,none,0,0,1,301.9989013671875,281.85694247283936,614.7588430313101,20.141958894348136,-312.7599416641226,2070196.0037231445,149150.0,2219346.0037231445,1.3607562807266567,-1.4092437192733391,400.84186002960115,23385.296,534.274,534.274,0.022846578465374138,0.15115084672397353,0.02284657846537419,417.4015625
0.78125,2026-07-06|2026-07-07|2026-07-08|2026-07-09|2026-07-10,2026-07-14,gp_qvi,through,0.02,6615,19,19,21,11,10,21,0,0,0,8,9,17,1,1,1,1,0,none,0,0,1,31.99810791015625,17.05559203100586,37.19999206762695,14.942515879150388,-5.201884157470701,127914.0002746582,6381.999969482422,134296.00024414062,2.3826553175065492,-0.3873446824934506,43.169730776504515,23390.474,13.873,13.873,0.0005931046972370034,0.024353740929003154,0.0005931046972370568,10.83828125
0.78125,2026-07-06|2026-07-07|2026-07-08|2026-07-09|2026-07-10,2026-07-14,gp_qvi,touch,0.02,6615,68,64,86,41,45,82,4,3,1,27,19,46,14,14,14,14,0,none,0,0,1,81.99653625488281,76.64983373451233,167.1811334209442,5.346702520370485,-85.1845971660614,519427.9983520508,84113.99955749512,603541.9979095459,1.35858874011899,-1.4114112598810098,138.75936088790894,23390.474,92.219,92.219,0.003942587909932907,0.0627900303386844,0.00394258790993296,72.04609375
0.78125,2026-07-07|2026-07-08|2026-07-09|2026-07-10|2026-07-14,2026-07-15,gp_qvi,through,0.02,5634,20,22,22,12,10,22,0,0,0,8,12,20,2,2,2,2,0,none,0,0,1,10.001373291015625,22.82723387985229,49.78853373794555,-12.825860588836665,-39.787160446929924,165109.9983215332,14632.000732421875,179741.99905395508,0.5564294012337876,-2.213570598766212,52.98824556121826,23387.034,86.094,86.094,0.0036812705706931455,0.060673475017450136,0.003681270570693118,67.2609375
0.78125,2026-07-07|2026-07-08|2026-07-09|2026-07-10|2026-07-14,2026-07-15,gp_qvi,touch,0.02,5634,67,79,95,51,44,87,8,4,4,16,35,51,17,17,17,17,0,none,0,0,1,177.99911499023438,107.10087789535525,233.59797777175905,70.89823709487912,-55.59886278152467,715799.9984741211,127514.0007019043,843313.9991760254,2.1107098324485483,-0.6592901675514519,98.71202102279665,23387.034,222.274,222.274,0.009504155165635797,0.09748925666777748,0.009504155165635741,173.6515625
0.78125,2026-07-08|2026-07-09|2026-07-10|2026-07-14|2026-07-15,2026-07-16,gp_qvi,through,0.02,5321,15,15,22,12,10,22,0,0,0,3,5,8,2,2,2,2,0,none,0,0,1,103.99899291992188,17.2669200232544,37.660920050720215,86.73207289666747,66.33807286920165,124636.00001525879,11324.00016784668,135960.00018310547,7.64923453808916,4.879234538089158,34.69387834043886,23388.122,41.941,41.941,0.0017932606987427207,0.04234690896326107,0.001793260698742749,32.76640625
0.78125,2026-07-08|2026-07-09|2026-07-10|2026-07-14|2026-07-15,2026-07-16,gp_qvi,touch,0.02,5321,56,57,80,39,41,75,5,3,2,17,16,33,6,6,6,6,0,none,0,0,1,219.9981689453125,62.64198793411256,136.6285878562927,157.35618101119994,83.36958108901979,458565.99922180176,34678.000259399414,493243.9994812012,4.460230011448871,1.6902300114488715,56.17735983085633,23388.122,168.828,168.828,0.007218535973089246,0.08496196780377233,0.007218535973089191,131.896875
0.78125,2026-07-09|2026-07-10|2026-07-14|2026-07-15|2026-07-16,2026-07-17,gp_qvi,through,0.02,2369,10,8,14,6,8,14,0,0,0,4,0,4,2,2,2,2,0,none,0,0,1,1.999664306640625,9.583165926361085,20.90186583938599,-7.58350161972046,-18.902201532745366,66009.99946594238,9447.999954223633,75457.99942016602,0.2650036208230321,-2.5049963791769687,59.77709772987366,23380.981,11.992,11.992,0.0005128955025454235,0.022647196350661675,0.0005128955025454074,9.36875
0.78125,2026-07-09|2026-07-10|2026-07-14|2026-07-15|2026-07-16,2026-07-17,gp_qvi,touch,0.02,2369,56,63,88,44,44,86,2,1,1,12,19,31,6,6,6,6,0,none,0,0,1,115.99807739257812,55.73064777908327,121.55424751815792,60.267429613494855,-5.556170125579797,411001.997756958,27822.00050354004,438823.99826049805,2.643384998368263,-0.12661500163173622,124.9980109828949,23380.981,163.412,163.412,0.006989099388088122,0.08360083365665753,0.006989099388088116,127.665625
0.78125,2026-07-10|2026-07-14|2026-07-15|2026-07-16|2026-07-17,2026-07-20,gp_qvi,through,0.02,5193,11,13,17,8,9,17,0,0,0,3,4,7,3,3,3,3,0,none,0,0,1,107.99984741210938,13.894307968994143,30.30490793237305,94.10553944311523,77.69493947973632,93275.99987792969,16127.999877929688,109403.99975585938,9.871654386778962,7.1016543867789625,11.042606281280513,23389.585,7.589,7.589,0.0003244606520380759,0.01801279134498804,0.00032446065203806107,5.92890625
0.78125,2026-07-10|2026-07-14|2026-07-15|2026-07-16|2026-07-17,2026-07-20,gp_qvi,touch,0.02,5193,46,54,77,40,37,74,3,2,1,6,17,23,5,5,5,5,0,none,0,0,1,261.99798583984375,55.93460994186403,121.99910987319944,206.0633758979797,139.9988759666443,413900.0,26529.999542236328,440429.9995422363,5.948686195585064,3.178686195585065,18.418610928344748,23389.585,82.114,82.114,0.003510707864205372,0.05925122668945658,0.0035107078642053757,64.1515625
0.78125,2026-07-14|2026-07-15|2026-07-16|2026-07-17|2026-07-20,2026-07-21,gp_qvi,through,0.02,3953,24,19,15,7,8,14,1,0,1,17,11,28,8,9,8,9,0,none,0,0,2,-320.0000762939453,17.450815974807742,38.062015945053105,-337.4508922687531,-358.0620922389984,86192.00019836426,51215.999603271484,137407.99980163574,-23.288314854732057,-26.058314854732053,359.5163101898193,23382.108,7321.567,14564.423,0.31312690027776796,0.7892322273502693,0.15824659607251834,11378.45546875
0.78125,2026-07-14|2026-07-15|2026-07-16|2026-07-17|2026-07-20,2026-07-21,gp_qvi,touch,0.02,3953,158,149,199,98,101,173,26,15,11,60,48,108,27,27,27,27,0,none,0,0,2,-80.00144958496094,163.5084358585358,356.628635691452,-243.50988544349673,-436.63008527641296,1134269.9989318848,153197.99995422363,1287467.9988861084,-0.6213859269059626,-3.3913859269059627,472.15647650299076,23382.108,7776.917,15019.773,0.33260119233047764,0.8014747661286517,0.17772088812522802,11734.19765625
0.78125,2026-07-15|2026-07-16|2026-07-17|2026-07-20|2026-07-21,2026-07-22,gp_qvi,through,0.02,4299,10,10,7,3,4,7,0,0,0,7,6,13,3,3,3,3,0,none,0,0,1,94.000244140625,8.15111409301758,17.77841420288086,85.84913004760742,76.22182993774413,45426.0009765625,18755.999755859375,64182.000732421875,14.6458887332785,11.875888733278499,15.453910666656498,23387.244,3636.879,3636.879,0.15550695071210613,0.39434369617391646,0.15550695071210618,2841.31171875
0.78125,2026-07-15|2026-07-16|2026-07-17|2026-07-20|2026-07-21,2026-07-22,gp_qvi,touch,0.02,4299,30,24,32,16,16,30,2,2,0,14,8,22,4,4,4,4,0,none,0,0,1,163.99879455566406,26.735024083328252,58.31182418174743,137.2637704723358,105.68697037391664,186828.00102233887,23683.999633789062,210512.00065612793,7.790472469242105,5.020472469242106,18.179452798843386,23387.244,3724.672,3724.672,0.1592608346669663,0.3990749737417348,0.15926083466696628,2909.9
0.78125,2026-07-16|2026-07-17|2026-07-20|2026-07-21|2026-07-22,2026-07-23,gp_qvi,through,0.02,4091,11,11,6,3,3,5,1,0,1,8,8,16,4,4,4,4,0,none,0,0,1,-90.00010681152344,7.669530013565064,16.728030029586797,-97.6696368250885,-106.72813684111023,36208.0001373291,24181.999969482422,60390.00010681152,-14.90314731782425,-17.673147317824252,107.05182439384461,23383.334,3643.167,3643.167,0.15580186298497897,0.39471744702379064,0.155801862984979,2846.22421875
0.78125,2026-07-16|2026-07-17|2026-07-20|2026-07-21|2026-07-22,2026-07-23,gp_qvi,touch,0.02,4091,27,30,29,13,16,27,2,0,2,14,14,28,5,5,5,5,0,none,0,0,1,-56.00047302246094,25.991819986434933,56.6908199704132,-81.99229300889587,-112.69129299287414,174461.99993896484,30197.999954223633,204659.99989318848,-2.736268594336335,-5.506268594336335,123.35806020249939,23383.334,3806.52,3806.52,0.16278773591481865,0.4034696220470863,0.16278773591481865,2973.84375
0.78125,2026-07-17|2026-07-20|2026-07-21|2026-07-22|2026-07-23,2026-07-24,gp_qvi,through,0.02,3774,0,0,0,0,0,0,0,0,0,0,0,0,0,0,0,0,0,none,0,0,0,0.0,0.0,0.0,0.0,0.0,0.0,0.0,0.0,,,0.0,23376.095,0.0,0.0,0.0,0.0,0.0,0.0
0.78125,2026-07-17|2026-07-20|2026-07-21|2026-07-22|2026-07-23,2026-07-24,gp_qvi,touch,0.02,3774,9,7,10,5,5,9,1,0,1,4,2,6,2,2,2,2,0,none,0,0,1,-72.0001220703125,7.841488031005859,17.10308806762696,-79.84161010131837,-89.10321013793946,51422.00050354004,10321.999740600586,61744.000244140625,-11.661071810316528,-14.431071810316526,89.10321013793946,23376.095,3642.687,3642.687,0.15582957718130425,0.39475255183634245,0.1558295771813042,2845.84921875
0.78125,2026-07-20|2026-07-21|2026-07-22|2026-07-23|2026-07-24,2026-07-27,gp_qvi,through,0.02,3683,1,1,1,1,0,1,0,0,0,0,1,1,1,1,1,1,0,none,0,0,1,0.0,1.2715240348815917,2.773324076080322,-1.2715240348815917,-2.773324076080322,5006.000137329102,5006.000137329102,10012.000274658203,0.0,-2.77,2.773324076080322,23387.273,5.224,5.224,0.0002233693513561842,0.014945546204678643,0.00022336935135613967,4.08125
0.78125,2026-07-20|2026-07-21|2026-07-22|2026-07-23|2026-07-24,2026-07-27,gp_qvi,touch,0.02,3683,6,5,7,4,3,7,0,0,0,2,2,4,1,1,1,1,0,none,0,0,1,4.57763671875e-05,5.316727986434936,11.596327970413208,-5.316682210067748,-11.59628219404602,36857.999755859375,5006.000137329102,41863.99989318848,1.0934542161354269e-05,-2.7699890654578385,15.074763147735595,23387.273,47.92,47.92,0.002048977664048305,0.0452656344708467,0.0020489776640483237,37.4375
0.78125,2026-07-21|2026-07-22|2026-07-23|2026-07-24|2026-07-27,2026-07-28,gp_qvi,through,0.02,4611,3,3,5,3,2,5,0,0,0,0,1,1,1,1,1,1,0,none,0,0,2,-0.0002899169921875,3.1450280523223872,6.859628114120484,-3.1453179693145747,-6.859918031112671,20644.00033569336,4120.000076293945,24764.000411987305,-0.00011707195419329838,-2.770117071954193,11.14645491142273,23382.008,3.936,4.552,0.00016833455877698783,0.013952763221398504,0.00015516203740928436,3.55625
0.78125,2026-07-21|2026-07-22|2026-07-23|2026-07-24|2026-07-27,2026-07-28,gp_qvi,touch,0.02,4611,13,11,20,10,10,19,1,0,1,3,1,4,2,2,2,2,0,none,0,0,1,41.99909973144486,11.419586094955443,24.907286207107546,30.579513636489416,17.09181352433731,81632.00068664551,8286.000061035156,89918.00074768066,4.670822236061357,1.9008222360613567,27.189610033798218,23382.008,12.068,12.068,0.0005161233372257849,0.022718348030298877,0.0005161233372258378,9.428125
0.78125,2026-07-22|2026-07-23|2026-07-24|2026-07-27|2026-07-28,2026-07-29,gp_qvi,through,0.02,6884,3,4,6,3,3,6,0,0,0,0,1,1,0,0,0,0,0,none,0,0,1,33.99967956542923,2.296922013565063,5.009822029586792,31.70275755186417,28.98985753584244,18086.000106811523,0.0,18086.000106811523,18.79889382098606,16.028893820986056,0.0,23390.931,2.331,2.331,9.96540069311478e-05,0.009982685356713783,9.965400693112691e-05,1.82109375
0.78125,2026-07-22|2026-07-23|2026-07-24|2026-07-27|2026-07-28,2026-07-29,gp_qvi,touch,0.02,6884,21,15,27,13,14,25,2,2,0,8,1,9,3,3,3,3,0,none,0,0,1,83.99906158447266,11.619992061042781,25.344392133140566,72.37906952342988,58.65466945133209,82012.00046539307,9484.000015258789,91496.00048065186,9.180626600420142,6.410626600420142,8.751961088562012,23390.931,54.034,54.034,0.0023100405879526555,0.04806288160267397,0.0023100405879526997,42.2140625
0.78125,2026-07-23|2026-07-24|2026-07-27|2026-07-28|2026-07-29,2026-07-30,gp_qvi,through,0.02,5990,7,7,6,2,4,6,0,0,0,5,3,8,4,4,4,4,0,none,0,0,1,4.000091552734375,3.7774879825592036,8.23908796195984,0.2226035701751714,-4.238996409225464,17919.999885559082,11823.999977111816,29743.9998626709,1.3448398235620427,-1.4251601764379578,10.549479514694214,23385.652,6.047,6.047,0.00025857735332758736,0.016080340584937475,0.0002585773533275715,4.72421875
0.78125,2026-07-23|2026-07-24|2026-07-27|2026-07-28|2026-07-29,2026-07-30,gp_qvi,touch,0.02,5990,50,45,66,30,36,59,7,5,2,20,9,29,8,8,8,8,0,none,0,0,1,232.00016021728516,27.74594408817291,60.51674419231414,204.25421612911225,171.483416024971,194872.00031280518,23600.000381469727,218472.0006942749,10.61921708411236,7.849217084112361,18.620641445922843,23385.652,3731.872,3731.872,0.1595795575851381,0.3994741012695793,0.1595795575851381,2915.525
0.5,2026-07-02,2026-07-03,gp_qvi,through,0.05,4888,180,173,184,92,92,176,8,6,2,88,81,169,0,0,0,0,0,none,0,0,1,-1270.0062561035156,269.56639029068003,587.951890634003,-1539.5726463941955,-1857.9581467375187,2122570.0022888184,0.0,2122570.0022888184,-5.983342150007007,-8.75334215000701,1883.1726613859562,23383.259,4297.94,4297.94,0.18380414808731324,0.4287238599463683,0.18380414808731327,2148.97
0.5,2026-07-02,2026-07-03,gp_qvi,touch,0.05,4888,2130,2037,3079,1540,1539,2478,601,324,277,590,498,1088,1,1,1,1,0,none,0,0,2,409.9205017089844,4472.7317186241235,9755.485716999085,-4062.811216915139,-9345.5652152901,35206574.98931885,11784.99984741211,35218359.98916626,0.11639397798054271,-2.6536060220194657,9490.339862301671,23383.259,8791.423,8840.079,0.3759708174125771,0.6148590263764797,0.37493041496054935,4420.0395
0.5,2026-07-02|2026-07-03,2026-07-06,gp_qvi,through,0.05,4348,141,113,118,59,59,108,10,2,8,82,54,136,0,0,0,0,0,none,0,0,2,-40.006561279296875,164.44087036819465,358.6623708030701,-204.44743164749153,-398.66893208236695,1294810.00289917,0.0,1294810.00289917,-0.3089763068691112,-3.0789763068691114,478.75537751846315,23370.842,4358.354,4368.31,0.1864868197731173,0.43233415396525365,0.18627381931725007,2184.155
0.5,2026-07-02|2026-07-03,2026-07-06,gp_qvi,touch,0.05,4348,1842,1807,2563,1282,1281,1810,753,387,366,560,526,1086,3,3,3,3,0,none,0,0,2,-130.084228515625,3545.108480503846,7732.244481098936,-3675.192709019471,-7862.328709614561,27880695.00427246,33544.99969482422,27914240.003967285,-0.04660138642396744,-2.816601386423967,8256.174146730804,23370.842,9385.756,9418.494,0.4016011061989123,0.6348243154820022,0.40090070353477214,4709.247
0.5,2026-07-02|2026-07-03|2026-07-06,2026-07-07,gp_qvi,through,0.02,7603,106,103,108,54,54,98,10,5,5,52,49,101,10,10,10,10,0,none,0,0,1,-23.999053955078125,137.14577617440796,299.12897638040164,-161.14483012948608,-323.12803033547976,988818.0016784668,91069.99969482422,1079888.001373291,-0.22223650901351424,-2.9922365090135146,383.784332627533,23387.055,446.482,446.482,0.01909098858321409,0.1381701436027845,0.01909098858321412,223.241
0.5,2026-07-02|2026-07-03|2026-07-06,2026-07-07,gp_qvi,touch,0.02,7603,279,249,344,172,172,316,28,14,14,107,77,184,0,0,0,0,0,none,0,0,1,-78.00674438476562,399.8810902519225,872.1815905494684,-477.8878346366881,-950.188334934234,3148670.0019836426,0.0,3148670.0019836426,-0.24774506167880997,-3.017745061678808,1069.2521964950556,23387.055,704.306,704.306,0.030115206895438524,0.17353733573913863,0.030115206895438562,352.153
0.5,2026-07-02|2026-07-03|2026-07-06|2026-07-07,2026-07-08,gp_qvi,through,0.02,7159,76,67,83,40,43,80,3,2,1,36,24,60,7,7,7,7,0,none,0,0,1,94.99826049804688,98.03803116665644,213.83098136349486,-3.039770668609563,-118.83272086544798,712649.0019836426,59303.99932861328,771953.0013122559,1.2306223349939407,-1.539377665006059,257.7181064848938,23385.794,235.892,235.892,0.010086978445119289,0.10043395065972108,0.010086978445119299,117.946
0.5,2026-07-02|2026-07-03|2026-07-06|2026-07-07,2026-07-08,gp_qvi,touch,0.02,7159,500,465,694,347,347,632,62,36,26,153,118,271,0,0,0,0,0,none,0,0,1,1080.9883117675781,763.3315957557679,1664.9043466484072,317.6567160118102,-583.9160348808291,6010485.005950928,0.0,6010485.005950928,1.7985042982343373,-0.9714957017656629,1153.1510837287906,23385.794,4845.276,4845.276,0.20718886004041598,0.4551800303620711,0.20718886004041603,2422.638
0.5,2026-07-02|2026-07-03|2026-07-06|2026-07-07|2026-07-08,2026-07-09,gp_qvi,through,0.02,8023,117,124,119,61,58,106,13,5,8,56,66,122,15,15,15,15,0,none,0,0,1,-99.99771118164062,156.6057323371887,341.5731327354432,-256.6034435188293,-441.57084391708383,1095228.0014038086,137888.0012512207,1233116.0026550293,-0.810935151002298,-3.5809351510022984,542.2629188926697,23386.058,3947.791,3947.791,0.16880959587118102,0.41086444951003126,0.16880959587118105,1973.8955
0.5,2026-07-02|2026-07-03|2026-07-06|2026-07-07|2026-07-08,2026-07-09,gp_qvi,touch,0.02,8023,437,418,574,287,287,507,67,38,29,150,131,281,0,0,0,0,0,none,0,0,1,381.99310302734375,663.6062415039062,1447.3931409179686,-281.6131384765624,-1065.4000378906248,5225245.99609375,0.0,5225245.99609375,0.7310528601197174,-2.0389471398802823,1187.641478175354,23386.058,1258.346,1258.346,0.05380752925525114,0.23196449998922494,0.05380752925525112,629.173
0.5,2026-07-03|2026-07-06|2026-07-07|2026-07-08|2026-07-09,2026-07-10,gp_qvi,through,0.02,4649,51,52,54,24,30,51,3,2,1,27,22,49,10,10,10,10,0,none,0,0,1,-24.0020751953125,75.71232007751466,165.1363201690674,-99.71439527282716,-189.1383953643799,503956.0005187988,92204.00009155273,596160.0006103516,-0.40261129848931587,-3.1726112984893162,261.89909531097413,23385.296,262.536,262.536,0.011226541669602986,0.10595537584097839,0.011226541669603018,131.268
0.5,2026-07-03|2026-07-06|2026-07-07|2026-07-08|2026-07-09,2026-07-10,gp_qvi,touch,0.02,4649,176,155,238,119,119,208,30,14,16,57,36,93,0,0,0,0,0,none,0,0,1,265.997314453125,281.8635465270995,614.7732471496573,-15.866232073974516,-348.7759326965323,2219398.0041503906,0.0,2219398.0041503906,1.198511100558332,-1.5714888994416643,436.85785106201087,23385.296,591.541,591.541,0.025295424954210544,0.1590453550224292,0.025295424954210555,295.7705
0.5,2026-07-06|2026-07-07|2026-07-08|2026-07-09|2026-07-10,2026-07-14,gp_qvi,through,0.02,6615,19,19,21,11,10,21,0,0,0,8,9,17,1,1,1,1,0,none,0,0,1,33.99810791015625,17.05533803100586,37.19943806762695,16.94276987915039,-3.2013301574707,127912.0002746582,6381.999969482422,134294.00024414062,2.5316177825032518,-0.23838221749674757,41.169176776504514,23390.474,14.452,14.452,0.0006178583640502539,0.02485675690934467,0.0006178583640502611,7.226
0.5,2026-07-06|2026-07-07|2026-07-08|2026-07-09|2026-07-10,2026-07-14,gp_qvi,touch,0.02,6615,78,72,101,50,51,91,10,8,2,28,21,49,1,1,1,1,0,none,0,0,2,69.99702453613281,78.03362572288513,170.1993253955841,-8.036601186752321,-100.2023008594513,608977.997970581,5459.999847412109,614437.9978179932,1.139204033355813,-1.630795966644187,158.01215798225405,23390.474,110.689,117.423,0.0047322256060309,0.0708528092889182,0.004588278116980482,58.7115
0.5,2026-07-07|2026-07-08|2026-07-09|2026-07-10|2026-07-14,2026-07-15,gp_qvi,through,0.02,5634,75,93,88,44,44,86,2,1,1,31,49,80,0,0,0,0,0,none,0,0,1,28.000640869140625,84.16086766281123,183.56346726455692,-56.1602267936706,-155.5628263954163,662683.9973449707,0.0,662683.9973449707,0.4225338318312287,-2.3474661681687716,174.03271409454348,23387.034,346.538,346.538,0.0148175266688371,0.12172726345744038,0.014817526668837067,173.269
0.5,2026-07-07|2026-07-08|2026-07-09|2026-07-10|2026-07-14,2026-07-15,gp_qvi,touch,0.02,5634,353,384,500,250,250,426,74,31,43,103,134,237,0,0,0,0,0,none,0,0,1,419.9928283691406,482.89616418991096,1053.2459644142148,-62.90333582077034,-633.2531360450741,3802332.0014953613,0.0,3802332.0014953613,1.1045664297698572,-1.6654335702301422,650.6706102729796,23387.034,973.218,973.218,0.04161357100690921,0.2039940464986888,0.04161357100690921,486.609
0.5,2026-07-08|2026-07-09|2026-07-10|2026-07-14|2026-07-15,2026-07-16,gp_qvi,through,0.02,5321,56,60,65,34,31,63,2,1,1,22,29,51,9,9,9,9,0,none,0,0,1,153.9986114501953,53.796945939926154,117.33664586897277,100.20166551026915,36.661965581222546,371763.99951171875,51834.00001525879,423597.99952697754,3.635489582626975,0.8654895826269753,85.02799376058958,23388.122,158.331,158.331,0.0067697184066339315,0.08227829851567138,0.006769718406633984,79.1655
0.5,2026-07-08|2026-07-09|2026-07-10|2026-07-14|2026-07-15,2026-07-16,gp_qvi,touch,0.02,5321,363,334,476,238,238,396,80,43,37,125,96,221,0,0,0,0,0,none,0,0,1,237.99209594726562,350.25406216278026,763.9399623550413,-112.26196621551463,-525.9478664077757,2757906.0012817383,0.0,2757906.0012817383,0.8629449148617055,-1.9070550851382937,697.7977316074366,23388.122,1060.426,1060.426,0.04534036550690133,0.21293277227073648,0.04534036550690135,530.213
0.5,2026-07-09|2026-07-10|2026-07-14|2026-07-15|2026-07-16,2026-07-17,gp_qvi,through,0.02,2369,59,56,63,30,33,62,1,0,1,29,23,52,11,11,11,11,0,none,0,0,1,-42.0013427734375,44.03826573257448,96.05196541671754,-86.03960850601197,-138.05330819015504,295335.9977722168,51422.00012207031,346757.9978942871,-1.2112580828270343,-3.9812580828270345,209.45433896980285,23380.981,162.315,162.315,0.0069421809119129775,0.08331975103127096,0.00694218091191301,81.1575
0.5,2026-07-09|2026-07-10|2026-07-14|2026-07-15|2026-07-16,2026-07-17,gp_qvi,touch,0.02,2369,388,368,544,272,272,515,29,17,12,116,96,212,0,0,0,0,0,none,0,0,1,361.98768615722656,322.893181901168,704.2630817844387,39.09450425605854,-342.2753956272121,2542465.9992218018,0.0,2542465.9992218018,1.423766084848426,-1.3462339151515723,437.2659087219235,23380.981,1508.653,1508.653,0.06452479474663617,0.2540173119034137,0.0645247947466362,754.3265
0.5,2026-07-10|2026-07-14|2026-07-15|2026-07-16|2026-07-17,2026-07-20,gp_qvi,through,0.02,5193,49,59,66,35,31,63,3,3,0,14,28,42,6,6,6,6,0,none,0,0,1,167.9982147216797,49.19167186241151,107.2920716999054,118.80654285926818,60.70614302177428,355157.9990386963,32177.999877929688,387335.998916626,4.3372734574521505,1.5672734574521505,46.631705847839385,23389.585,92.564,92.564,0.003957487916095989,0.06290856790689157,0.003957487916095959,46.282
0.5,2026-07-10|2026-07-14|2026-07-15|2026-07-16|2026-07-17,2026-07-20,gp_qvi,touch,0.02,5193,273,302,406,203,203,350,56,29,27,70,99,169,0,0,0,0,0,none,0,0,2,485.992431640625,272.7962536666871,594.9965532730099,213.1961779739379,-109.00412163238491,2148001.9973754883,0.0,2148001.9973754883,2.2625324940778886,-0.5074675059221097,239.58690114364586,23389.585,871.209,871.285,0.03724773227058112,0.1930051335587979,0.03724610761584701,435.6425
0.5,2026-07-14|2026-07-15|2026-07-16|2026-07-17|2026-07-20,2026-07-21,gp_qvi,through,0.02,3953,26,23,19,8,11,18,1,0,1,18,12,30,5,5,5,5,0,none,0,0,2,-322.00050354003906,17.449037982559208,38.058137961959844,-339.4495415225983,-360.0586415019989,108884.00001525879,28509.99984741211,137393.9998626709,-23.436285708392468,-26.206285708392468,361.51285945281984,23382.108,7335.17,14578.026,0.3137086698940917,0.7896007081459533,0.15882836568884207,7289.013
0.5,2026-07-14|2026-07-15|2026-07-16|2026-07-17|2026-07-20,2026-07-21,gp_qvi,touch,0.02,3953,180,159,221,111,110,186,35,21,14,69,49,118,1,1,1,1,0,none,0,0,2,-88.00239562988281,160.55339975776675,350.1833994716642,-248.55579538764957,-438.185795101547,1258421.9982147217,5777.9998779296875,1264199.9980926514,-0.6961113412644797,-3.4661113412644777,475.712786117172,23382.108,7905.588,15148.444,0.33810416066849064,0.8049004715360712,0.18322385646324102,7574.222
0.5,2026-07-15|2026-07-16|2026-07-17|2026-07-20|2026-07-21,2026-07-22,gp_qvi,through,0.02,4299,29,26,22,9,13,22,0,0,0,20,13,33,6,6,6,6,0,none,0,0,1,108.00022888183594,21.013928094955443,45.83352820710754,86.98630078688049,62.166700674728396,129872.00131225586,35591.999435424805,165464.00074768066,6.527113353588472,3.757113353588472,32.23458206185912,23387.244,3728.046,3728.046,0.1594051013449896,0.39925568417367535,0.15940510134498964,1864.023
0.5,2026-07-15|2026-07-16|2026-07-17|2026-07-20|2026-07-21,2026-07-22,gp_qvi,touch,0.02,4299,222,215,291,145,146,251,40,18,22,77,69,146,1,1,1,1,0,none,0,0,2,251.98974609375,218.7016203681945,477.01062080306997,33.28812572555549,-225.02087470931997,1716420.002746582,5640.000152587891,1722060.00289917,1.4633040989832715,-1.3066959010167278,286.356769870758,23387.244,4579.629,4600.877,0.1958173866061345,0.44353795334694723,0.19536312187960236,2300.4385
0.5,2026-07-16|2026-07-17|2026-07-20|2026-07-21|2026-07-22,2026-07-23,gp_qvi,through,0.02,4091,27,31,21,9,12,19,2,0,2,18,19,37,5,5,5,5,0,none,0,0,1,-106.00004577636719,19.872705936050416,43.34440586051941,-125.8727517124176,-149.3444516368866,126347.9995727539,30129.999923706055,156477.99949645996,-6.774118158301561,-9.54411815830156,149.3444516368866,23383.334,3815.582,3815.582,0.1631752768873763,0.40394959696399785,0.16317527688737632,1907.791
0.5,2026-07-16|2026-07-17|2026-07-20|2026-07-21|2026-07-22,2026-07-23,gp_qvi,touch,0.02,4091,214,221,272,136,136,226,46,17,29,78,85,163,0,0,0,0,0,none,0,0,1,45.99800109863281,206.904082288742,451.2789826297764,-160.90608119010918,-405.2809815311436,1629166.0022735596,0.0,1629166.0022735596,0.28234078684701835,-2.4876592131529844,427.63127413864174,23383.334,5150.16,5150.16,0.22024917404849112,0.4693071212420403,0.2202491740484911,2575.08
0.5,2026-07-17|2026-07-20|2026-07-21|2026-07-22|2026-07-23,2026-07-24,gp_qvi,through,0.02,3774,9,10,10,5,5,10,0,0,0,4,5,9,2,2,2,2,0,none,0,0,1,-81.99996948242188,7.840218050384522,17.100318109893806,-89.8401875328064,-99.10028759231568,51412.00065612793,10321.999740600586,61734.000396728516,-13.282788893552299,-16.0527888935523,99.10028759231568,23376.095,3664.715,3664.715,0.15677190736947297,0.3959443235727379,0.156771907369473,1832.3575
0.5,2026-07-17|2026-07-20|2026-07-21|2026-07-22|2026-07-23,2026-07-24,gp_qvi,touch,0.02,3774,121,116,143,62,81,115,28,15,13,59,35,94,21,21,21,21,0,none,0,0,1,-44.0032958984375,109.57052007751463,238.9845201690672,-153.57381597595213,-282.9878160675047,752222.00050354,110538.00010681152,862760.0006103516,-0.5100293924997424,-3.28002939249974,294.29101232070906,23376.095,4091.406,4091.406,0.17502521272265534,0.41836014714914627,0.17502521272265537,2045.703
0.5,2026-07-20|2026-07-21|2026-07-22|2026-07-23|2026-07-24,2026-07-27,gp_qvi,through,0.02,3683,4,4,4,2,2,4,0,0,0,2,2,4,2,2,2,2,0,none,0,0,1,-8.000137329101562,3.932936009689331,8.578136021133423,-11.933073338790894,-16.578273350234987,20532.00001525879,10436.000061035156,30968.000076293945,-2.5833561448566646,-5.353356144856665,17.074209147735594,23387.273,21.383,21.383,0.0009143006967935081,0.030237405589658452,0.0009143006967935463,10.6915
0.5,2026-07-20|2026-07-21|2026-07-22|2026-07-23|2026-07-24,2026-07-27,gp_qvi,touch,0.02,3683,109,103,140,70,70,116,24,16,8,39,33,72,0,0,0,0,0,none,0,0,1,155.99832153320312,93.22612779846189,203.33572756042477,62.772193734741236,-47.33740602722165,734063.9984130859,0.0,734063.9984130859,2.1251324390031847,-0.6448675609968149,84.6192739569702,23387.273,589.953,589.953,0.02522538647408785,0.15882501841362354,0.025225386474087896,294.9765
0.5,2026-07-21|2026-07-22|2026-07-23|2026-07-24|2026-07-27,2026-07-28,gp_qvi,through,0.02,4611,3,4,6,3,3,6,0,0,0,0,1,1,0,0,0,0,0,none,0,0,2,3.9998016357421875,3.1455360639495846,6.860736139480591,0.8542655717926029,-2.8609345037384033,24768.00050354004,0.0,24768.00050354004,1.61490695834349,-1.15509304165651,11.14645491142273,23382.008,4.605,5.221,0.00019694630161789357,0.014942936269465799,0.00018377378025014046,2.6105
0.5,2026-07-21|2026-07-22|2026-07-23|2026-07-24|2026-07-27,2026-07-28,gp_qvi,touch,0.02,4611,15,13,22,11,11,21,1,0,1,4,2,6,4,4,4,4,0,none,0,0,1,37.99934387207031,13.356590106582642,29.132090232467654,24.64275376548767,8.867253639602659,89256.00051879883,15914.00032043457,105170.0008392334,3.613135263748591,0.8431352637485909,27.681520436096193,23382.008,18.384,18.384,0.0007862455611169066,0.028040070633236762,0.0007862455611169494,9.192
0.5,2026-07-22|2026-07-23|2026-07-24|2026-07-27|2026-07-28,2026-07-29,gp_qvi,through,0.02,6884,10,8,13,6,7,13,0,0,0,4,1,5,1,1,1,1,0,none,0,0,1,41.99948120117142,5.083302032943726,11.087202071853637,36.91617916822769,30.91227912931778,37236.00029754639,2789.9999618530273,40026.000259399414,10.49304974990814,7.7230497499081405,8.751961088562012,23390.931,8.363,8.363,0.000357531728856795,0.01890850942979893,0.00035753172885677476,4.1815
0.5,2026-07-22|2026-07-23|2026-07-24|2026-07-27|2026-07-28,2026-07-29,gp_qvi,touch,0.02,6884,142,160,214,96,118,186,28,17,11,46,42,88,22,22,22,22,0,none,0,0,1,205.9965591430664,94.26981391764069,205.61211382036592,111.72674522542572,0.38444532270048626,673463.9993209839,68818.00003051758,742281.9993515015,2.7751792354258407,0.0051792354258403,123.97105445108807,23390.931,461.887,461.887,0.019746413684859316,0.14052193310960148,0.0197464136848593,230.9435
0.5,2026-07-23|2026-07-24|2026-07-27|2026-07-28|2026-07-29,2026-07-30,gp_qvi,through,0.02,5990,12,10,10,5,5,9,1,1,0,7,5,12,0,0,0,0,0,none,0,0,1,8.000274658203125,3.7774879709320066,8.239087936599732,4.222786687271118,-0.2388132783966075,29743.999771118164,0.0,29743.999771118164,2.6897104356393595,-0.08028956436064072,12.552079606155395,23385.652,10.134,10.134,0.00043334263248251534,0.020816883351801617,0.00043334263248251403,5.067
0.5,2026-07-23|2026-07-24|2026-07-27|2026-07-28|2026-07-29,2026-07-30,gp_qvi,touch,0.02,5990,1979,1877,2728,1364,1364,1876,852,450,402,615,513,1128,0,0,0,0,0,none,0,0,1,435.98365783691406,1008.9672485542268,2200.6608492088335,-572.9835907173127,-1764.6771913719194,7944624.004364014,0.0,7944624.004364014,0.5487782147996262,-2.2212217852003757,1851.4829252601596,23385.652,7614.258,7614.258,0.3255952838090638,0.5706095721323502,0.3255952838090638,3807.129
0.390625,2026-07-02,2026-07-03,gp_qvi,through,0.05,4888,2161,2041,2060,1030,1030,1975,85,50,35,1131,1011,2142,0,0,0,0,0,none,0,0,1,-9185.084228515625,2985.117855930177,6510.847607028792,-12170.202084445802,-15695.931835544416,23504865.00732422,0.0,23504865.00732422,-3.907737494196845,-6.677737494196838,15729.596670895979,23383.259,10116.015,10116.015,0.4326178399683295,0.6577369078653937,0.4326178399683295,3951.568359375
0.390625,2026-07-02,2026-07-03,gp_qvi,touch,0.05,4888,2132,2044,3085,1542,1543,2483,602,324,278,590,501,1091,3,3,3,3,0,none,0,0,2,349.9198913574219,4484.437308585366,9781.01680691455,-4134.517417227944,-9431.096915557127,35275134.98916626,35394.99969482422,35310529.988861084,0.09909788708008806,-2.6709021129199204,9575.871562568698,23383.259,8828.91,8928.958,0.37757397290086897,0.617942221810226,0.37543466460342423,3487.87421875
0.390625,2026-07-02|2026-07-03,2026-07-06,gp_qvi,through,0.05,4348,1907,1796,1699,849,850,1503,196,96,100,1058,946,2004,1,1,1,1,0,none,0,0,2,-7160.081939697266,2349.9406919184844,5125.461194184426,-9510.02263161575,-12285.543133881692,18492585.01525879,10884.99984741211,18503470.0151062,-3.8695887494895755,-6.6395887494895796,12655.24743660981,23370.842,6817.823,6842.323,0.29172346464881327,0.5410838931882613,0.29119930723933696,2672.782421875
0.390625,2026-07-02|2026-07-03,2026-07-06,gp_qvi,touch,0.05,4348,1843,1808,2564,1282,1282,1809,755,387,368,561,526,1087,4,4,4,4,0,none,0,0,2,-265.0840759277344,3547.7850056007396,7738.082256310271,-3812.869081528474,-8003.166332238005,27891165.004730225,44150.0,27935315.004730225,-0.09489210194438412,-2.864892101944384,8397.011769354247,23370.842,9495.731,9663.977,0.4063067560852108,0.6430441092915619,0.40270727088052716,3774.991015625
0.390625,2026-07-02|2026-07-03|2026-07-06,2026-07-07,gp_qvi,through,0.02,7603,106,103,108,54,54,98,10,5,5,52,49,101,10,10,10,10,0,none,0,0,1,-1.999053955078125,137.142982174408,299.1228823804017,-139.14203612948612,-301.1219363354798,988796.0016784668,91069.99969482422,1079866.001373291,-0.018512055685945116,-2.788512055685946,361.778238627533,23387.055,451.888,451.888,0.019322142099550372,0.13900410821105386,0.01932214209955041,176.51875
0.390625,2026-07-02|2026-07-03|2026-07-06,2026-07-07,gp_qvi,touch,0.02,7603,279,249,344,172,172,316,28,14,14,107,77,184,0,0,0,0,0,none,0,0,1,-78.00674438476562,399.8810902519225,872.1815905494684,-477.8878346366881,-950.188334934234,3148670.0019836426,0.0,3148670.0019836426,-0.24774506167880997,-3.017745061678808,1069.2521964950556,23387.055,704.306,704.306,0.030115206895438524,0.17353733573913863,0.030115206895438562,275.11953125
0.390625,2026-07-02|2026-07-03|2026-07-06|2026-07-07,2026-07-08,gp_qvi,through,0.02,7159,170,185,211,103,108,202,9,7,2,67,77,144,5,5,5,5,0,none,0,0,1,-81.00424194335938,238.99152132168564,521.2649717016299,-319.995763265045,-602.2692136449892,1841021.0028686523,40801.99966430664,1881823.002532959,-0.4304562216230038,-3.200456221623005,727.3149160202029,23385.794,559.056,559.056,0.023905795116471135,0.15461498994751813,0.023905795116471174,218.38125
0.390625,2026-07-02|2026-07-03|2026-07-06|2026-07-07,2026-07-08,gp_qvi,touch,0.02,7159,500,465,694,347,347,632,62,36,26,153,118,271,0,0,0,0,0,none,0,0,1,1080.9883117675781,763.3315957557679,1664.9043466484072,317.6567160118102,-583.9160348808291,6010485.005950928,0.0,6010485.005950928,1.7985042982343373,-0.9714957017656629,1153.1510837287906,23385.794,4845.276,4845.276,0.20718886004041598,0.4551800303620711,0.20718886004041603,1892.6859375
0.390625,2026-07-02|2026-07-03|2026-07-06|2026-07-07|2026-07-08,2026-07-09,gp_qvi,through,0.02,8023,130,138,132,66,66,117,15,7,8,64,72,136,0,0,0,0,0,none,0,0,1,-143.9971923828125,154.1678401550293,336.2558403381349,-298.1650325378418,-480.2530327209474,1213920.0012207031,0.0,1213920.0012207031,-1.1862164906914021,-3.956216490691403,580.9247406417848,23386.058,4040.986,4040.986,0.17279466252927278,0.4156857737874521,0.17279466252927278,1578.51015625
0.390625,2026-07-02|2026-07-03|2026-07-06|2026-07-07|2026-07-08,2026-07-09,gp_qvi,touch,0.02,8023,437,418,574,287,287,507,67,38,29,150,131,281,0,0,0,0,0,none,0,0,1,381.99310302734375,663.6062415039062,1447.3931409179686,-281.6131384765624,-1065.4000378906248,5225245.99609375,0.0,5225245.99609375,0.7310528601197174,-2.0389471398802823,1187.641478175354,23386.058,1258.346,1258.346,0.05380752925525114,0.23196449998922494,0.05380752925525112,491.54140625
0.390625,2026-07-03|2026-07-06|2026-07-07|2026-07-08|2026-07-09,2026-07-10,gp_qvi,through,0.02,4649,93,70,88,44,44,80,8,5,3,49,26,75,0,0,0,0,0,none,0,0,1,-86.00387573242188,103.0272259651184,224.71292592391967,-189.0311016975403,-310.71680165634154,811237.9997253418,0.0,811237.9997253418,-1.0601559069168347,-3.8301559069168345,383.4775016029358,23385.296,642.59,642.59,0.02747837786616,0.16576603351157318,0.02747837786616003,251.01171875
0.390625,2026-07-03|2026-07-06|2026-07-07|2026-07-08|2026-07-09,2026-07-10,gp_qvi,touch,0.02,4649,176,157,238,119,119,208,30,14,16,57,38,95,0,0,0,0,0,none,0,0,1,265.997314453125,281.8635465270995,614.7732471496573,-15.866232073974516,-348.7759326965323,2219398.0041503906,0.0,2219398.0041503906,1.198511100558332,-1.5714888994416643,436.85785106201087,23385.296,591.541,591.541,0.025295424954210544,0.1590453550224292,0.025295424954210555,231.070703125
0.390625,2026-07-06|2026-07-07|2026-07-08|2026-07-09|2026-07-10,2026-07-14,gp_qvi,through,0.02,6615,46,45,42,21,21,41,1,1,0,25,24,49,0,0,0,0,0,none,0,0,1,-96.00257873535156,31.6804040058136,69.09820401268007,-127.68298274116516,-165.10078274803163,249452.00004577637,0.0,249452.00004577637,-3.8485391465185423,-6.618539146518544,210.30277799453734,23390.474,132.562,132.562,0.005667349879271365,0.07528180310852926,0.005667349879271311,51.78203125
0.390625,2026-07-06|2026-07-07|2026-07-08|2026-07-09|2026-07-10,2026-07-14,gp_qvi,touch,0.02,6615,78,72,101,50,51,91,10,8,2,28,21,49,1,1,1,1,0,none,0,0,2,69.99702453613281,78.03362572288513,170.1993253955841,-8.036601186752321,-100.2023008594513,608977.997970581,5459.999847412109,614437.9978179932,1.139204033355813,-1.630795966644187,158.01215798225405,23390.474,110.689,117.423,0.0047322256060309,0.0708528092889182,0.004588278116980482,45.868359375
0.390625,2026-07-07|2026-07-08|2026-07-09|2026-07-10|2026-07-14,2026-07-15,gp_qvi,through,0.02,5634,75,93,88,44,44,86,2,1,1,31,49,80,0,0,0,0,0,none,0,0,1,28.000640869140625,84.16086766281123,183.56346726455692,-56.1602267936706,-155.5628263954163,662683.9973449707,0.0,662683.9973449707,0.4225338318312287,-2.3474661681687716,174.03271409454348,23387.034,346.538,346.538,0.0148175266688371,0.12172726345744038,0.014817526668837067,135.36640625
0.390625,2026-07-07|2026-07-08|2026-07-09|2026-07-10|2026-07-14,2026-07-15,gp_qvi,touch,0.02,5634,353,384,500,250,250,426,74,31,43,103,134,237,0,0,0,0,0,none,0,0,1,419.9928283691406,482.89616418991096,1053.2459644142148,-62.90333582077034,-633.2531360450741,3802332.0014953613,0.0,3802332.0014953613,1.1045664297698572,-1.6654335702301422,650.6706102729796,23387.034,973.218,973.218,0.04161357100690921,0.2039940464986888,0.04161357100690921,380.16328125
0.390625,2026-07-08|2026-07-09|2026-07-10|2026-07-14|2026-07-15,2026-07-16,gp_qvi,through,0.02,5321,60,69,74,37,37,69,5,3,2,23,32,55,0,0,0,0,0,none,0,0,1,155.9986114501953,53.79821597480775,117.3394159450531,102.20039547538755,38.65919550514221,423607.99980163574,0.0,423607.99980163574,3.682617219770289,0.9126172197702893,87.02974736404418,23388.122,239.506,239.506,0.01024049729174493,0.10119534224333118,0.010240497291744921,93.55703125
0.390625,2026-07-08|2026-07-09|2026-07-10|2026-07-14|2026-07-15,2026-07-16,gp_qvi,touch,0.02,5321,363,334,476,238,238,396,80,43,37,125,96,221,0,0,0,0,0,none,0,0,1,237.99209594726562,350.25406216278026,763.9399623550413,-112.26196621551463,-525.9478664077757,2757906.0012817383,0.0,2757906.0012817383,0.8629449148617055,-1.9070550851382937,697.7977316074366,23388.122,1060.426,1060.426,0.04534036550690133,0.21293277227073648,0.04534036550690135,414.22890625
0.390625,2026-07-09|2026-07-10|2026-07-14|2026-07-15|2026-07-16,2026-07-17,gp_qvi,through,0.02,2369,74,66,74,37,37,71,3,1,2,37,29,66,0,0,0,0,0,none,0,0,1,-78.00216674804688,44.04131370544435,96.05861335754395,-122.04348045349123,-174.06078010559082,346781.99768066406,0.0,346781.99768066406,-2.249314187868413,-5.019314187868413,243.18944076995848,23380.981,313.39,313.39,0.013403629214702326,0.11577404378660325,0.013403629214702284,122.41796875
0.390625,2026-07-09|2026-07-10|2026-07-14|2026-07-15|2026-07-16,2026-07-17,gp_qvi,touch,0.02,2369,388,368,544,272,272,515,29,17,12,116,96,212,0,0,0,0,0,none,0,0,1,361.98768615722656,322.893181901168,704.2630817844387,39.09450425605854,-342.2753956272121,2542465.9992218018,0.0,2542465.9992218018,1.423766084848426,-1.3462339151515723,437.2659087219235,23380.981,1508.653,1508.653,0.06452479474663617,0.2540173119034137,0.0645247947466362,589.317578125
0.390625,2026-07-10|2026-07-14|2026-07-15|2026-07-16|2026-07-17,2026-07-20,gp_qvi,through,0.02,5193,50,66,72,36,36,69,3,3,0,14,30,44,0,0,0,0,0,none,0,0,1,155.99794006347656,49.195735858535784,107.30093569145201,106.80220420494078,48.69700437202455,387367.9988861084,0.0,387367.9988861084,4.027125124224372,1.2571251242243724,36.63352036810302,23389.585,107.695,107.695,0.004604399778790432,0.06785572767858607,0.004604399778790458,42.068359375
0.390625,2026-07-10|2026-07-14|2026-07-15|2026-07-16|2026-07-17,2026-07-20,gp_qvi,touch,0.02,5193,273,302,406,203,203,350,56,29,27,70,99,169,0,0,0,0,0,none,0,0,2,485.992431640625,272.7962536666871,594.9965532730099,213.1961779739379,-109.00412163238491,2148001.9973754883,0.0,2148001.9973754883,2.2625324940778886,-0.5074675059221097,239.58690114364586,23389.585,871.209,871.285,0.03724773227058112,0.1930051335587979,0.03724610761584701,340.345703125
0.390625,2026-07-14|2026-07-15|2026-07-16|2026-07-17|2026-07-20,2026-07-21,gp_qvi,through,0.02,3953,26,23,19,8,11,18,1,0,1,18,12,30,5,5,5,5,0,none,0,0,2,-322.00050354003906,17.449037982559208,38.058137961959844,-339.4495415225983,-360.0586415019989,108884.00001525879,28509.99984741211,137393.9998626709,-23.436285708392468,-26.206285708392468,361.51285945281984,23382.108,7335.17,14578.026,0.3137086698940917,0.7896007081459533,0.15882836568884207,5694.54140625
0.390625,2026-07-14|2026-07-15|2026-07-16|2026-07-17|2026-07-20,2026-07-21,gp_qvi,touch,0.02,3953,180,159,221,111,110,186,35,21,14,69,49,118,1,1,1,1,0,none,0,0,2,-88.00239562988281,160.55339975776675,350.1833994716642,-248.55579538764957,-438.185795101547,1258421.9982147217,5777.9998779296875,1264199.9980926514,-0.6961113412644797,-3.4661113412644777,475.712786117172,23382.108,7905.588,15148.444,0.33810416066849064,0.8049004715360712,0.18322385646324102,5917.3609375
0.390625,2026-07-15|2026-07-16|2026-07-17|2026-07-20|2026-07-21,2026-07-22,gp_qvi,through,0.02,4299,29,26,22,9,13,22,0,0,0,20,13,33,6,6,6,6,0,none,0,0,1,110.00022888183594,21.014182094955444,45.83408220710754,88.9860467868805,64.1661466747284,129874.00131225586,35591.999435424805,165466.00074768066,6.647905212236044,3.8779052122360436,30.235136061859123,23387.244,3732.428,3732.428,0.1595924684413435,0.3994902607590622,0.15959246844134345,1457.9796875
0.390625,2026-07-15|2026-07-16|2026-07-17|2026-07-20|2026-07-21,2026-07-22,gp_qvi,touch,0.02,4299,222,215,291,145,146,251,40,18,22,77,69,146,1,1,1,1,0,none,0,0,2,251.98974609375,218.7016203681945,477.01062080306997,33.28812572555549,-225.02087470931997,1716420.002746582,5640.000152587891,1722060.00289917,1.4633040989832715,-1.3066959010167278,286.356769870758,23387.244,4579.629,4600.877,0.1958173866061345,0.44353795334694723,0.19536312187960236,1797.217578125
0.390625,2026-07-16|2026-07-17|2026-07-20|2026-07-21|2026-07-22,2026-07-23,gp_qvi,through,0.02,4091,27,31,21,9,12,19,2,0,2,18,19,37,5,5,5,5,0,none,0,0,1,-104.00004577636719,19.872959936050414,43.34495986051941,-123.87300571241761,-147.34500563688658,126349.9995727539,30129.999923706055,156479.99949645996,-6.646219715684494,-9.416219715684493,148.67900558348083,23383.334,3816.744,3816.744,0.16322497039985828,0.4040111018274848,0.16322497039985828,1490.915625
0.390625,2026-07-16|2026-07-17|2026-07-20|2026-07-21|2026-07-22,2026-07-23,gp_qvi,touch,0.02,4091,214,221,272,136,136,226,46,17,29,78,85,163,0,0,0,0,0,none,0,0,1,45.99800109863281,206.904082288742,451.2789826297764,-160.90608119010918,-405.2809815311436,1629166.0022735596,0.0,1629166.0022735596,0.28234078684701835,-2.4876592131529844,427.63127413864174,23383.334,5150.16,5150.16,0.22024917404849112,0.4693071212420403,0.2202491740484911,2011.78125
0.390625,2026-07-17|2026-07-20|2026-07-21|2026-07-22|2026-07-23,2026-07-24,gp_qvi,through,0.02,3774,9,10,10,5,5,10,0,0,0,4,5,9,2,2,2,2,0,none,0,0,1,-81.99996948242188,7.840218050384522,17.100318109893806,-89.8401875328064,-99.10028759231568,51412.00065612793,10321.999740600586,61734.000396728516,-13.282788893552299,-16.0527888935523,99.10028759231568,23376.095,3664.715,3664.715,0.15677190736947297,0.3959443235727379,0.156771907369473,1431.529296875
0.390625,2026-07-17|2026-07-20|2026-07-21|2026-07-22|2026-07-23,2026-07-24,gp_qvi,touch,0.02,3774,145,116,164,82,82,131,33,20,13,63,34,97,0,0,0,0,0,none,0,0,1,-14.00299072265625,109.56721805038447,238.9773181098937,-123.57020877304072,-252.98030883254995,862734.0003967285,0.0,862734.0003967285,-0.1623094802826476,-2.932309480282646,260.2823055076598,23376.095,4152.044,4152.044,0.1776192302435458,0.42144896517080904,0.17761923024354576,1621.8921875
0.390625,2026-07-20|2026-07-21|2026-07-22|2026-07-23|2026-07-24,2026-07-27,gp_qvi,through,0.02,3683,5,5,4,2,2,4,0,0,0,3,3,6,2,2,2,2,0,none,0,0,1,-6.0001373291015625,3.933190009689331,8.578690021133422,-9.933327338790892,-14.578827350234985,20534.00001525879,10436.000061035156,30970.000076293945,-1.937403072108605,-4.707403072108605,15.074763147735595,23387.273,24.597,24.597,0.0010517258681676995,0.03243032328188696,0.0010517258681677077,9.608203125
0.390625,2026-07-20|2026-07-21|2026-07-22|2026-07-23|2026-07-24,2026-07-27,gp_qvi,touch,0.02,3683,109,103,140,70,70,116,24,16,8,39,33,72,0,0,0,0,0,none,0,0,1,157.99832153320312,93.2263817984619,203.33628156042477,64.77193973474122,-45.33796002722164,734065.9984130859,0.0,734065.9984130859,2.1523721555659314,-0.6176278444340682,84.6192739569702,23387.273,589.953,589.953,0.02522538647408785,0.15882501841362354,0.025225386474087896,230.450390625
0.390625,2026-07-21|2026-07-22|2026-07-23|2026-07-24|2026-07-27,2026-07-28,gp_qvi,through,0.02,4611,17,12,18,9,9,18,0,0,0,8,3,11,2,2,2,2,0,none,0,0,2,-2.000335693359375,10.437114104644772,22.764414228240966,-12.437449798004147,-24.76474992160034,73896.00076293945,8286.000061035156,82182.00082397461,-0.2434031385587567,-3.0134031385587567,36.327881627273555,23382.008,36.225,36.841,0.001549268138134244,0.039693994267013075,0.0015360956167664863,14.391015625
0.390625,2026-07-21|2026-07-22|2026-07-23|2026-07-24|2026-07-27,2026-07-28,gp_qvi,touch,0.02,4611,129,133,192,96,96,167,25,14,11,33,37,70,0,0,0,0,0,none,0,0,1,203.9940338134761,97.04323966474911,211.6612392687834,106.950794148727,-7.667205455307283,764119.9973602295,0.0,764119.9973602295,2.669659667567987,-0.10034033243201104,76.30251673880045,23382.008,395.47,395.47,0.01691343190028846,0.1300516508941292,0.01691343190028849,154.48046875
0.390625,2026-07-22|2026-07-23|2026-07-24|2026-07-27|2026-07-28,2026-07-29,gp_qvi,through,0.02,6884,15,12,16,7,9,15,1,0,1,8,3,11,2,2,2,2,0,none,0,0,1,49.999427795410156,6.655054030036926,14.51535406551361,43.344373765373234,35.484073729896544,46456.000328063965,5945.999908447266,52402.00023651123,9.541511310587897,6.771511310587897,8.751961088562012,23390.931,14.706,14.706,0.0006287052020289401,0.02507399453674943,0.0006287052020289563,5.74453125
0.390625,2026-07-22|2026-07-23|2026-07-24|2026-07-27|2026-07-28,2026-07-29,gp_qvi,touch,0.02,6884,167,160,233,116,117,198,35,24,11,51,43,94,1,1,1,1,0,none,0,0,2,177.99629974365234,93.36252593508146,203.63322585840604,84.63377380857088,-25.63692611475369,732413.9995117188,2723.9999771118164,735137.9994888306,2.4212637609186296,-0.34873623908137,160.9841198704758,23390.931,499.486,502.022,0.021353831534110378,0.14649999870800398,0.021299622490443038,196.10234375
0.390625,2026-07-23|2026-07-24|2026-07-27|2026-07-28|2026-07-29,2026-07-30,gp_qvi,through,0.02,5990,12,10,10,5,5,10,0,0,0,7,5,12,0,0,0,0,0,none,0,0,1,10.000274658203125,3.7772339709320066,8.238533936599731,6.223040687271118,1.7617407216033936,29741.999771118164,0.0,29741.999771118164,3.362341044704796,0.592341044704796,11.849343030929566,23385.652,10.532,10.532,0.0004503616148910452,0.02122172506868952,0.0004503616148910927,4.1140625
0.390625,2026-07-23|2026-07-24|2026-07-27|2026-07-28|2026-07-29,2026-07-30,gp_qvi,touch,0.02,5990,1980,1878,2728,1364,1364,1876,852,450,402,616,514,1130,0,0,0,0,0,none,0,0,1,435.98365783691406,1008.9672485542268,2200.6608492088335,-572.9835907173127,-1764.6771913719194,7944624.004364014,0.0,7944624.004364014,0.5487782147996262,-2.2212217852003757,1851.4829252601596,23385.652,7614.258,7614.258,0.3255952838090638,0.5706095721323502,0.3255952838090638,2974.31953125
0.1953125,2026-07-02,2026-07-03,gp_qvi,through,0.05,4888,2168,2047,2068,1034,1034,1980,88,52,36,1134,1013,2147,0,0,0,0,0,none,0,0,2,-9300.08285522461,2997.1733308332846,6537.1418318174565,-12297.256186057894,-15837.224687042066,23599790.00656128,0.0,23599790.00656128,-3.940748139131312,-6.710748139131305,15870.889522393629,23383.259,10194.373,10283.915,0.4359688698654024,0.6631728211128798,0.4340542094666958,2008.5771484375
0.1953125,2026-07-02,2026-07-03,gp_qvi,touch,0.05,4888,2133,2044,3086,1543,1543,2484,602,324,278,590,501,1091,0,0,0,0,0,none,0,0,2,309.91973876953125,4481.388038604746,9774.366036956817,-4171.468299835215,-9464.446298187286,35286519.98901367,0.0,35286519.98901367,0.08782949944228664,-2.682170500557722,9609.220945198856,23383.259,8872.244,8998.836,0.37942717907713375,0.6203555164410481,0.37672028522628087,1757.58515625
0.1953125,2026-07-02|2026-07-03,2026-07-06,gp_qvi,through,0.05,4348,1914,1798,1703,851,852,1506,197,96,101,1063,946,2009,1,1,1,1,0,none,0,0,2,-7115.082855224609,2355.7528469184845,5138.138099184426,-9470.835702143093,-12253.220954409036,18538350.01525879,10884.99984741211,18549235.0151062,-3.8357823648415685,-6.605782364841573,12656.401754676064,23370.842,6829.567,6877.883,0.2922259711481512,0.5424880953051833,0.29119228994830393,1343.3365234375
0.1953125,2026-07-02|2026-07-03,2026-07-06,gp_qvi,touch,0.05,4348,1842,1809,2563,1281,1282,1809,754,386,368,561,527,1088,1,1,0,0,1,buy,1,0,2,-170.0836181640625,3542.3233706588753,7726.169871437071,-3712.406988822938,-7896.253489601134,27881460.00518799,10850.0,27892310.00518799,-0.06097867768299823,-2.8309786776829977,8369.064951105498,23370.842,9545.523,9708.109,0.40843727410420216,0.6445107155014659,0.40495887995819746,1896.1150390625
0.1953125,2026-07-02|2026-07-03|2026-07-06,2026-07-07,gp_qvi,through,0.02,7603,302,263,298,149,149,270,28,16,12,153,114,267,0,0,0,0,0,none,0,0,1,-620.0045166015625,345.98254473638923,754.6233456061399,-965.9870613379517,-1374.6278622077025,2724272.00579834,0.0,2724272.00579834,-2.2758539355906646,-5.045853935590664,1411.4758425086059,23387.055,957.703,957.703,0.04095013245575384,0.20236139072400605,0.04095013245575385,187.0513671875
0.1953125,2026-07-02|2026-07-03|2026-07-06,2026-07-07,gp_qvi,touch,0.02,7603,481,428,600,300,300,545,55,27,28,181,128,309,0,0,0,0,0,none,0,0,2,-344.0147399902344,700.2078962364188,1527.225096515655,-1044.2226362266533,-1871.2398365058893,5513448.001861572,0.0,5513448.001861572,-0.6239557167748394,-3.393955716774838,1995.3446516448967,23387.055,1510.521,1528.873,0.06458790985012863,0.2556806943409598,0.06419555604585525,298.6080078125
0.1953125,2026-07-02|2026-07-03|2026-07-06|2026-07-07,2026-07-08,gp_qvi,through,0.02,7159,509,481,590,295,295,536,54,29,25,214,186,400,0,0,0,0,0,none,0,0,1,-31.01043701171875,652.4489112945557,1423.0578616424573,-683.4593483062745,-1454.068298654176,5137393.002319336,0.0,5137393.002319336,-0.06036220510620606,-2.8303622051062085,1922.3918800346387,23385.794,5117.024,5117.024,0.21880907699777052,0.4677703250504146,0.21880907699777052,999.41875
0.1953125,2026-07-02|2026-07-03|2026-07-06|2026-07-07,2026-07-08,gp_qvi,touch,0.02,7159,494,459,680,339,341,618,62,35,27,155,118,273,2,2,2,2,0,none,0,0,2,1050.98876953125,750.5348217208863,1636.9932725723274,300.45394781036373,-586.0045030410774,5891989.0060424805,17733.999633789062,5909723.0056762695,1.7784061427613083,-0.991593857238693,1179.9255653511054,23385.794,5046.768,5068.212,0.21580485999320784,0.4655339159876133,0.21534637652243072,989.88515625
0.1953125,2026-07-02|2026-07-03|2026-07-06|2026-07-07|2026-07-08,2026-07-09,gp_qvi,through,0.02,8023,455,446,474,237,237,402,72,32,40,218,209,427,0,0,0,0,0,none,0,0,1,-572.0054626464844,547.0611361976624,1193.1963364311218,-1119.066598844147,-1765.2017990776062,4307568.0015563965,0.0,4307568.0015563965,-1.3279081431559738,-4.097908143155974,1858.7213184020995,23386.058,5053.667,5053.667,0.21609742864744455,0.4648628062637885,0.21609742864744452,987.0443359375
0.1953125,2026-07-02|2026-07-03|2026-07-06|2026-07-07|2026-07-08,2026-07-09,gp_qvi,touch,0.02,8023,431,417,569,284,285,502,67,37,30,147,132,279,1,1,1,1,0,none,0,0,2,395.9938049316406,659.1020595542902,1437.5690590278623,-263.1082546226496,-1041.5752540962217,5180439.996337891,9340.00015258789,5189779.9964904785,0.7630261883922368,-2.0069738116077627,1163.8166943809508,23386.058,1607.065,1649.699,0.06871893501675229,0.2655974153204787,0.06780740901266902,322.2068359375
0.1953125,2026-07-03|2026-07-06|2026-07-07|2026-07-08|2026-07-09,2026-07-10,gp_qvi,through,0.02,4649,199,173,200,100,100,177,23,15,8,99,73,172,0,0,0,0,0,none,0,0,1,-230.0018310546875,237.3962743255615,517.785574710083,-467.39810538024904,-747.7874057647705,1869262.0025634766,0.0,1869262.0025634766,-1.230441910974848,-4.000441910974848,823.3262846984863,23385.296,1013.186,1013.186,0.04332577188674456,0.20814843714701428,0.04332577188674458,197.887890625
0.1953125,2026-07-03|2026-07-06|2026-07-07|2026-07-08|2026-07-09,2026-07-10,gp_qvi,touch,0.02,4649,227,203,300,150,150,266,34,17,17,77,53,130,0,0,0,0,0,none,0,0,2,163.99917602539062,352.9096321434017,769.7320323127736,-188.9104561180111,-605.732856287383,2778816.0011291504,0.0,2778816.0011291504,0.5901764491018867,-2.1798235508981096,686.3160525909414,23385.296,1682.567,1689.727,0.07194978417207121,0.268804686475673,0.07179669652246434,330.0248046875
0.1953125,2026-07-06|2026-07-07|2026-07-08|2026-07-09|2026-07-10,2026-07-14,gp_qvi,through,0.02,6615,93,81,88,44,44,79,9,5,4,49,37,86,0,0,0,0,0,none,0,0,1,-126.00212097167969,67.27062987403872,146.72412972526558,-193.2727508457184,-272.72625069694527,529689.9990081787,0.0,529689.9990081787,-2.378789881017447,-5.148789881017448,311.5231346439362,23390.474,178.962,178.962,0.007651063420091444,0.08747035737946567,0.007651063420091475,34.953515625
0.1953125,2026-07-06|2026-07-07|2026-07-08|2026-07-09|2026-07-10,2026-07-14,gp_qvi,touch,0.02,6615,497,492,676,338,338,548,128,69,59,159,154,313,0,0,0,0,0,none,0,0,2,-524.0085601806641,503.13539116477926,1097.3897901782998,-1027.1439513454434,-1621.3983503589639,3961695.993423462,0.0,3961695.993423462,-1.3226874577214771,-4.092687457721479,1703.263660589219,23390.474,5095.538,5103.444,0.21784671828369104,0.4671024717657534,0.21767771786069834,996.76640625
0.1953125,2026-07-07|2026-07-08|2026-07-09|2026-07-10|2026-07-14,2026-07-15,gp_qvi,through,0.02,5634,351,432,372,186,186,326,46,23,23,165,246,411,0,0,0,0,0,none,0,0,1,-272.0054626464844,359.8367199806216,784.8407199577329,-631.842182627106,-1056.8461826042171,2833359.999847412,0.0,2833359.999847412,-0.960010244589932,-3.7300102445899306,1073.4768110572813,23387.034,1218.73,1218.73,0.05211135366716446,0.22827911351493474,0.05211135366716446,238.033203125
0.1953125,2026-07-07|2026-07-08|2026-07-09|2026-07-10|2026-07-14,2026-07-15,gp_qvi,touch,0.02,5634,340,388,482,241,241,417,65,29,36,99,147,246,0,0,0,0,0,none,0,0,2,369.9897766113281,465.22817789535526,1014.7102777717585,-95.23840128402713,-644.7205011604303,3663213.9991760254,0.0,3663213.9991760254,1.0100140933468553,-1.7599859066531431,659.2927771835322,23387.034,1283.453,1290.251,0.054878827302341976,0.2348818877350892,0.05473349036051345,252.0021484375
0.1953125,2026-07-08|2026-07-09|2026-07-10|2026-07-14|2026-07-15,2026-07-16,gp_qvi,through,0.02,5321,393,388,382,191,191,322,60,36,24,202,197,399,0,0,0,0,0,none,0,0,1,-520.0065612792969,281.15056834106423,613.2181687438967,-801.157129620361,-1133.2247300231936,2213784.002685547,0.0,2213784.002685547,-2.3489489518782123,-5.118948951878214,1264.538200872803,23388.122,1611.68,1611.68,0.06891019296034115,0.2625075102932127,0.06891019296034118,314.78125
0.1953125,2026-07-08|2026-07-09|2026-07-10|2026-07-14|2026-07-15,2026-07-16,gp_qvi,touch,0.02,5321,363,333,476,238,238,396,80,43,37,125,95,220,0,0,0,0,0,none,0,0,2,279.99229431152344,350.25380815696667,763.9394083423613,-70.26151384544323,-483.94711403083784,2757904.001235962,0.0,2757904.001235962,1.015235824691665,-1.7547641753083343,655.7969792304988,23388.122,1068.254,1094.61,0.04567506531734356,0.21633761144145228,0.04511161691391896,213.791015625
0.1953125,2026-07-09|2026-07-10|2026-07-14|2026-07-15|2026-07-16,2026-07-17,gp_qvi,through,0.02,2369,415,393,397,198,199,384,13,6,7,217,194,411,1,1,1,1,0,none,0,0,2,-712.0113372802734,236.4419960910797,515.7041961986548,-948.4533333713531,-1227.7155334789281,1857176.0005950928,4572.0001220703125,1861748.000717163,-3.8244238049725303,-6.594423804972534,1285.6709425594338,23380.981,1984.986,1985.61,0.08489746431084308,0.2914174886124962,0.08488412013165747,387.814453125
0.1953125,2026-07-09|2026-07-10|2026-07-14|2026-07-15|2026-07-16,2026-07-17,gp_qvi,touch,0.02,2369,388,368,544,272,272,515,29,17,12,116,96,212,0,0,0,0,0,none,0,0,1,361.98768615722656,322.893181901168,704.2630817844387,39.09450425605854,-342.2753956272121,2542465.9992218018,0.0,2542465.9992218018,1.423766084848426,-1.3462339151515723,437.2659087219235,23380.981,1508.653,1508.653,0.06452479474663617,0.2540173119034137,0.0645247947466362,294.6587890625
0.1953125,2026-07-10|2026-07-14|2026-07-15|2026-07-16|2026-07-17,2026-07-20,gp_qvi,through,0.02,5193,284,337,308,154,154,283,25,15,10,130,183,313,0,0,0,0,0,none,0,0,2,-168.0045623779297,207.07451544770805,451.6507147953949,-375.07907782563774,-619.6552771733245,1630507.9956512451,0.0,1630507.9956512451,-1.0303817143247223,-3.800381714324722,654.3219319114685,23389.585,948.701,958.035,0.04056083081422779,0.20238551658115458,0.040361297560431275,187.1162109375
0.1953125,2026-07-10|2026-07-14|2026-07-15|2026-07-16|2026-07-17,2026-07-20,gp_qvi,touch,0.02,5193,275,305,410,205,205,354,56,29,27,70,100,170,0,0,0,0,0,none,0,0,2,379.99267578125,275.548851639557,601.0002512138365,104.44382414169303,-221.00757543258646,2169675.9971618652,0.0,2169675.9971618652,1.7513798202050224,-1.0186201797949768,340.56498683700534,23389.585,4497.561,4499.591,0.1922890465991594,0.4386067000915746,0.1922456512161289,878.8263671875
0.1953125,2026-07-14|2026-07-15|2026-07-16|2026-07-17|2026-07-20,2026-07-21,gp_qvi,through,0.02,3953,194,170,161,81,80,147,14,10,4,113,90,203,1,1,1,1,0,none,0,0,2,-402.001953125,117.38076592636105,256.01946583938604,-519.382719051361,-658.021418964386,918479.9995422363,5777.9998779296875,924257.999420166,-4.349456032592591,-7.119456032592591,663.367916854477,23382.108,8080.918,15323.774,0.345602629155592,0.8095450806262064,0.19072232495034236,2992.924609375
0.1953125,2026-07-14|2026-07-15|2026-07-16|2026-07-17|2026-07-20,2026-07-21,gp_qvi,touch,0.02,3953,1795,1720,2526,1263,1263,1975,551,314,237,532,457,989,0,0,0,0,0,none,0,0,2,189.95628356933594,1823.7588604671548,3977.804758656686,-1633.8025768978189,-3787.84847508735,14360305.987930298,0.0,14360305.987930298,0.13227871587763687,-2.637721284122359,3794.697374560161,23382.108,13045.99,20292.894,0.5579475554556501,0.9316014639813968,0.40298068933733433,3963.455859375
0.1953125,2026-07-15|2026-07-16|2026-07-17|2026-07-20|2026-07-21,2026-07-22,gp_qvi,through,0.02,4299,241,261,220,110,110,181,39,16,23,131,151,282,0,0,0,0,0,none,0,0,1,-200.00457763671875,165.3814320465088,360.71383210144023,-365.38600968322754,-560.7184097381589,1302216.000366211,0.0,1302216.000366211,-1.5358786682122874,-4.305878668212285,568.1809048263548,23387.244,5111.879,5111.879,0.218575519201835,0.46752060831778847,0.21857551920183493,998.4138671875
0.1953125,2026-07-15|2026-07-16|2026-07-17|2026-07-20|2026-07-21,2026-07-22,gp_qvi,touch,0.02,4299,302,291,389,195,194,337,52,24,28,107,97,204,1,1,1,1,0,none,0,0,2,289.9879455566406,288.59708648834186,629.4597870651244,1.3908590682987665,-339.47184150848375,2266886.0038757324,5531.999969482422,2272418.003845215,1.2761206127831448,-1.4938793872168548,383.14580035476666,23387.244,5313.107,5359.293,0.2271796967611917,0.47870088153712786,0.22619227814957588,1046.7369140625
0.1953125,2026-07-16|2026-07-17|2026-07-20|2026-07-21|2026-07-22,2026-07-23,gp_qvi,through,0.02,4091,231,236,198,99,99,168,30,15,15,132,137,269,0,0,0,0,0,none,0,0,1,-352.00157165527344,150.53564020347596,328.333640443802,-502.5372118587494,-680.3352120990754,1185320.0016021729,0.0,1185320.0016021729,-2.9696754562437158,-5.739675456243717,682.9830954154969,23383.334,5245.265,5245.265,0.22431638704728762,0.4736205095298214,0.22431638704728762,1024.4658203125
0.1953125,2026-07-16|2026-07-17|2026-07-20|2026-07-21|2026-07-22,2026-07-23,gp_qvi,touch,0.02,4091,1843,1919,2612,1306,1306,1805,807,415,392,537,613,1150,0,0,0,0,0,none,0,0,2,-256.0291290283203,1970.3862034244598,4297.614002744655,-2226.41533245278,-4553.643131772976,15514851.99546814,0.0,15514851.99546814,-0.16502196031461078,-2.9350219603145984,4554.965017463665,23383.334,10246.667,10246.679,0.4382038506570534,0.6619700626486584,0.43820359406404574,2001.3044921875
0.1953125,2026-07-17|2026-07-20|2026-07-21|2026-07-22|2026-07-23,2026-07-24,gp_qvi,through,0.02,3774,155,125,114,57,57,101,13,7,6,98,68,166,0,0,0,0,0,none,0,0,1,-224.00283813476562,76.30871196899413,166.43711193237303,-300.31155010375977,-390.4399500671386,600855.9997558594,0.0,600855.9997558594,-3.7280619354018727,-6.498061935401872,395.16797256088256,23376.095,4378.543,4378.543,0.18730857313849897,0.4327916047458626,0.1873085731384989,855.1841796875
0.1953125,2026-07-17|2026-07-20|2026-07-21|2026-07-22|2026-07-23,2026-07-24,gp_qvi,touch,0.02,3774,1509,1466,2018,1008,1010,1393,625,352,273,501,456,957,2,2,2,2,0,none,0,0,2,-58.020782470703125,1362.4897811744677,2971.7296801994353,-1420.5105636451708,-3029.7504626701384,10717911.993789673,10353.999710083008,10728265.993499756,-0.05408216249099142,-2.824082162490994,3046.6817866321567,23376.095,12977.571,20230.715,0.5551641965862989,0.9302927453266244,0.40002399887577456,3951.3115234375
0.1953125,2026-07-20|2026-07-21|2026-07-22|2026-07-23|2026-07-24,2026-07-27,gp_qvi,through,0.02,3683,118,116,108,54,54,96,12,6,6,64,62,126,0,0,0,0,0,none,0,0,1,17.998123168945312,71.42708585853578,155.789785691452,-53.42896268959046,-137.7916625225067,562417.9988861084,0.0,562417.9988861084,0.32001328557392056,-2.449986714426079,159.37747593193052,23387.273,880.458,880.458,0.037646885979395715,0.19402805461941763,0.037646885979395694,171.964453125
0.1953125,2026-07-20|2026-07-21|2026-07-22|2026-07-23|2026-07-24,2026-07-27,gp_qvi,touch,0.02,3683,1487,1444,2078,1039,1039,1413,665,356,309,448,405,853,0,0,0,0,0,none,0,0,1,-296.0208435058594,1356.613999170594,2958.913998190985,-1652.6348426764534,-3254.934841696844,10681999.993469238,0.0,10681999.993469238,-0.27712117926122504,-3.0471211792612305,3264.87815272666,23387.273,5269.15,5269.15,0.22529988853339164,0.4746576540343489,0.22529988853339167,1029.130859375
0.1953125,2026-07-21|2026-07-22|2026-07-23|2026-07-24|2026-07-27,2026-07-28,gp_qvi,through,0.02,4611,37,34,30,15,15,29,1,1,0,22,19,41,0,0,0,0,0,none,0,0,2,1.998992919921875,15.295118158905025,33.36021834658814,-13.29612523898315,-31.361225426666266,120434.0012512207,0.0,120434.0012512207,0.16598243844377905,-2.6040175615562218,40.522286698913575,23382.008,101.357,101.973,0.00433482872814003,0.06603918360242994,0.004321656206772273,19.9166015625
0.1953125,2026-07-21|2026-07-22|2026-07-23|2026-07-24|2026-07-27,2026-07-28,gp_qvi,touch,0.02,4611,1718,1708,2426,1213,1213,1805,621,332,289,505,495,1000,0,0,0,0,0,none,0,0,2,947.9744873046875,1234.3196041395172,2692.1774043043133,-286.3451168348297,-1744.2029169996258,9719052.001098633,0.0,9719052.001098633,0.9753775236489417,-1.79462247635105,1815.2272437135696,23382.008,4676.344,4685.356,0.19999753656743252,0.4476415542833548,0.19980482429054003,915.10859375
0.1953125,2026-07-22|2026-07-23|2026-07-24|2026-07-27|2026-07-28,2026-07-29,gp_qvi,through,0.02,6884,183,174,174,87,87,157,17,9,8,96,87,183,0,0,0,0,0,none,0,0,1,-220.0023193359375,69.15150004263305,150.826500092987,-289.1538193785706,-370.8288194289245,544500.0003356934,0.0,544500.0003356934,-4.040446633614369,-6.810446633614368,371.13331473112487,23390.931,608.409,608.409,0.026010465338040627,0.1612776033367331,0.026010465338040634,118.8298828125
0.1953125,2026-07-22|2026-07-23|2026-07-24|2026-07-27|2026-07-28,2026-07-29,gp_qvi,touch,0.02,6884,2769,2640,3961,1980,1981,2939,1022,575,447,789,659,1448,1,1,1,1,0,none,0,0,2,807.9691848754883,1551.5341080726705,3384.054708158495,-743.5649231971822,-2576.0855232830068,12214080.000595093,2723.9999771118164,12216804.000572205,0.6613588830905736,-2.108641116909422,2632.64183827553,23390.931,4746.041,4748.577,0.20290090206328257,0.4505655558857305,0.20284669301961522,927.4564453125
0.1953125,2026-07-23|2026-07-24|2026-07-27|2026-07-28|2026-07-29,2026-07-30,gp_qvi,through,0.02,5990,69,68,56,28,28,52,4,2,2,41,40,81,0,0,0,0,0,none,0,0,1,80.00011444091797,20.653756008720393,45.04795601902006,59.346358432197576,34.952158421897906,162628.00006866455,0.0,162628.00006866455,4.919209140316577,2.1492091403165787,92.52789329261779,23385.652,3871.672,3871.672,0.16555758205929003,0.4068876774483224,0.16555758205929005,756.1859375
0.1953125,2026-07-23|2026-07-24|2026-07-27|2026-07-28|2026-07-29,2026-07-30,gp_qvi,touch,0.02,5990,1981,1878,2729,1365,1364,1877,852,450,402,616,514,1130,1,1,1,1,0,none,0,0,2,433.9836120605469,1009.6304425697297,2202.107343242647,-575.6468305091828,-1768.1237311821,7947236.004447937,2610.0000381469727,7949846.004486084,0.5459019103208423,-2.22409808967916,1852.170605730056,23385.652,7617.742,7624.71,0.32574426404703194,0.5710010722607867,0.3255952838090638,1489.201171875
0.1,2026-07-02,2026-07-03,gp_qvi,through,0.05,4888,2176,2051,2076,1038,1038,1987,89,53,36,1138,1013,2151,0,0,0,0,0,none,0,0,2,-9530.08316040039,3008.7201707945283,6562.3266717329225,-12538.803331194918,-16092.409832133313,23690710.006256104,0.0,23690710.006256104,-4.022708968149853,-6.792708968149847,16126.074667484876,23383.259,10380.763,10729.417,0.4439399572146894,0.6773849482533553,0.4364847517619336,1072.9416999999999
0.1,2026-07-02,2026-07-03,gp_qvi,touch,0.05,4888,2289,2170,3302,1651,1651,2662,640,340,300,638,519,1157,0,0,0,0,0,none,0,0,3,-5.092620849609375,4795.685733972943,10459.881482759909,-4800.7783548225525,-10464.974103609518,37761304.99191284,0.0,37761304.99191284,-0.0013486347600275036,-2.7713486347600416,10614.338560360775,23383.259,10084.896,11119.186,0.4312870160656391,0.6895789209729901,0.4092193051447619,1111.9186000000002
0.1,2026-07-02|2026-07-03,2026-07-06,gp_qvi,through,0.05,4348,1922,1807,1711,855,856,1513,198,96,102,1067,951,2018,1,1,0,0,1,buy,1,0,2,-7155.082855224609,2366.878047112271,5162.4032996070955,-9521.96090233688,-12317.486154831706,18625985.01663208,10850.0,18636835.01663208,-3.839215644093643,-6.6092156440936485,12754.645444486858,23370.842,7126.697,7468.807,0.3049396765422487,0.5653123051616895,0.2976205136297614,746.8807
0.1,2026-07-02|2026-07-03,2026-07-06,gp_qvi,touch,0.05,4348,1998,1935,2761,1380,1381,1946,815,414,401,618,554,1172,1,1,0,0,1,buy,1,0,3,-430.0865173339844,3816.1175910270717,8323.343092240157,-4246.204108361057,-8753.429609574141,30037320.00808716,10850.0,30048170.00808716,-0.14313234956346124,-2.9131323495634662,9226.241071078503,23370.842,10562.518,11690.936,0.4519528222389249,0.7072736230096273,0.4286324386601048,1169.0936000000002
0.1,2026-07-02|2026-07-03|2026-07-06,2026-07-07,gp_qvi,through,0.02,7603,304,264,300,150,150,272,28,16,12,154,114,268,0,0,0,0,0,none,0,0,2,-626.0043640136719,348.3348387635194,759.7539396653133,-974.3392027771913,-1385.7583036789852,2742794.006011963,0.0,2742794.006011963,-2.2823601139623517,-5.05236011396235,1422.6062839798888,23387.055,974.56,990.88,0.041670915812187556,0.2058366773641109,0.04132200484413284,99.088
0.1,2026-07-02|2026-07-03|2026-07-06,2026-07-07,gp_qvi,touch,0.02,7603,774,725,1030,515,515,941,89,49,40,259,210,469,0,0,0,0,0,none,0,0,2,-92.01736450195312,1195.523135810085,2607.558335585788,-1287.5405003120381,-2699.575700087741,9413567.998504639,0.0,9413567.998504639,-0.09774972095232141,-2.867749720952325,2916.5236649162316,23387.055,2158.605,2209.933,0.09229913727914865,0.30739852908257126,0.09120177807765872,220.9933
0.1,2026-07-02|2026-07-03|2026-07-06|2026-07-07,2026-07-08,gp_qvi,through,0.02,7159,512,477,580,290,290,525,55,29,26,222,187,409,0,0,0,0,0,none,0,0,2,44.9920654296875,641.674739480591,1399.558290048219,-596.6826740509035,-1354.5662246185316,5052557.00378418,0.0,5052557.00378418,0.0890481104834445,-2.680951889516558,1884.4710100151074,23385.794,5632.979,5687.475,0.24087183013756128,0.49315528359719024,0.23970667833642934,568.7475
0.1,2026-07-02|2026-07-03|2026-07-06|2026-07-07,2026-07-08,gp_qvi,touch,0.02,7159,508,476,704,352,352,637,67,39,28,156,124,280,0,0,0,0,0,none,0,0,2,962.9898071289062,773.6112298294067,1687.3252808090213,189.3785772994995,-724.335473680115,6091427.006530762,0.0,6091427.006530762,1.5808936167115888,-1.1891063832884117,1314.9660968200683,23385.794,5367.04,5565.012,0.22950001184479774,0.4878170692668945,0.2252672712331255,556.5012
0.1,2026-07-02|2026-07-03|2026-07-06|2026-07-07|2026-07-08,2026-07-09,gp_qvi,through,0.02,8023,445,430,456,228,228,386,70,31,39,217,202,419,0,0,0,0,0,none,0,0,2,-660.0028991699219,525.9146201744082,1147.073620380402,-1185.9175193443302,-1807.0765195503238,4141060.001373291,0.0,4141060.001373291,-1.5938018259842806,-4.3638018259842815,1906.9383436286928,23386.058,5546.358,5592.794,0.23716515198927499,0.4890304484327603,0.23617233823673922,559.2794
0.1,2026-07-02|2026-07-03|2026-07-06|2026-07-07|2026-07-08,2026-07-09,gp_qvi,touch,0.02,8023,436,425,578,289,289,512,66,37,29,147,136,283,0,0,0,0,0,none,0,0,3,275.994873046875,668.5071714263912,1458.0825707489014,-392.5122983795162,-1182.0876977020264,5263835.995483398,0.0,5263835.995483398,0.5243227055016355,-2.2456772944983645,1288.3031207763672,23386.058,1950.115,2166.469,0.08338793139057467,0.3043671153836671,0.07876663095593106,216.64690000000002
0.1,2026-07-03|2026-07-06|2026-07-07|2026-07-08|2026-07-09,2026-07-10,gp_qvi,through,0.02,4649,204,184,211,105,106,189,22,12,10,99,78,177,1,1,0,0,1,buy,1,0,2,-172.0001220703125,251.50876834106438,548.5663687438961,-423.5088904113769,-720.5664908142086,1971432.0030212402,8951.99966430664,1980384.0026855469,-0.8685190439685821,-3.6385190439685804,800.6256353233334,23385.296,1601.889,1758.629,0.06849983853101539,0.2742304520313954,0.06514858738585139,175.86290000000002
0.1,2026-07-03|2026-07-06|2026-07-07|2026-07-08|2026-07-09,2026-07-10,gp_qvi,touch,0.02,4649,861,850,1228,614,614,991,237,113,124,247,236,483,0,0,0,0,0,none,0,0,2,469.9958801269531,1467.0498981666603,3199.7859983634917,-997.0540180397072,-2729.7901182365385,11551574.001312256,0.0,11551574.001312256,0.4068673931998892,-2.3631326068001077,2810.3733145400965,23385.296,3718.381,3814.887,0.15900508593092,0.4038958617461394,0.15694169532855173,381.4887
0.1,2026-07-06|2026-07-07|2026-07-08|2026-07-09|2026-07-10,2026-07-14,gp_qvi,through,0.02,6615,92,79,88,44,44,82,6,3,3,48,35,83,0,0,0,0,0,none,0,0,1,-24.0020751953125,67.2617398643494,146.70473970413212,-91.2638150596619,-170.70681489944462,529619.9989318848,0.0,529619.9989318848,-0.4531942759661431,-3.2231942759661436,243.5131321094513,23390.474,304.898,304.898,0.01303513558553794,0.11417151827639825,0.013035135585537927,30.489800000000002
0.1,2026-07-06|2026-07-07|2026-07-08|2026-07-09|2026-07-10,2026-07-14,gp_qvi,touch,0.02,6615,496,492,676,338,338,548,128,69,59,158,154,312,0,0,0,0,0,none,0,0,2,-504.00848388671875,503.13285115508995,1097.3842501571662,-1007.1413350418087,-1601.392734043885,3961675.993347168,0.0,3961675.993347168,-1.2722102583176889,-4.042210258317691,1683.25804427414,23390.474,5096.806,5108.232,0.21790092838648759,0.46732153582508323,0.21765668365677415,510.8232
0.1,2026-07-07|2026-07-08|2026-07-09|2026-07-10|2026-07-14,2026-07-15,gp_qvi,through,0.02,5634,326,401,336,168,168,291,45,25,20,158,233,391,0,0,0,0,0,none,0,0,2,-262.0025634765625,324.9185774108887,708.6806767150874,-586.9211408874512,-970.6832401916499,2558413.995361328,0.0,2558413.995361328,-1.024081966216572,-3.79408196621657,997.3109460990902,23387.034,1932.943,1992.219,0.08265019839625666,0.29186429243637113,0.08138291499469319,199.22190000000003
0.1,2026-07-07|2026-07-08|2026-07-09|2026-07-10|2026-07-14,2026-07-15,gp_qvi,touch,0.02,5634,334,385,472,236,236,407,65,27,38,98,149,247,0,0,0,0,0,none,0,0,2,339.9940490722656,455.5185197868348,993.5325195350639,-115.52447071456919,-653.5384704627983,3586759.998321533,0.0,3586759.998321533,0.9479141320617211,-1.8220858679382768,675.0522953857414,23387.034,1966.494,2080.862,0.08408479672967509,0.2982868213427543,0.08163968120113052,208.08620000000002
0.1,2026-07-08|2026-07-09|2026-07-10|2026-07-14|2026-07-15,2026-07-16,gp_qvi,through,0.02,5321,395,360,355,178,177,295,60,34,26,217,183,400,1,1,0,0,1,sell,1,0,2,-780.0056457519531,262.0954881278993,571.6570882789617,-1042.1011338798523,-1351.6627340309149,2058092.0009613037,5652.000045776367,2063744.00100708,-3.779565902414837,-6.54956590241484,1482.9762048805242,23388.122,3244.052,3311.538,0.13870510851619466,0.3762852512396616,0.13726236762404442,331.15380000000005
0.1,2026-07-08|2026-07-09|2026-07-10|2026-07-14|2026-07-15,2026-07-16,gp_qvi,touch,0.02,5321,363,328,460,230,230,390,70,36,34,133,98,231,0,0,0,0,0,none,0,0,3,171.9921112060547,338.58555603294315,738.4897560718533,-166.59344482688846,-566.4976448657986,2666028.0002593994,0.0,2666028.0002593994,0.6451249243793395,-2.1248750756206594,744.6309781753534,23388.122,2088.733,2175.255,0.08930742707772775,0.30497020557028526,0.0877032794680992,217.5255
0.1,2026-07-09|2026-07-10|2026-07-14|2026-07-15|2026-07-16,2026-07-17,gp_qvi,through,0.02,2369,388,363,368,184,184,355,13,6,7,204,179,383,0,0,0,0,0,none,0,0,2,-438.01002502441406,218.81871414146414,477.26601430854845,-656.8287391658782,-915.2760393329625,1722982.0011138916,0.0,1722982.0011138916,-2.5421625109330495,-5.312162510933051,995.4828428691869,23380.981,7185.229,7220.059,0.3073108438007798,0.5556982239595443,0.30656600764527375,722.0059
0.1,2026-07-09|2026-07-10|2026-07-14|2026-07-15|2026-07-16,2026-07-17,gp_qvi,touch,0.02,2369,366,348,512,256,256,489,23,14,9,110,92,202,0,0,0,0,0,none,0,0,2,203.9875030517578,304.00853585853537,663.0737356914517,-100.02103280677755,-459.0862326396939,2393767.9988861084,0.0,2393767.9988861084,0.8521607070805495,-1.9178392929194492,565.069703652954,23380.981,2592.86,2619.342,0.11089611680536415,0.3347069565807533,0.11032980181627106,261.93420000000003
0.1,2026-07-10|2026-07-14|2026-07-15|2026-07-16|2026-07-17,2026-07-20,gp_qvi,through,0.02,5193,284,337,308,154,154,283,25,15,10,130,183,313,0,0,0,0,0,none,0,0,2,-166.0045623779297,207.07476944770806,451.6512687953949,-373.0793318256377,-617.6558311733246,1630509.9956512451,0.0,1630509.9956512451,-1.0181143496248577,-3.7881143496248577,654.3219319114685,23389.585,948.708,958.056,0.04056113009273144,0.20238773470082563,0.040361297560431275,95.80560000000001
0.1,2026-07-10|2026-07-14|2026-07-15|2026-07-16|2026-07-17,2026-07-20,gp_qvi,touch,0.02,5193,262,306,398,199,199,341,57,31,26,63,107,170,0,0,0,0,0,none,0,0,2,439.99290466308594,267.5646154903413,583.5858148883817,172.42828917274466,-143.59291022529578,2106807.9959869385,0.0,2106807.9959869385,2.088433808402034,-0.6815661915979647,302.9897878292082,23389.585,5439.591,5526.491,0.23256466499940037,0.48608640574692524,0.23070700057311833,552.6491
0.1,2026-07-14|2026-07-15|2026-07-16|2026-07-17|2026-07-20,2026-07-21,gp_qvi,through,0.02,3953,196,174,165,83,82,151,14,10,4,113,92,205,1,1,1,1,0,none,0,0,3,-538.0020141601562,120.28703387985226,262.3583337379456,-658.2890480400085,-800.3603478981018,941363.9991760254,5777.9998779296875,947141.9990539551,-5.680267739130301,-8.4502677391303,805.7068457881928,23382.108,11712.941,33454.045,0.5009360576043871,1.1961413040564133,0.19090738097694182,3345.4045
0.1,2026-07-14|2026-07-15|2026-07-16|2026-07-17|2026-07-20,2026-07-21,gp_qvi,touch,0.02,3953,1810,1732,2544,1272,1272,1989,555,317,238,538,460,998,0,0,0,0,0,none,0,0,2,195.9564208984375,1836.7806784690927,4006.2066766609128,-1640.8242575706552,-3810.2502557624753,14462839.987945557,0.0,14462839.987945557,0.13548958645865036,-2.6345104135413453,3825.9368164279895,23382.108,13318.13,20953.404,0.5695863692016134,0.9466413312464084,0.4063146487904341,2095.3404
0.1,2026-07-15|2026-07-16|2026-07-17|2026-07-20|2026-07-21,2026-07-22,gp_qvi,through,0.02,4299,241,261,220,110,110,181,39,16,23,131,151,282,0,0,0,0,0,none,0,0,2,-204.00428771972656,165.38092408332824,360.7127241817472,-369.3852118030548,-564.7170119014738,1302212.000656128,0.0,1302212.000656128,-1.5665981239378666,-4.336598123937865,572.1795069896697,23387.244,5128.538,5144.418,0.21928783057978102,0.4690062187241169,0.21894832926872443,514.4418000000001
0.1,2026-07-15|2026-07-16|2026-07-17|2026-07-20|2026-07-21,2026-07-22,gp_qvi,touch,0.02,4299,1791,1812,2568,1284,1284,1827,741,399,342,507,528,1035,0,0,0,0,0,none,0,0,2,-8.042526245117188,1957.438807188032,4269.374406229014,-1965.481333433149,-4277.4169324741315,15412903.993606567,0.0,15412903.993606567,-0.00521804732479571,-2.7752180473247927,4287.900655276103,23387.244,8690.476,8744.924,0.37159042767074224,0.6114887851745274,0.3704263743090037,874.4924
0.1,2026-07-16|2026-07-17|2026-07-20|2026-07-21|2026-07-22,2026-07-23,gp_qvi,through,0.02,4091,232,238,198,99,99,168,30,15,15,133,139,272,0,0,0,0,0,none,0,0,1,-352.00157165527344,150.53564020347596,328.333640443802,-502.5372118587494,-680.3352120990754,1185320.0016021729,0.0,1185320.0016021729,-2.9696754562437158,-5.739675456243717,682.9830954154969,23383.334,5245.265,5245.265,0.22431638704728762,0.4736205095298214,0.22431638704728762,524.5265
0.1,2026-07-16|2026-07-17|2026-07-20|2026-07-21|2026-07-22,2026-07-23,gp_qvi,touch,0.02,4091,1854,1926,2624,1312,1312,1817,807,415,392,542,614,1156,0,0,0,0,0,none,0,0,2,-190.0299072265625,1979.5863373527582,4317.680436588267,-2169.6162445793207,-4507.71034381483,15587293.994903564,0.0,15587293.994903564,-0.12191333998620597,-2.8919133399861927,4509.032229505519,23383.334,10445.612,10686.174,0.446711833308287,0.6760174463918063,0.44156795604938115,1068.6174
0.1,2026-07-17|2026-07-20|2026-07-21|2026-07-22|2026-07-23,2026-07-24,gp_qvi,through,0.02,3774,155,125,114,57,57,101,13,7,6,98,68,166,0,0,0,0,0,none,0,0,1,-224.00283813476562,76.30871196899413,166.43711193237303,-300.31155010375977,-390.4399500671386,600855.9997558594,0.0,600855.9997558594,-3.7280619354018727,-6.498061935401872,395.16797256088256,23376.095,4378.543,4378.543,0.18730857313849897,0.4327916047458626,0.1873085731384989,437.8543
0.1,2026-07-17|2026-07-20|2026-07-21|2026-07-22|2026-07-23,2026-07-24,gp_qvi,touch,0.02,3774,1514,1465,2020,1010,1010,1395,625,352,273,504,455,959,0,0,0,0,0,none,0,0,2,-66.02096557617188,1362.4907971977218,2971.731896250155,-1428.5117627738937,-3037.752861826327,10728273.993682861,0.0,10728273.993682861,-0.06153922393765023,-2.8315392239376522,3054.684185788345,23376.095,12986.681,20240.623,0.5555539109504817,0.9305205230459982,0.40039664452082346,2024.0623
0.1,2026-07-20|2026-07-21|2026-07-22|2026-07-23|2026-07-24,2026-07-27,gp_qvi,through,0.02,3683,118,116,108,54,54,96,12,6,6,64,62,126,0,0,0,0,0,none,0,0,1,17.998123168945312,71.42708585853578,155.789785691452,-53.42896268959046,-137.7916625225067,562417.9988861084,0.0,562417.9988861084,0.32001328557392056,-2.449986714426079,159.37747593193052,23387.273,880.458,880.458,0.037646885979395715,0.19402805461941763,0.037646885979395694,88.0458
0.1,2026-07-20|2026-07-21|2026-07-22|2026-07-23|2026-07-24,2026-07-27,gp_qvi,touch,0.02,3683,1488,1444,2078,1039,1039,1413,665,356,309,449,405,854,0,0,0,0,0,none,0,0,1,-296.0208435058594,1356.613999170594,2958.913998190985,-1652.6348426764534,-3254.934841696844,10681999.993469238,0.0,10681999.993469238,-0.27712117926122504,-3.0471211792612305,3264.87815272666,23387.273,5269.15,5269.15,0.22529988853339164,0.4746576540343489,0.22529988853339167,526.915
0.1,2026-07-21|2026-07-22|2026-07-23|2026-07-24|2026-07-27,2026-07-28,gp_qvi,through,0.02,4611,138,142,130,65,65,116,14,11,3,73,77,150,0,0,0,0,0,none,0,0,2,-112.00209045410156,66.22237187403869,144.4377717252654,-178.22446232814025,-256.43986217936697,521435.9990081787,0.0,521435.9990081787,-2.147954699467246,-4.917954699467244,272.6453924587249,23382.008,488.538,489.154,0.020893757285516283,0.1446378315941293,0.020880584764148558,48.9154
0.1,2026-07-21|2026-07-22|2026-07-23|2026-07-24|2026-07-27,2026-07-28,gp_qvi,touch,0.02,4611,1718,1708,2426,1213,1213,1805,621,332,289,505,495,1000,0,0,0,0,0,none,0,0,2,949.9744873046875,1234.3193501395172,2692.176850304313,-284.34486283482966,-1742.2023629996256,9719050.001098633,0.0,9719050.001098633,0.9774355386558391,-1.7925644613441525,1813.2266897135694,23382.008,4676.344,4685.356,0.19999753656743252,0.4476415542833548,0.19980482429054003,468.53560000000004
0.1,2026-07-22|2026-07-23|2026-07-24|2026-07-27|2026-07-28,2026-07-29,gp_qvi,through,0.02,6884,186,172,172,86,86,155,17,9,8,100,86,186,0,0,0,0,0,none,0,0,1,-220.0021743774414,68.36714804553984,149.11574809932702,-288.3693224229812,-369.1179224767684,538324.0003585815,0.0,538324.0003585815,-4.086798549403266,-6.856798549403264,369.4224177789688,23390.931,632.658,632.658,0.02704714917076195,0.16446017502958565,0.027047149170761897,63.265800000000006
0.1,2026-07-22|2026-07-23|2026-07-24|2026-07-27|2026-07-28,2026-07-29,gp_qvi,touch,0.02,6884,2770,2640,3962,1981,1981,2939,1023,575,448,789,659,1448,0,0,0,0,0,none,0,0,2,811.9694671630859,1551.6661880678257,3384.3427881479283,-739.6967209047398,-2572.3733209848424,12217844.000534058,0.0,12217844.000534058,0.6645767183863157,-2.1054232816136795,2628.9296359773657,23390.931,4753.745,4756.815,0.20323026048001253,0.45095621508967865,0.2031646367560146,475.6815
0.1,2026-07-23|2026-07-24|2026-07-27|2026-07-28|2026-07-29,2026-07-30,gp_qvi,through,0.02,5990,2054,1992,1768,884,884,1429,339,161,178,1170,1108,2278,0,0,0,0,0,none,0,0,1,-2964.018440246582,656.9806526327146,1432.9420533800146,-3620.9990928792968,-4396.960493626597,5173076.004981995,0.0,5173076.004981995,-5.729702090964926,-8.49970209096493,4405.17675753937,23385.652,8985.2,8985.2,0.38421849431437705,0.6198536071641247,0.38421849431437705,898.52
0.1,2026-07-23|2026-07-24|2026-07-27|2026-07-28|2026-07-29,2026-07-30,gp_qvi,touch,0.02,5990,1988,1886,2740,1370,1370,1887,853,451,402,618,516,1134,0,0,0,0,0,none,0,0,2,583.9836578369141,1013.3004885581025,2210.1120892172867,-429.31683072118847,-1626.1284313803726,7978744.004394531,0.0,7978744.004394531,0.7319242947452226,-2.038075705254779,1719.7821617158863,23385.652,11287.776,18556.462,0.4826795506920226,0.8907849008341748,0.32727045626095863,1855.6462000000001
0.09765625,2026-07-02,2026-07-03,gp_qvi,through,0.05,4888,2176,2051,2076,1038,1038,1987,89,53,36,1138,1013,2151,0,0,0,0,0,none,0,0,2,-9530.08316040039,3008.7201707945283,6562.3266717329225,-12538.803331194918,-16092.409832133313,23690710.006256104,0.0,23690710.006256104,-4.022708968149853,-6.792708968149847,16126.074667484876,23383.259,10380.763,10729.417,0.4439399572146894,0.6773849482533553,0.4364847517619336,1047.79462890625
0.09765625,2026-07-02,2026-07-03,gp_qvi,touch,0.05,4888,2289,2170,3302,1651,1651,2662,640,340,300,638,519,1157,0,0,0,0,0,none,0,0,3,-5.092620849609375,4795.685733972943,10459.881482759909,-4800.7783548225525,-10464.974103609518,37761304.99191284,0.0,37761304.99191284,-0.0013486347600275036,-2.7713486347600416,10614.338560360775,23383.259,10084.896,11119.186,0.4312870160656391,0.6895789209729901,0.4092193051447619,1085.8580078125
0.09765625,2026-07-02|2026-07-03,2026-07-06,gp_qvi,through,0.05,4348,1922,1807,1711,855,856,1513,198,96,102,1067,951,2018,1,1,0,0,1,buy,1,0,2,-7155.082855224609,2366.878047112271,5162.4032996070955,-9521.96090233688,-12317.486154831706,18625985.01663208,10850.0,18636835.01663208,-3.839215644093643,-6.6092156440936485,12754.645444486858,23370.842,7126.697,7468.807,0.3049396765422487,0.5653123051616895,0.2976205136297614,729.37568359375
0.09765625,2026-07-02|2026-07-03,2026-07-06,gp_qvi,touch,0.05,4348,1998,1935,2761,1380,1381,1946,815,414,401,618,554,1172,1,1,0,0,1,buy,1,0,3,-430.0865173339844,3816.1175910270717,8323.343092240157,-4246.204108361057,-8753.429609574141,30037320.00808716,10850.0,30048170.00808716,-0.14313234956346124,-2.9131323495634662,9226.241071078503,23370.842,10562.518,11690.936,0.4519528222389249,0.7072736230096273,0.4286324386601048,1141.69296875
0.09765625,2026-07-02|2026-07-03|2026-07-06,2026-07-07,gp_qvi,through,0.02,7603,304,264,300,150,150,272,28,16,12,154,114,268,0,0,0,0,0,none,0,0,2,-626.0043640136719,348.3348387635194,759.7539396653133,-974.3392027771913,-1385.7583036789852,2742794.006011963,0.0,2742794.006011963,-2.2823601139623517,-5.05236011396235,1422.6062839798888,23387.055,974.56,990.88,0.041670915812187556,0.2058366773641109,0.04132200484413284,96.765625
0.09765625,2026-07-02|2026-07-03|2026-07-06,2026-07-07,gp_qvi,touch,0.02,7603,776,725,1030,515,515,941,89,49,40,261,210,471,0,0,0,0,0,none,0,0,2,-92.01736450195312,1195.523135810085,2607.558335585788,-1287.5405003120381,-2699.575700087741,9413567.998504639,0.0,9413567.998504639,-0.09774972095232141,-2.867749720952325,2916.5236649162316,23387.055,2158.605,2209.933,0.09229913727914865,0.30739852908257126,0.09120177807765872,215.81376953125
0.09765625,2026-07-02|2026-07-03|2026-07-06|2026-07-07,2026-07-08,gp_qvi,through,0.02,7159,512,477,580,290,290,525,55,29,26,222,187,409,0,0,0,0,0,none,0,0,2,44.9920654296875,641.674739480591,1399.558290048219,-596.6826740509035,-1354.5662246185316,5052557.00378418,0.0,5052557.00378418,0.0890481104834445,-2.680951889516558,1884.4710100151074,23385.794,5632.979,5687.475,0.24087183013756128,0.49315528359719024,0.23970667833642934,555.41748046875
0.09765625,2026-07-02|2026-07-03|2026-07-06|2026-07-07,2026-07-08,gp_qvi,touch,0.02,7159,508,476,704,352,352,637,67,39,28,156,124,280,0,0,0,0,0,none,0,0,2,962.9898071289062,773.6112298294067,1687.3252808090213,189.3785772994995,-724.335473680115,6091427.006530762,0.0,6091427.006530762,1.5808936167115888,-1.1891063832884117,1314.9660968200683,23385.794,5367.04,5565.012,0.22950001184479774,0.4878170692668945,0.2252672712331255,543.458203125
0.09765625,2026-07-02|2026-07-03|2026-07-06|2026-07-07|2026-07-08,2026-07-09,gp_qvi,through,0.02,8023,446,430,456,228,228,386,70,31,39,218,202,420,0,0,0,0,0,none,0,0,2,-660.0028991699219,525.9146201744082,1147.073620380402,-1185.9175193443302,-1807.0765195503238,4141060.001373291,0.0,4141060.001373291,-1.5938018259842806,-4.3638018259842815,1906.9383436286928,23386.058,5546.358,5592.794,0.23716515198927499,0.4890304484327603,0.23617233823673922,546.1712890625
0.09765625,2026-07-02|2026-07-03|2026-07-06|2026-07-07|2026-07-08,2026-07-09,gp_qvi,touch,0.02,8023,436,425,578,289,289,512,66,37,29,147,136,283,0,0,0,0,0,none,0,0,3,275.994873046875,668.5071714263912,1458.0825707489014,-392.5122983795162,-1182.0876977020264,5263835.995483398,0.0,5263835.995483398,0.5243227055016355,-2.2456772944983645,1288.3031207763672,23386.058,1950.115,2166.469,0.08338793139057467,0.3043671153836671,0.07876663095593106,211.56923828125
0.09765625,2026-07-03|2026-07-06|2026-07-07|2026-07-08|2026-07-09,2026-07-10,gp_qvi,through,0.02,4649,204,184,211,105,106,189,22,12,10,99,78,177,1,1,0,0,1,buy,1,0,2,-172.0001220703125,251.50876834106438,548.5663687438961,-423.5088904113769,-720.5664908142086,1971432.0030212402,8951.99966430664,1980384.0026855469,-0.8685190439685821,-3.6385190439685804,800.6256353233334,23385.296,1601.889,1758.629,0.06849983853101539,0.2742304520313954,0.06514858738585139,171.74111328125
0.09765625,2026-07-03|2026-07-06|2026-07-07|2026-07-08|2026-07-09,2026-07-10,gp_qvi,touch,0.02,4649,862,851,1230,615,615,992,238,113,125,247,236,483,0,0,0,0,0,none,0,0,2,463.9961242675781,1469.3305641899146,3204.760364414212,-1005.3344399223365,-2740.7642401466337,11569532.001495361,0.0,11569532.001495361,0.40105003746703555,-2.3689499625329615,2821.3474364501917,23385.296,3737.94,3850.876,0.15984146619311554,0.4057965323081731,0.15742678647300423,376.062109375
0.09765625,2026-07-06|2026-07-07|2026-07-08|2026-07-09|2026-07-10,2026-07-14,gp_qvi,through,0.02,6615,92,79,88,44,44,82,6,3,3,48,35,83,0,0,0,0,0,none,0,0,1,-24.0020751953125,67.2617398643494,146.70473970413212,-91.2638150596619,-170.70681489944462,529619.9989318848,0.0,529619.9989318848,-0.4531942759661431,-3.2231942759661436,243.5131321094513,23390.474,304.898,304.898,0.01303513558553794,0.11417151827639825,0.013035135585537927,29.7751953125
0.09765625,2026-07-06|2026-07-07|2026-07-08|2026-07-09|2026-07-10,2026-07-14,gp_qvi,touch,0.02,6615,496,492,676,338,338,548,128,69,59,158,154,312,0,0,0,0,0,none,0,0,2,-504.00848388671875,503.13285115508995,1097.3842501571662,-1007.1413350418087,-1601.392734043885,3961675.993347168,0.0,3961675.993347168,-1.2722102583176889,-4.042210258317691,1683.25804427414,23390.474,5096.806,5108.232,0.21790092838648759,0.46732153582508323,0.21765668365677415,498.85078125
0.09765625,2026-07-07|2026-07-08|2026-07-09|2026-07-10|2026-07-14,2026-07-15,gp_qvi,through,0.02,5634,327,405,338,169,169,293,45,25,20,158,236,394,0,0,0,0,0,none,0,0,2,-274.0028381347656,326.7986854225159,712.7813847404475,-600.8015235572816,-986.7842228752131,2573217.995452881,0.0,2573217.995452881,-1.064825594329569,-3.8348255943295673,1013.4119287826534,23387.034,2028.104,2130.598,0.08671916242136561,0.3018305422809341,0.08452790550524703,208.0662109375
0.09765625,2026-07-07|2026-07-08|2026-07-09|2026-07-10|2026-07-14,2026-07-15,gp_qvi,touch,0.02,5634,334,385,472,236,236,407,65,27,38,98,149,247,0,0,0,0,0,none,0,0,2,339.9940490722656,455.5185197868348,993.5325195350639,-115.52447071456919,-653.5384704627983,3586759.998321533,0.0,3586759.998321533,0.9479141320617211,-1.8220858679382768,675.0522953857414,23387.034,1966.494,2080.862,0.08408479672967509,0.2982868213427543,0.08163968120113052,203.2091796875
0.09765625,2026-07-08|2026-07-09|2026-07-10|2026-07-14|2026-07-15,2026-07-16,gp_qvi,through,0.02,5321,395,360,355,178,177,295,60,34,26,217,183,400,1,1,0,0,1,sell,1,0,2,-780.0056457519531,262.0954881278993,571.6570882789617,-1042.1011338798523,-1351.6627340309149,2058092.0009613037,5652.000045776367,2063744.00100708,-3.779565902414837,-6.54956590241484,1482.9762048805242,23388.122,3244.052,3311.538,0.13870510851619466,0.3762852512396616,0.13726236762404442,323.3923828125
0.09765625,2026-07-08|2026-07-09|2026-07-10|2026-07-14|2026-07-15,2026-07-16,gp_qvi,touch,0.02,5321,363,328,460,230,230,390,70,36,34,133,98,231,0,0,0,0,0,none,0,0,3,171.9921112060547,338.58555603294315,738.4897560718533,-166.59344482688846,-566.4976448657986,2666028.0002593994,0.0,2666028.0002593994,0.6451249243793395,-2.1248750756206594,744.6309781753534,23388.122,2088.733,2175.255,0.08930742707772775,0.30497020557028526,0.0877032794680992,212.42724609375
0.09765625,2026-07-09|2026-07-10|2026-07-14|2026-07-15|2026-07-16,2026-07-17,gp_qvi,through,0.02,2369,388,363,368,184,184,355,13,6,7,204,179,383,0,0,0,0,0,none,0,0,2,-438.01002502441406,218.81871414146414,477.26601430854845,-656.8287391658782,-915.2760393329625,1722982.0011138916,0.0,1722982.0011138916,-2.5421625109330495,-5.312162510933051,995.4828428691869,23380.981,7185.229,7220.059,0.3073108438007798,0.5556982239595443,0.30656600764527375,705.08388671875
0.09765625,2026-07-09|2026-07-10|2026-07-14|2026-07-15|2026-07-16,2026-07-17,gp_qvi,touch,0.02,2369,366,348,512,256,256,489,23,14,9,110,92,202,0,0,0,0,0,none,0,0,2,203.9875030517578,304.00853585853537,663.0737356914517,-100.02103280677755,-459.0862326396939,2393767.9988861084,0.0,2393767.9988861084,0.8521607070805495,-1.9178392929194492,565.069703652954,23380.981,2592.86,2619.342,0.11089611680536415,0.3347069565807533,0.11032980181627106,255.7951171875
0.09765625,2026-07-10|2026-07-14|2026-07-15|2026-07-16|2026-07-17,2026-07-20,gp_qvi,through,0.02,5193,287,343,312,156,156,287,25,15,10,131,187,318,0,0,0,0,0,none,0,0,2,-272.0050811767578,209.83295545158376,457.6671548038483,-481.83803662834157,-729.672235980606,1652227.9956817627,0.0,1652227.9956817627,-1.6462926538447844,-4.416292653844784,766.33833671875,23389.585,4583.537,4603.883,0.19596487068924054,0.4436606192092789,0.19552993351528036,449.59794921875
0.09765625,2026-07-10|2026-07-14|2026-07-15|2026-07-16|2026-07-17,2026-07-20,gp_qvi,touch,0.02,5193,262,306,398,199,199,341,57,31,26,63,107,170,0,0,0,0,0,none,0,0,2,439.99290466308594,267.5646154903413,583.5858148883817,172.42828917274466,-143.59291022529578,2106807.9959869385,0.0,2106807.9959869385,2.088433808402034,-0.6815661915979647,302.9897878292082,23389.585,5439.591,5526.491,0.23256466499940037,0.48608640574692524,0.23070700057311833,539.69638671875
0.09765625,2026-07-14|2026-07-15|2026-07-16|2026-07-17|2026-07-20,2026-07-21,gp_qvi,through,0.02,3953,196,174,165,83,82,151,14,10,4,113,92,205,1,1,1,1,0,none,0,0,3,-538.0020141601562,120.28703387985226,262.3583337379456,-658.2890480400085,-800.3603478981018,941363.9991760254,5777.9998779296875,947141.9990539551,-5.680267739130301,-8.4502677391303,805.7068457881928,23382.108,11712.941,33454.045,0.5009360576043871,1.1961413040564133,0.19090738097694182,3266.99658203125
0.09765625,2026-07-14|2026-07-15|2026-07-16|2026-07-17|2026-07-20,2026-07-21,gp_qvi,touch,0.02,3953,1810,1732,2544,1272,1272,1989,555,317,238,538,460,998,0,0,0,0,0,none,0,0,2,195.9564208984375,1836.7806784690927,4006.2066766609128,-1640.8242575706552,-3810.2502557624753,14462839.987945557,0.0,14462839.987945557,0.13548958645865036,-2.6345104135413453,3825.9368164279895,23382.108,13318.13,20953.404,0.5695863692016134,0.9466413312464084,0.4063146487904341,2046.230859375
0.09765625,2026-07-15|2026-07-16|2026-07-17|2026-07-20|2026-07-21,2026-07-22,gp_qvi,through,0.02,4299,241,261,220,110,110,181,39,16,23,131,151,282,0,0,0,0,0,none,0,0,2,-204.00428771972656,165.38092408332824,360.7127241817472,-369.3852118030548,-564.7170119014738,1302212.000656128,0.0,1302212.000656128,-1.5665981239378666,-4.336598123937865,572.1795069896697,23387.244,5128.538,5144.418,0.21928783057978102,0.4690062187241169,0.21894832926872443,502.3845703125
0.09765625,2026-07-15|2026-07-16|2026-07-17|2026-07-20|2026-07-21,2026-07-22,gp_qvi,touch,0.02,4299,1791,1812,2568,1284,1284,1827,741,399,342,507,528,1035,0,0,0,0,0,none,0,0,2,-8.042526245117188,1957.438807188032,4269.374406229014,-1965.481333433149,-4277.4169324741315,15412903.993606567,0.0,15412903.993606567,-0.00521804732479571,-2.7752180473247927,4287.900655276103,23387.244,8690.476,8744.924,0.37159042767074224,0.6114887851745274,0.3704263743090037,853.996484375
0.09765625,2026-07-16|2026-07-17|2026-07-20|2026-07-21|2026-07-22,2026-07-23,gp_qvi,through,0.02,4091,232,238,198,99,99,168,30,15,15,133,139,272,0,0,0,0,0,none,0,0,1,-352.00157165527344,150.53564020347596,328.333640443802,-502.5372118587494,-680.3352120990754,1185320.0016021729,0.0,1185320.0016021729,-2.9696754562437158,-5.739675456243717,682.9830954154969,23383.334,5245.265,5245.265,0.22431638704728762,0.4736205095298214,0.22431638704728762,512.23291015625
0.09765625,2026-07-16|2026-07-17|2026-07-20|2026-07-21|2026-07-22,2026-07-23,gp_qvi,touch,0.02,4091,1857,1930,2628,1314,1314,1818,810,416,394,543,616,1159,0,0,0,0,0,none,0,0,2,-192.02957153320312,1982.6264634147701,4324.311262723521,-2174.6560349479732,-4516.3408342567245,15611231.995391846,0.0,15611231.995391846,-0.12300731395823648,-2.8930073139582237,4517.662719947414,23383.334,10458.339,10703.923,0.44725610984301895,0.6765786227100555,0.44200484841041054,1045.30498046875
0.09765625,2026-07-17|2026-07-20|2026-07-21|2026-07-22|2026-07-23,2026-07-24,gp_qvi,through,0.02,3774,155,125,114,57,57,101,13,7,6,98,68,166,0,0,0,0,0,none,0,0,1,-224.00283813476562,76.30871196899413,166.43711193237303,-300.31155010375977,-390.4399500671386,600855.9997558594,0.0,600855.9997558594,-3.7280619354018727,-6.498061935401872,395.16797256088256,23376.095,4378.543,4378.543,0.18730857313849897,0.4327916047458626,0.1873085731384989,427.59208984375
0.09765625,2026-07-17|2026-07-20|2026-07-21|2026-07-22|2026-07-23,2026-07-24,gp_qvi,touch,0.02,3774,1514,1465,2020,1010,1010,1395,625,352,273,504,455,959,0,0,0,0,0,none,0,0,2,-66.02096557617188,1362.4907971977218,2971.731896250155,-1428.5117627738937,-3037.752861826327,10728273.993682861,0.0,10728273.993682861,-0.06153922393765023,-2.8315392239376522,3054.684185788345,23376.095,12986.681,20240.623,0.5555539109504817,0.9305205230459982,0.40039664452082346,1976.62333984375
0.09765625,2026-07-20|2026-07-21|2026-07-22|2026-07-23|2026-07-24,2026-07-27,gp_qvi,through,0.02,3683,118,116,108,54,54,96,12,6,6,64,62,126,0,0,0,0,0,none,0,0,1,17.998123168945312,71.42708585853578,155.789785691452,-53.42896268959046,-137.7916625225067,562417.9988861084,0.0,562417.9988861084,0.32001328557392056,-2.449986714426079,159.37747593193052,23387.273,880.458,880.458,0.037646885979395715,0.19402805461941763,0.037646885979395694,85.9822265625
0.09765625,2026-07-20|2026-07-21|2026-07-22|2026-07-23|2026-07-24,2026-07-27,gp_qvi,touch,0.02,3683,1488,1444,2078,1039,1039,1413,665,356,309,449,405,854,0,0,0,0,0,none,0,0,1,-296.0208435058594,1356.613999170594,2958.913998190985,-1652.6348426764534,-3254.934841696844,10681999.993469238,0.0,10681999.993469238,-0.27712117926122504,-3.0471211792612305,3264.87815272666,23387.273,5269.15,5269.15,0.22529988853339164,0.4746576540343489,0.22529988853339167,514.5654296875
0.09765625,2026-07-21|2026-07-22|2026-07-23|2026-07-24|2026-07-27,2026-07-28,gp_qvi,through,0.02,4611,138,142,130,65,65,116,14,11,3,73,77,150,0,0,0,0,0,none,0,0,2,-112.00209045410156,66.22237187403869,144.4377717252654,-178.22446232814025,-256.43986217936697,521435.9990081787,0.0,521435.9990081787,-2.147954699467246,-4.917954699467244,272.6453924587249,23382.008,488.538,489.154,0.020893757285516283,0.1446378315941293,0.020880584764148558,47.7689453125
0.09765625,2026-07-21|2026-07-22|2026-07-23|2026-07-24|2026-07-27,2026-07-28,gp_qvi,touch,0.02,4611,1718,1708,2426,1213,1213,1805,621,332,289,505,495,1000,0,0,0,0,0,none,0,0,2,949.9744873046875,1234.3193501395172,2692.176850304313,-284.34486283482966,-1742.2023629996256,9719050.001098633,0.0,9719050.001098633,0.9774355386558391,-1.7925644613441525,1813.2266897135694,23382.008,4676.344,4685.356,0.19999753656743252,0.4476415542833548,0.19980482429054003,457.554296875
0.09765625,2026-07-22|2026-07-23|2026-07-24|2026-07-27|2026-07-28,2026-07-29,gp_qvi,through,0.02,6884,186,172,172,86,86,155,17,9,8,100,86,186,0,0,0,0,0,none,0,0,1,-220.0021743774414,68.36714804553984,149.11574809932702,-288.3693224229812,-369.1179224767684,538324.0003585815,0.0,538324.0003585815,-4.086798549403266,-6.856798549403264,369.4224177789688,23390.931,632.658,632.658,0.02704714917076195,0.16446017502958565,0.027047149170761897,61.7830078125
0.09765625,2026-07-22|2026-07-23|2026-07-24|2026-07-27|2026-07-28,2026-07-29,gp_qvi,touch,0.02,6884,2772,2642,3964,1982,1982,2940,1024,576,448,790,660,1450,0,0,0,0,0,none,0,0,2,809.9694213867188,1552.5412180387577,3386.2513180845285,-742.571796652039,-2576.2818966978098,12224734.000305176,0.0,12224734.000305176,0.6625660904903934,-2.1074339095096026,2632.838211690333,23390.931,4757.563,4765.609,0.20339348613357885,0.4513728675956485,0.20322149639960885,465.39150390625
0.09765625,2026-07-23|2026-07-24|2026-07-27|2026-07-28|2026-07-29,2026-07-30,gp_qvi,through,0.02,5990,2054,1992,1768,884,884,1429,339,161,178,1170,1108,2278,0,0,0,0,0,none,0,0,1,-2964.018440246582,656.9806526327146,1432.9420533800146,-3620.9990928792968,-4396.960493626597,5173076.004981995,0.0,5173076.004981995,-5.729702090964926,-8.49970209096493,4405.17675753937,23385.652,8985.2,8985.2,0.38421849431437705,0.6198536071641247,0.38421849431437705,877.4609375
0.09765625,2026-07-23|2026-07-24|2026-07-27|2026-07-28|2026-07-29,2026-07-30,gp_qvi,touch,0.02,5990,1988,1886,2740,1370,1370,1887,853,451,402,618,516,1134,0,0,0,0,0,none,0,0,2,583.9836578369141,1013.3004885581025,2210.1120892172867,-429.31683072118847,-1626.1284313803726,7978744.004394531,0.0,7978744.004394531,0.7319242947452226,-2.038075705254779,1719.7821617158863,23385.652,11287.776,18556.462,0.4826795506920226,0.8907849008341748,0.32727045626095863,1812.1544921875
0.05,2026-07-02,2026-07-03,gp_qvi,through,0.05,4888,2130,2004,1999,1000,999,1916,83,49,34,1130,1005,2135,1,1,0,0,1,sell,1,0,3,-8925.084686279297,2899.1998149418637,6323.451564873184,-11824.28450122116,-15248.53625115248,22816689.99923706,11655.000305175781,22828344.999542236,-3.9096503432282392,-6.679650343228232,16045.143098704819,23383.259,18008.168,22207.52,0.7701308016987709,0.9745351563814004,0.6822274859120365,1110.376
0.05,2026-07-02,2026-07-03,gp_qvi,touch,0.05,4888,2206,2104,3162,1581,1581,2565,597,320,277,625,523,1148,0,0,0,0,0,none,0,0,3,249.90615844726562,4594.142447965248,10020.294945562031,-4344.236289517982,-9770.388787114765,36174349.98397827,0.0,36174349.98397827,0.06908380069246574,-2.700916199307548,10066.869205793053,23383.259,16132.455,19345.921,0.6899147377189809,0.9095826860830544,0.6220914715095958,967.29605
0.05,2026-07-02|2026-07-03,2026-07-06,gp_qvi,through,0.05,4348,1882,1777,1657,828,829,1469,188,88,100,1054,948,2002,1,1,0,0,1,buy,1,0,3,-7190.081939697266,2292.3779421897875,4999.91094477616,-9482.459881887053,-12189.992884473426,18039370.01724243,10850.0,18050220.01724243,-3.9833763426866575,-6.7533763426866615,12780.607409290931,23370.842,14283.698,18219.994,0.6111760115446419,0.8829516757393479,0.5284911857262139,910.9997000000001
0.05,2026-07-02|2026-07-03,2026-07-06,gp_qvi,touch,0.05,4348,2115,2061,2939,1469,1470,2072,867,442,425,646,591,1237,1,1,0,0,1,buy,1,0,4,-440.09246826171875,4061.334271046446,8858.185772282437,-4501.4267393081645,-9298.278240544156,31968160.008239746,10850.0,31979010.008239746,-0.1376191658679628,-2.9076191658679713,9771.089702048517,23370.842,8179.361,10604.475,0.3499814426882865,0.6736082640954245,0.30119068880787436,530.22375
0.05,2026-07-02|2026-07-03|2026-07-06,2026-07-07,gp_qvi,through,0.02,7603,357,288,346,173,173,318,28,16,12,184,115,299,0,0,0,0,0,none,0,0,2,-542.0062561035156,402.7924385697324,878.5315392426445,-944.7986946732481,-1420.5377953461602,3171594.004486084,0.0,3171594.004486084,-1.7089395910601135,-4.4789395910601115,1466.0500793381646,23387.055,1601.943,1623.389,0.06849699545325395,0.26346536484046895,0.06803849394462025,81.16945000000001
0.05,2026-07-02|2026-07-03|2026-07-06,2026-07-07,gp_qvi,touch,0.02,7603,795,741,1050,525,525,962,88,49,39,270,216,486,0,0,0,0,0,none,0,0,3,-90.01541137695312,1219.1591056938132,2659.1108053321873,-1309.1745170707663,-2749.1262167091404,9599677.997589111,0.0,9599677.997589111,-0.0937691987164151,-2.863769198716419,2980.8917603111295,23387.055,2281.322,2500.344,0.09754635630693989,0.32697316656818715,0.0932561624368694,125.01720000000002
0.05,2026-07-02|2026-07-03|2026-07-06|2026-07-07,2026-07-08,gp_qvi,through,0.02,7159,526,495,600,300,300,542,58,32,26,226,195,421,0,0,0,0,0,none,0,0,2,-9.006500244140625,662.7234654457093,1445.4677159721389,-671.7299656898499,-1454.4742162162795,5218295.0035095215,0.0,5218295.0035095215,-0.01725946930574714,-2.78725946930575,1984.3790016128553,23385.794,5857.707,6191.929,0.2504814247487171,0.5145610678896606,0.24333559082920164,309.59645
0.05,2026-07-02|2026-07-03|2026-07-06|2026-07-07,2026-07-08,gp_qvi,touch,0.02,7159,509,477,706,353,353,639,67,39,28,156,124,280,0,0,0,0,0,none,0,0,3,940.9896850585938,775.7095238449097,1691.9018748428346,165.2801612136841,-750.9121897842408,6107949.006652832,0.0,6107949.006652832,1.5405984628124099,-1.2294015371875906,1342.9582187835692,23385.794,5393.727,5653.213,0.23064117472342396,0.4916676278400563,0.2253590363448853,282.66065000000003
0.05,2026-07-02|2026-07-03|2026-07-06|2026-07-07|2026-07-08,2026-07-09,gp_qvi,through,0.02,8023,458,444,472,236,236,402,70,31,39,222,208,430,0,0,0,0,0,none,0,0,2,-746.0037231445312,544.7830100387574,1188.2275100845343,-1290.7867331832886,-1934.2312332290655,4289630.000305176,0.0,4289630.000305176,-1.7390864085980808,-4.509086408598082,2035.113084078217,23386.058,5700.342,5971.684,0.24374958789548884,0.5053239682656036,0.23794822539138494,298.5842
0.05,2026-07-02|2026-07-03|2026-07-06|2026-07-07|2026-07-08,2026-07-09,gp_qvi,touch,0.02,8023,450,437,599,299,300,529,70,40,30,151,137,288,1,1,0,0,1,buy,1,0,4,389.996337890625,694.4992457519531,1514.7739454589844,-304.50290786132814,-1124.7776075683594,5458897.998046875,9600.0,5468497.998046875,0.7131690237976055,-2.056830976202394,1268.8937083053584,23386.058,2802.217,3185.587,0.1198242559733667,0.3690763559375726,0.1117341793986828,159.27935
0.05,2026-07-03|2026-07-06|2026-07-07|2026-07-08|2026-07-09,2026-07-10,gp_qvi,through,0.02,4649,252,225,251,125,126,226,25,15,10,127,99,226,1,1,0,0,1,buy,1,0,2,-288.00048828125,297.2597561782835,648.3539563888538,-585.2602444595335,-936.3544446701038,2331676.001739502,8951.99966430664,2340628.0014038086,-1.2304410957594272,-4.000441095759422,1016.4135891792287,23385.296,2563.083,2766.647,0.10960233302157048,0.3439580194444723,0.10524993996227372,138.33235000000002
0.05,2026-07-03|2026-07-06|2026-07-07|2026-07-08|2026-07-09,2026-07-10,gp_qvi,touch,0.02,4649,874,857,1244,622,622,1005,239,114,125,252,235,487,0,0,0,0,0,none,0,0,3,355.9967041015625,1485.8746001937905,3240.8446004226644,-1129.877896092228,-2884.847896321102,11699800.001525879,0.0,11699800.001525879,0.3042758885238497,-2.465724111476147,2965.43109262466,23385.296,3976.743,4418.243,0.17005313937441716,0.43466369079494427,0.1615238481479987,220.91215000000003
0.05,2026-07-06|2026-07-07|2026-07-08|2026-07-09|2026-07-10,2026-07-14,gp_qvi,through,0.02,6615,534,511,548,274,274,464,84,46,38,260,237,497,0,0,0,0,0,none,0,0,2,-574.0089416503906,406.17825752716016,885.9163569686895,-980.1871991775508,-1459.92529861908,3198253.9962768555,0.0,3198253.9962768555,-1.7947572091478807,-4.564757209147882,1556.4887447059632,23390.474,2576.593,2599.085,0.11015565567418599,0.3333425321079201,0.10967486165521911,129.95425
0.05,2026-07-06|2026-07-07|2026-07-08|2026-07-09|2026-07-10,2026-07-14,gp_qvi,touch,0.02,6615,498,494,680,340,340,551,129,70,59,158,154,312,0,0,0,0,0,none,0,0,2,-516.0083770751953,506.255527168655,1104.1951261867532,-1022.2639042438503,-1620.2035032619485,3986263.9934539795,0.0,3986263.9934539795,-1.294466141536425,-4.0644661415364265,1702.0688134922036,23390.474,5102.907,5121.779,0.21816176106563723,0.46794079245715414,0.2177583489757412,256.08895
0.05,2026-07-07|2026-07-08|2026-07-09|2026-07-10|2026-07-14,2026-07-15,gp_qvi,through,0.02,5634,328,412,342,171,171,297,45,25,20,157,241,398,0,0,0,0,0,none,0,0,2,-266.00341796875,330.4821934341431,720.8154927658076,-596.485611402893,-986.8189107345576,2602221.9955444336,0.0,2602221.9955444336,-1.0222164689415634,-3.7922164689415614,1013.4466166419978,23387.034,2142.29,2272.15,0.09160161138860105,0.31169578241522056,0.0888252866951833,113.6075
0.05,2026-07-07|2026-07-08|2026-07-09|2026-07-10|2026-07-14,2026-07-15,gp_qvi,touch,0.02,5634,334,385,472,236,236,407,65,27,38,98,149,247,0,0,0,0,0,none,0,0,2,339.9940490722656,455.5185197868348,993.5325195350639,-115.52447071456919,-653.5384704627983,3586759.998321533,0.0,3586759.998321533,0.9479141320617211,-1.8220858679382768,675.0522953857414,23387.034,1966.494,2080.862,0.08408479672967509,0.2982868213427543,0.08163968120113052,104.04310000000001
0.05,2026-07-08|2026-07-09|2026-07-10|2026-07-14|2026-07-15,2026-07-16,gp_qvi,through,0.02,5321,404,368,367,184,183,307,60,34,26,220,185,405,1,1,0,0,1,sell,1,0,2,-874.0055084228516,270.949166071701,590.967866156388,-1144.9546744945526,-1464.9733745792396,2127806.000518799,5652.000045776367,2133458.000564575,-4.096661420996168,-6.866661420996171,1596.286845428849,23388.122,6987.192,7176.96,0.29874959605563883,0.5539525776610627,0.2946926649347904,358.848
0.05,2026-07-08|2026-07-09|2026-07-10|2026-07-14|2026-07-15,2026-07-16,gp_qvi,touch,0.02,5321,363,328,460,230,230,390,70,36,34,133,98,231,0,0,0,0,0,none,0,0,3,171.9921112060547,338.58555603294315,738.4897560718533,-166.59344482688846,-566.4976448657986,2666028.0002593994,0.0,2666028.0002593994,0.6451249243793395,-2.1248750756206594,744.6309781753534,23388.122,2088.733,2175.255,0.08930742707772775,0.30497020557028526,0.0877032794680992,108.76275
0.05,2026-07-09|2026-07-10|2026-07-14|2026-07-15|2026-07-16,2026-07-17,gp_qvi,through,0.02,2369,392,367,374,187,187,360,14,6,8,205,180,385,0,0,0,0,0,none,0,0,2,-544.0109252929688,222.38462007751457,485.04362016906794,-766.3955453704833,-1029.0545454620367,1751060.0006103516,0.0,1751060.0006103516,-3.106752053632358,-5.876752053632361,1109.2613489982612,23380.981,7224.866,7288.49,0.3090061105648219,0.5583254397243332,0.3076455175255478,364.4245
0.05,2026-07-09|2026-07-10|2026-07-14|2026-07-15|2026-07-16,2026-07-17,gp_qvi,touch,0.02,2369,414,395,596,298,298,569,27,15,12,116,97,213,0,0,0,0,0,none,0,0,2,259.9864959716797,353.79660004844567,771.6666001056661,-93.81010407676598,-511.68010413398645,2785800.0003814697,0.0,2785800.0003814697,0.933256141632848,-1.8367438583671487,691.9810386253356,23380.981,7100.545,7583.497,0.303688925627201,0.5695126763569419,0.29336104417517805,379.17485000000005
0.05,2026-07-10|2026-07-14|2026-07-15|2026-07-16|2026-07-17,2026-07-20,gp_qvi,through,0.02,5193,268,346,297,149,148,269,28,17,11,119,198,317,1,1,0,0,1,sell,1,0,2,-314.0045166015625,200.31735337600693,436.9126526390078,-514.3218699775695,-750.9171692405703,1572047.9949951172,5254.000091552734,1577301.99508667,-1.9907697928468575,-4.760769792846859,820.8034994907381,23389.585,6031.19,6104.446,0.25785793121169104,0.5108717290147813,0.2562919350642604,305.22229999999996
0.05,2026-07-10|2026-07-14|2026-07-15|2026-07-16|2026-07-17,2026-07-20,gp_qvi,touch,0.02,5193,1958,2082,2926,1463,1463,2075,851,419,432,495,619,1114,0,0,0,0,0,none,0,0,3,-340.0360107421875,1954.0235217094391,4261.925319004073,-2294.0595324516266,-4601.96132974626,15386011.981964111,0.0,15386011.981964111,-0.22100334455789236,-2.991003344557901,4731.375198320402,23389.585,17583.834,25522.934,0.751780504014928,1.0446096671212355,0.5821078484291192,1276.1467000000002
0.05,2026-07-14|2026-07-15|2026-07-16|2026-07-17|2026-07-20,2026-07-21,gp_qvi,through,0.02,3953,1278,1200,1130,565,565,964,166,86,80,713,635,1348,0,0,0,0,0,none,0,0,3,-1960.0200653076172,815.7535117267624,1779.2419114040372,-2775.7735770343797,-3739.2619767116544,6423255.997848511,0.0,6423255.997848511,-3.051443171444719,-5.821443171444718,3746.6804944499963,23382.108,23550.43,46054.202,1.007198752139884,1.4034366046561033,0.6808624354998275,2302.7101000000002
0.05,2026-07-14|2026-07-15|2026-07-16|2026-07-17|2026-07-20,2026-07-21,gp_qvi,touch,0.02,3953,1387,1335,1914,957,957,1515,399,220,179,430,378,808,0,0,0,0,0,none,0,0,3,559.9647521972656,1381.4521510582006,3013.0885499458227,-821.487398860935,-2453.123797748557,10877575.992584229,0.0,10877575.992584229,0.5147881776041102,-2.2552118223958817,2457.495143049613,23382.108,18120.259,25868.309,0.7749625910546646,1.051821851327666,0.609365032442755,1293.4154500000002
0.05,2026-07-15|2026-07-16|2026-07-17|2026-07-20|2026-07-21,2026-07-22,gp_qvi,through,0.02,4299,1215,1240,1166,583,583,876,290,137,153,632,657,1289,0,0,0,0,0,none,0,0,2,-1548.0209350585938,887.6664998062156,1936.0914995773333,-2435.6874348648093,-3484.112434635927,6989499.998474121,0.0,6989499.998474121,-2.2147806501130876,-4.984780650113089,3490.028543400957,23387.244,15374.62,15716.356,0.6573934064227491,0.8197594003347943,0.6500873724154927,785.8178
0.05,2026-07-15|2026-07-16|2026-07-17|2026-07-20|2026-07-21,2026-07-22,gp_qvi,touch,0.02,4299,1345,1388,1910,955,955,1409,501,270,231,390,433,823,0,0,0,0,0,none,0,0,3,225.9613037109375,1452.5642772171032,3168.191376292422,-1226.6029735061657,-2942.2300725814844,11437513.99383545,0.0,11437513.99383545,0.19756155387676494,-2.572438446123237,2994.540528926468,23387.244,13073.949,13665.245,0.5590205070764217,0.7643973765626627,0.5467185872777485,683.26225
0.05,2026-07-16|2026-07-17|2026-07-20|2026-07-21|2026-07-22,2026-07-23,gp_qvi,through,0.02,4091,1915,1912,1762,881,881,1341,421,222,199,1034,1031,2065,0,0,0,0,0,none,0,0,2,-3804.026412963867,1328.742071377942,2898.122470643234,-5132.768484341809,-6702.148883607101,10462535.995101929,0.0,10462535.995101929,-3.635855030505735,-6.405855030505735,6702.148883607101,23383.334,11637.099,11736.595,0.4976663721264042,0.7084640911445695,0.4955388739689558,586.82975
0.05,2026-07-16|2026-07-17|2026-07-20|2026-07-21|2026-07-22,2026-07-23,gp_qvi,touch,0.02,4091,1581,1676,2234,1117,1117,1569,665,351,314,464,559,1023,0,0,0,0,0,none,0,0,3,-162.0288848876953,1686.3941373043065,3678.1982364826154,-1848.4230221920018,-3840.2271213703107,13278693.994522095,0.0,13278693.994522095,-0.1220217025518757,-2.892021702551872,3851.5332907829224,23383.334,12946.775,13883.341,0.5536753227747592,0.770537498920235,0.5345346818379277,694.16705
0.05,2026-07-17|2026-07-20|2026-07-21|2026-07-22|2026-07-23,2026-07-24,gp_qvi,through,0.02,3774,1549,1514,1296,648,648,980,316,172,144,901,866,1767,0,0,0,0,0,none,0,0,2,-3002.016067504883,875.5189490795135,1909.5964479923266,-3877.5350165843965,-4911.61251549721,6893849.992752075,0.0,6893849.992752075,-4.354629228458823,-7.124629228458826,4913.4732706195855,23376.095,14069.507,21326.585,0.60187584795493,0.9551568117108383,0.44665150445358814,1066.32925
0.05,2026-07-17|2026-07-20|2026-07-21|2026-07-22|2026-07-23,2026-07-24,gp_qvi,touch,0.02,3774,1286,1276,1716,858,858,1194,522,297,225,428,418,846,0,0,0,0,0,none,0,0,2,-72.01995849609375,1157.6441150543205,2524.940313937384,-1229.6640735504143,-2596.9602724334777,9115307.992553711,0.0,9115307.992553711,-0.07900990131647423,-2.849009901316481,2621.5136091213258,23376.095,15251.396,22738.342,0.6524355757452218,0.986264532077343,0.49229450000096253,1136.9171000000001
0.05,2026-07-20|2026-07-21|2026-07-22|2026-07-23|2026-07-24,2026-07-27,gp_qvi,through,0.02,3683,1527,1500,1474,737,737,1091,383,193,190,790,763,1553,0,0,0,0,0,none,0,0,1,-2766.017532348633,960.2365855678559,2094.3742850574513,-3726.2541179164887,-4860.391817406084,7560917.99659729,0.0,7560917.99659729,-3.6583091280628217,-6.428309128062823,4866.172718198015,23387.273,6992.792,6992.792,0.29899988767394986,0.5468088218691701,0.2989998876739498,349.63960000000003
0.05,2026-07-20|2026-07-21|2026-07-22|2026-07-23|2026-07-24,2026-07-27,gp_qvi,touch,0.02,3683,1138,1076,1550,775,775,1086,464,254,210,363,301,664,0,0,0,0,0,none,0,0,2,179.98390197753906,1012.653803230668,2208.7016023220094,-832.669901253129,-2028.7177003444704,7973651.993942261,0.0,7973651.993942261,0.22572329732257734,-2.544276702677427,2038.661011374286,23387.273,9267.122,9536.868,0.39624636869805213,0.6385767367238095,0.39047942870466346,476.84340000000003
0.05,2026-07-21|2026-07-22|2026-07-23|2026-07-24|2026-07-27,2026-07-28,gp_qvi,through,0.02,4611,1794,1739,1522,761,761,1239,283,162,121,1033,978,2011,0,0,0,0,0,none,0,0,2,-2026.018814086914,776.2714980329432,1693.1275980718547,-2802.2903121198574,-3719.1464121587687,6112374.000259399,0.0,6112374.000259399,-3.314618532833451,-6.084618532833453,3739.9651742752085,23382.008,6019.02,6028.648,0.2574210050736447,0.5077723650122811,0.2572151202753844,301.43240000000003
0.05,2026-07-21|2026-07-22|2026-07-23|2026-07-24|2026-07-27,2026-07-28,gp_qvi,touch,0.02,4611,1275,1260,1748,874,874,1334,414,218,196,401,386,787,0,0,0,0,0,none,0,0,2,671.9772796630859,889.0665486453069,1939.1451494074852,-217.08926898222091,-1267.1678697443992,7000524.005081177,0.0,7000524.005081177,0.9598956866305236,-1.8101043133694752,1339.655246351531,23382.008,12857.779,13045.123,0.5499005474636738,0.7469356477564609,0.5458943902508288,652.25615
0.05,2026-07-22|2026-07-23|2026-07-24|2026-07-27|2026-07-28,2026-07-29,gp_qvi,through,0.02,6884,2905,2692,2678,1339,1339,2243,435,232,203,1566,1353,2919,0,0,0,0,0,none,0,0,2,-4548.023223876953,1047.9989204650874,2285.7929210144,-5596.0221443420405,-6833.816144891352,8251960.003662109,0.0,8251960.003662109,-5.511446034467691,-8.281446034467685,6835.535075937647,23390.931,6862.396,6873.772,0.2933784892957018,0.5420930101289688,0.2931353181282096,343.6886
0.05,2026-07-22|2026-07-23|2026-07-24|2026-07-27|2026-07-28,2026-07-29,gp_qvi,touch,0.02,6884,2786,2656,3980,1990,1990,2955,1025,577,448,796,666,1462,0,0,0,0,0,none,0,0,2,825.9693145751953,1558.937446042633,3400.202146092982,-732.9681314674376,-2574.2328315177865,12275098.000335693,0.0,12275098.000335693,0.672882053204469,-2.0971179467955268,2630.78914651031,23390.931,4859.188,4943.16,0.20773811867513953,0.4597043147664784,0.2059431495052506,247.158
0.05,2026-07-23|2026-07-24|2026-07-27|2026-07-28|2026-07-29,2026-07-30,gp_qvi,through,0.02,5990,2071,2004,1782,891,891,1442,340,161,179,1180,1113,2293,0,0,0,0,0,none,0,0,2,-2820.0185775756836,662.073352632715,1444.0497533800142,-3482.0919302083985,-4264.068330955698,5213176.004981995,0.0,5213176.004981995,-5.409406041309023,-8.179406041309026,4272.284594868471,23385.652,12732.2,20099.294,0.5444449442760886,0.9270766869261039,0.3869318246931922,1004.9647000000001
0.05,2026-07-23|2026-07-24|2026-07-27|2026-07-28|2026-07-29,2026-07-30,gp_qvi,touch,0.02,5990,2111,1982,2900,1450,1450,1999,901,474,427,661,532,1193,0,0,0,0,0,none,0,0,2,551.9815444946289,1072.2528726133312,2338.693273337756,-520.2713281187023,-1786.7117288431273,8442936.004829407,0.0,8442936.004829407,0.6537791405488474,-2.116220859451165,1875.633036149223,23385.652,11894.655,19675.645,0.5086304628154049,0.9172542817647529,0.3422679855152211,983.78225
0.048828125,2026-07-02,2026-07-03,gp_qvi,through,0.05,4888,2130,2004,1999,1000,999,1916,83,49,34,1130,1005,2135,1,1,0,0,1,sell,1,0,3,-8925.084686279297,2899.1998149418637,6323.451564873184,-11824.28450122116,-15248.53625115248,22816689.99923706,11655.000305175781,22828344.999542236,-3.9096503432282392,-6.679650343228232,16045.143098704819,23383.259,18008.168,22207.52,0.7701308016987709,0.9745351563814004,0.6822274859120365,1084.3515625
0.048828125,2026-07-02,2026-07-03,gp_qvi,touch,0.05,4888,2206,2104,3162,1581,1581,2565,597,320,277,625,523,1148,0,0,0,0,0,none,0,0,3,249.90615844726562,4594.142447965248,10020.294945562031,-4344.236289517982,-9770.388787114765,36174349.98397827,0.0,36174349.98397827,0.06908380069246574,-2.700916199307548,10066.869205793053,23383.259,16132.455,19345.921,0.6899147377189809,0.9095826860830544,0.6220914715095958,944.625048828125
0.048828125,2026-07-02|2026-07-03,2026-07-06,gp_qvi,through,0.05,4348,1882,1777,1657,828,829,1469,188,88,100,1054,948,2002,1,1,0,0,1,buy,1,0,3,-7190.081939697266,2292.3779421897875,4999.91094477616,-9482.459881887053,-12189.992884473426,18039370.01724243,10850.0,18050220.01724243,-3.9833763426866575,-6.7533763426866615,12780.607409290931,23370.842,14283.698,18219.994,0.6111760115446419,0.8829516757393479,0.5284911857262139,889.64814453125
0.048828125,2026-07-02|2026-07-03,2026-07-06,gp_qvi,touch,0.05,4348,2115,2061,2939,1469,1470,2072,867,442,425,646,591,1237,1,1,0,0,1,buy,1,0,4,-440.09246826171875,4061.334271046446,8858.185772282437,-4501.4267393081645,-9298.278240544156,31968160.008239746,10850.0,31979010.008239746,-0.1376191658679628,-2.9076191658679713,9771.089702048517,23370.842,8179.361,10604.475,0.3499814426882865,0.6736082640954245,0.30119068880787436,517.796630859375
0.048828125,2026-07-02|2026-07-03|2026-07-06,2026-07-07,gp_qvi,through,0.02,7603,357,288,346,173,173,318,28,16,12,184,115,299,0,0,0,0,0,none,0,0,2,-542.0062561035156,402.7924385697324,878.5315392426445,-944.7986946732481,-1420.5377953461602,3171594.004486084,0.0,3171594.004486084,-1.7089395910601135,-4.4789395910601115,1466.0500793381646,23387.055,1601.943,1623.389,0.06849699545325395,0.26346536484046895,0.06803849394462025,79.267041015625
0.048828125,2026-07-02|2026-07-03|2026-07-06,2026-07-07,gp_qvi,touch,0.02,7603,795,741,1050,525,525,962,88,49,39,270,216,486,0,0,0,0,0,none,0,0,3,-90.01541137695312,1219.1591056938132,2659.1108053321873,-1309.1745170707663,-2749.1262167091404,9599677.997589111,0.0,9599677.997589111,-0.0937691987164151,-2.863769198716419,2980.8917603111295,23387.055,2281.322,2500.344,0.09754635630693989,0.32697316656818715,0.0932561624368694,122.087109375
0.048828125,2026-07-02|2026-07-03|2026-07-06|2026-07-07,2026-07-08,gp_qvi,through,0.02,7159,526,495,600,300,300,542,58,32,26,226,195,421,0,0,0,0,0,none,0,0,2,-9.006500244140625,662.7234654457093,1445.4677159721389,-671.7299656898499,-1454.4742162162795,5218295.0035095215,0.0,5218295.0035095215,-0.01725946930574714,-2.78725946930575,1984.3790016128553,23385.794,5857.707,6191.929,0.2504814247487171,0.5145610678896606,0.24333559082920164,302.340283203125
0.048828125,2026-07-02|2026-07-03|2026-07-06|2026-07-07,2026-07-08,gp_qvi,touch,0.02,7159,507,476,704,352,352,638,66,38,28,155,124,279,0,0,0,0,0,none,0,0,3,1008.9897155761719,773.4402878410338,1686.9524388343814,235.54942773513812,-677.9627232582095,6090081.006622314,0.0,6090081.006622314,1.6567755247902336,-1.1132244752097669,1304.9479675178527,23385.794,5443.15,5762.314,0.2327545517590722,0.4963892871725661,0.22624688304361185,281.36298828125
0.048828125,2026-07-02|2026-07-03|2026-07-06|2026-07-07|2026-07-08,2026-07-09,gp_qvi,through,0.02,8023,458,444,472,236,236,402,70,31,39,222,208,430,0,0,0,0,0,none,0,0,2,-746.0037231445312,544.7830100387574,1188.2275100845343,-1290.7867331832886,-1934.2312332290655,4289630.000305176,0.0,4289630.000305176,-1.7390864085980808,-4.509086408598082,2035.113084078217,23386.058,5700.342,5971.684,0.24374958789548884,0.5053239682656036,0.23794822539138494,291.5861328125
0.048828125,2026-07-02|2026-07-03|2026-07-06|2026-07-07|2026-07-08,2026-07-09,gp_qvi,touch,0.02,8023,450,437,599,299,300,529,70,40,30,151,137,288,1,1,0,0,1,buy,1,0,4,389.996337890625,694.4992457519531,1514.7739454589844,-304.50290786132814,-1124.7776075683594,5458897.998046875,9600.0,5468497.998046875,0.7131690237976055,-2.056830976202394,1268.8937083053584,23386.058,2802.217,3185.587,0.1198242559733667,0.3690763559375726,0.1117341793986828,155.546240234375
0.048828125,2026-07-03|2026-07-06|2026-07-07|2026-07-08|2026-07-09,2026-07-10,gp_qvi,through,0.02,4649,913,879,969,484,485,798,171,81,90,429,394,823,1,1,0,0,1,buy,1,0,2,-1424.0119934082031,1158.5793448875431,2526.9801459358227,-2582.591338295746,-3950.992139344026,9113720.007324219,8951.99966430664,9122672.006988525,-1.560959324545838,-4.330959324545839,4031.0512838531504,23385.296,5110.504,5384.916,0.21853492895706772,0.47986384642833607,0.21266773788110271,262.9353515625
0.048828125,2026-07-03|2026-07-06|2026-07-07|2026-07-08|2026-07-09,2026-07-10,gp_qvi,touch,0.02,4649,874,857,1244,622,622,1005,239,114,125,252,235,487,0,0,0,0,0,none,0,0,3,355.9967041015625,1485.8746001937905,3240.8446004226644,-1129.877896092228,-2884.847896321102,11699800.001525879,0.0,11699800.001525879,0.3042758885238497,-2.465724111476147,2965.43109262466,23385.296,3976.743,4418.243,0.17005313937441716,0.43466369079494427,0.1615238481479987,215.734521484375
0.048828125,2026-07-06|2026-07-07|2026-07-08|2026-07-09|2026-07-10,2026-07-14,gp_qvi,through,0.02,6615,534,511,548,274,274,464,84,46,38,260,237,497,0,0,0,0,0,none,0,0,2,-574.0089416503906,406.17825752716016,885.9163569686895,-980.1871991775508,-1459.92529861908,3198253.9962768555,0.0,3198253.9962768555,-1.7947572091478807,-4.564757209147882,1556.4887447059632,23390.474,2576.593,2599.085,0.11015565567418599,0.3333425321079201,0.10967486165521911,126.908447265625
0.048828125,2026-07-06|2026-07-07|2026-07-08|2026-07-09|2026-07-10,2026-07-14,gp_qvi,touch,0.02,6615,499,494,680,340,340,551,129,70,59,159,154,313,0,0,0,0,0,none,0,0,2,-508.0085754394531,506.2545111938472,1104.1929102417002,-1014.2630866333003,-1612.2014856811534,3986255.9936523438,0.0,3986255.9936523438,-1.2744002799830183,-4.044400279983021,1694.0667959114085,23390.474,5110.737,5137.455,0.21849651272565063,0.46865634808952306,0.2179253827861718,250.852294921875
0.048828125,2026-07-07|2026-07-08|2026-07-09|2026-07-10|2026-07-14,2026-07-15,gp_qvi,through,0.02,5634,328,412,342,171,171,297,45,25,20,157,241,398,0,0,0,0,0,none,0,0,2,-266.00341796875,330.4821934341431,720.8154927658076,-596.485611402893,-986.8189107345576,2602221.9955444336,0.0,2602221.9955444336,-1.0222164689415634,-3.7922164689415614,1013.4466166419978,23387.034,2142.29,2272.15,0.09160161138860105,0.31169578241522056,0.0888252866951833,110.94482421875
0.048828125,2026-07-07|2026-07-08|2026-07-09|2026-07-10|2026-07-14,2026-07-15,gp_qvi,touch,0.02,5634,334,385,472,236,236,407,65,27,38,98,149,247,0,0,0,0,0,none,0,0,2,339.9940490722656,455.5185197868348,993.5325195350639,-115.52447071456919,-653.5384704627983,3586759.998321533,0.0,3586759.998321533,0.9479141320617211,-1.8220858679382768,675.0522953857414,23387.034,1966.494,2080.862,0.08408479672967509,0.2982868213427543,0.08163968120113052,101.60458984375
0.048828125,2026-07-08|2026-07-09|2026-07-10|2026-07-14|2026-07-15,2026-07-16,gp_qvi,through,0.02,5321,404,368,367,184,183,307,60,34,26,220,185,405,1,1,0,0,1,sell,1,0,2,-874.0055084228516,270.949166071701,590.967866156388,-1144.9546744945526,-1464.9733745792396,2127806.000518799,5652.000045776367,2133458.000564575,-4.096661420996168,-6.866661420996171,1596.286845428849,23388.122,6987.192,7176.96,0.29874959605563883,0.5539525776610627,0.2946926649347904,350.4375
0.048828125,2026-07-08|2026-07-09|2026-07-10|2026-07-14|2026-07-15,2026-07-16,gp_qvi,touch,0.02,5321,363,328,460,230,230,390,70,36,34,133,98,231,0,0,0,0,0,none,0,0,3,171.9921112060547,338.58555603294315,738.4897560718533,-166.59344482688846,-566.4976448657986,2666028.0002593994,0.0,2666028.0002593994,0.6451249243793395,-2.1248750756206594,744.6309781753534,23388.122,2088.733,2175.255,0.08930742707772775,0.30497020557028526,0.0877032794680992,106.213623046875
0.048828125,2026-07-09|2026-07-10|2026-07-14|2026-07-15|2026-07-16,2026-07-17,gp_qvi,through,0.02,2369,392,367,374,187,187,360,14,6,8,205,180,385,0,0,0,0,0,none,0,0,2,-544.0109252929688,222.38462007751457,485.04362016906794,-766.3955453704833,-1029.0545454620367,1751060.0006103516,0.0,1751060.0006103516,-3.106752053632358,-5.876752053632361,1109.2613489982612,23380.981,7224.866,7288.49,0.3090061105648219,0.5583254397243332,0.3076455175255478,355.88330078125
0.048828125,2026-07-09|2026-07-10|2026-07-14|2026-07-15|2026-07-16,2026-07-17,gp_qvi,touch,0.02,2369,414,395,596,298,298,569,27,15,12,116,97,213,0,0,0,0,0,none,0,0,2,259.9864959716797,353.79660004844567,771.6666001056661,-93.81010407676598,-511.68010413398645,2785800.0003814697,0.0,2785800.0003814697,0.933256141632848,-1.8367438583671487,691.9810386253356,23380.981,7100.545,7583.497,0.303688925627201,0.5695126763569419,0.29336104417517805,370.287939453125
0.048828125,2026-07-10|2026-07-14|2026-07-15|2026-07-16|2026-07-17,2026-07-20,gp_qvi,through,0.02,5193,268,346,297,149,148,269,28,17,11,119,198,317,1,1,0,0,1,sell,1,0,2,-314.0045166015625,200.31735337600693,436.9126526390078,-514.3218699775695,-750.9171692405703,1572047.9949951172,5254.000091552734,1577301.99508667,-1.9907697928468575,-4.760769792846859,820.8034994907381,23389.585,6031.19,6104.446,0.25785793121169104,0.5108717290147813,0.2562919350642604,298.06865234375
0.048828125,2026-07-10|2026-07-14|2026-07-15|2026-07-16|2026-07-17,2026-07-20,gp_qvi,touch,0.02,5193,1958,2082,2926,1463,1463,2075,851,419,432,495,619,1114,0,0,0,0,0,none,0,0,3,-340.0360107421875,1954.0235217094391,4261.925319004073,-2294.0595324516266,-4601.96132974626,15386011.981964111,0.0,15386011.981964111,-0.22100334455789236,-2.991003344557901,4731.375198320402,23389.585,17583.834,25522.934,0.751780504014928,1.0446096671212355,0.5821078484291192,1246.23701171875
0.048828125,2026-07-14|2026-07-15|2026-07-16|2026-07-17|2026-07-20,2026-07-21,gp_qvi,through,0.02,3953,1278,1200,1130,565,565,964,166,86,80,713,635,1348,0,0,0,0,0,none,0,0,3,-1960.0200653076172,815.7535117267624,1779.2419114040372,-2775.7735770343797,-3739.2619767116544,6423255.997848511,0.0,6423255.997848511,-3.051443171444719,-5.821443171444718,3746.6804944499963,23382.108,23550.43,46054.202,1.007198752139884,1.4034366046561033,0.6808624354998275,2248.74033203125
0.048828125,2026-07-14|2026-07-15|2026-07-16|2026-07-17|2026-07-20,2026-07-21,gp_qvi,touch,0.02,3953,1387,1335,1914,957,957,1515,399,220,179,430,378,808,0,0,0,0,0,none,0,0,3,559.9647521972656,1381.4521510582006,3013.0885499458227,-821.487398860935,-2453.123797748557,10877575.992584229,0.0,10877575.992584229,0.5147881776041102,-2.2552118223958817,2457.495143049613,23382.108,18120.259,25868.309,0.7749625910546646,1.051821851327666,0.609365032442755,1263.101025390625
0.048828125,2026-07-15|2026-07-16|2026-07-17|2026-07-20|2026-07-21,2026-07-22,gp_qvi,through,0.02,4299,1215,1240,1166,583,583,876,290,137,153,632,657,1289,0,0,0,0,0,none,0,0,2,-1548.0209350585938,887.6664998062156,1936.0914995773333,-2435.6874348648093,-3484.112434635927,6989499.998474121,0.0,6989499.998474121,-2.2147806501130876,-4.984780650113089,3490.028543400957,23387.244,15374.62,15716.356,0.6573934064227491,0.8197594003347943,0.6500873724154927,767.4001953125
0.048828125,2026-07-15|2026-07-16|2026-07-17|2026-07-20|2026-07-21,2026-07-22,gp_qvi,touch,0.02,4299,1345,1388,1910,955,955,1409,501,270,231,390,433,823,0,0,0,0,0,none,0,0,3,225.9613037109375,1452.5642772171032,3168.191376292422,-1226.6029735061657,-2942.2300725814844,11437513.99383545,0.0,11437513.99383545,0.19756155387676494,-2.572438446123237,2994.540528926468,23387.244,13073.949,13665.245,0.5590205070764217,0.7643973765626627,0.5467185872777485,667.248291015625
0.048828125,2026-07-16|2026-07-17|2026-07-20|2026-07-21|2026-07-22,2026-07-23,gp_qvi,through,0.02,4091,1927,1918,1776,888,888,1355,421,222,199,1039,1030,2069,0,0,0,0,0,none,0,0,2,-3780.027389526367,1339.447155354688,2921.471354592513,-5119.474544881055,-6701.4987441188805,10546827.994918823,0.0,10546827.994918823,-3.5840419426082253,-6.354041942608225,6701.4987441188805,23383.334,11781.712,12089.788,0.503850819562343,0.7190450918636896,0.4972633072768836,590.3216796875
0.048828125,2026-07-16|2026-07-17|2026-07-20|2026-07-21|2026-07-22,2026-07-23,gp_qvi,touch,0.02,4091,1581,1676,2234,1117,1117,1569,665,351,314,464,559,1023,0,0,0,0,0,none,0,0,3,-162.0288848876953,1686.3941373043065,3678.1982364826154,-1848.4230221920018,-3840.2271213703107,13278693.994522095,0.0,13278693.994522095,-0.1220217025518757,-2.892021702551872,3851.5332907829224,23383.334,12946.775,13883.341,0.5536753227747592,0.770537498920235,0.5345346818379277,677.897509765625
0.048828125,2026-07-17|2026-07-20|2026-07-21|2026-07-22|2026-07-23,2026-07-24,gp_qvi,through,0.02,3774,1549,1514,1296,648,648,980,316,172,144,901,866,1767,0,0,0,0,0,none,0,0,2,-3002.016067504883,875.5189490795135,1909.5964479923266,-3877.5350165843965,-4911.61251549721,6893849.992752075,0.0,6893849.992752075,-4.354629228458823,-7.124629228458826,4913.4732706195855,23376.095,14069.507,21326.585,0.60187584795493,0.9551568117108383,0.44665150445358814,1041.337158203125
0.048828125,2026-07-17|2026-07-20|2026-07-21|2026-07-22|2026-07-23,2026-07-24,gp_qvi,touch,0.02,3774,1132,1085,1450,725,725,1027,423,236,187,407,360,767,0,0,0,0,0,none,0,0,2,-200.0194549560547,977.8791712810506,2132.8545704319035,-1177.8986262371054,-2332.874025387958,7699835.994338989,0.0,7699835.994338989,-0.25977105889412627,-3.0297710588941307,2357.427362075807,23376.095,17294.634,24828.89,0.7398427325008732,1.0306060092979135,0.5786897255508245,1212.34814453125
0.048828125,2026-07-20|2026-07-21|2026-07-22|2026-07-23|2026-07-24,2026-07-27,gp_qvi,through,0.02,3683,1527,1500,1474,737,737,1091,383,193,190,790,763,1553,0,0,0,0,0,none,0,0,1,-2766.017532348633,960.2365855678559,2094.3742850574513,-3726.2541179164887,-4860.391817406084,7560917.99659729,0.0,7560917.99659729,-3.6583091280628217,-6.428309128062823,4866.172718198015,23387.273,6992.792,6992.792,0.29899988767394986,0.5468088218691701,0.2989998876739498,341.444921875
0.048828125,2026-07-20|2026-07-21|2026-07-22|2026-07-23|2026-07-24,2026-07-27,gp_qvi,touch,0.02,3683,1138,1076,1550,775,775,1086,464,254,210,363,301,664,0,0,0,0,0,none,0,0,2,179.98390197753906,1012.653803230668,2208.7016023220094,-832.669901253129,-2028.7177003444704,7973651.993942261,0.0,7973651.993942261,0.22572329732257734,-2.544276702677427,2038.661011374286,23387.273,9267.122,9536.868,0.39624636869805213,0.6385767367238095,0.39047942870466346,465.6673828125
0.048828125,2026-07-21|2026-07-22|2026-07-23|2026-07-24|2026-07-27,2026-07-28,gp_qvi,through,0.02,4611,1794,1739,1522,761,761,1239,283,162,121,1033,978,2011,0,0,0,0,0,none,0,0,2,-2026.018814086914,776.2714980329432,1693.1275980718547,-2802.2903121198574,-3719.1464121587687,6112374.000259399,0.0,6112374.000259399,-3.314618532833451,-6.084618532833453,3739.9651742752085,23382.008,6019.02,6028.648,0.2574210050736447,0.5077723650122811,0.2572151202753844,294.367578125
0.048828125,2026-07-21|2026-07-22|2026-07-23|2026-07-24|2026-07-27,2026-07-28,gp_qvi,touch,0.02,4611,1275,1260,1748,874,874,1334,414,218,196,401,386,787,0,0,0,0,0,none,0,0,2,671.9772796630859,889.0665486453069,1939.1451494074852,-217.08926898222091,-1267.1678697443992,7000524.005081177,0.0,7000524.005081177,0.9598956866305236,-1.8101043133694752,1339.655246351531,23382.008,12857.779,13045.123,0.5499005474636738,0.7469356477564609,0.5458943902508288,636.968896484375
0.048828125,2026-07-22|2026-07-23|2026-07-24|2026-07-27|2026-07-28,2026-07-29,gp_qvi,through,0.02,6884,2905,2692,2678,1339,1339,2243,435,232,203,1566,1353,2919,0,0,0,0,0,none,0,0,2,-4548.023223876953,1047.9989204650874,2285.7929210144,-5596.0221443420405,-6833.816144891352,8251960.003662109,0.0,8251960.003662109,-5.511446034467691,-8.281446034467685,6835.535075937647,23390.931,6862.396,6873.772,0.2933784892957018,0.5420930101289688,0.2931353181282096,335.6333984375
0.048828125,2026-07-22|2026-07-23|2026-07-24|2026-07-27|2026-07-28,2026-07-29,gp_qvi,touch,0.02,6884,2786,2656,3980,1990,1990,2955,1025,577,448,796,666,1462,0,0,0,0,0,none,0,0,2,825.9693145751953,1558.937446042633,3400.202146092982,-732.9681314674376,-2574.2328315177865,12275098.000335693,0.0,12275098.000335693,0.672882053204469,-2.0971179467955268,2630.78914651031,23390.931,4859.188,4943.16,0.20773811867513953,0.4597043147664784,0.2059431495052506,241.365234375
0.048828125,2026-07-23|2026-07-24|2026-07-27|2026-07-28|2026-07-29,2026-07-30,gp_qvi,through,0.02,5990,2071,2004,1782,891,891,1442,340,161,179,1180,1113,2293,0,0,0,0,0,none,0,0,2,-2820.0185775756836,662.073352632715,1444.0497533800142,-3482.0919302083985,-4264.068330955698,5213176.004981995,0.0,5213176.004981995,-5.409406041309023,-8.179406041309026,4272.284594868471,23385.652,12732.2,20099.294,0.5444449442760886,0.9270766869261039,0.3869318246931922,981.41083984375
0.048828125,2026-07-23|2026-07-24|2026-07-27|2026-07-28|2026-07-29,2026-07-30,gp_qvi,touch,0.02,5990,2111,1982,2900,1450,1450,1999,901,474,427,661,532,1193,0,0,0,0,0,none,0,0,2,551.9815444946289,1072.2528726133312,2338.693273337756,-520.2713281187023,-1786.7117288431273,8442936.004829407,0.0,8442936.004829407,0.6537791405488474,-2.116220859451165,1875.633036149223,23385.652,11894.655,19675.645,0.5086304628154049,0.9172542817647529,0.3422679855152211,960.724853515625
0.0244140625,2026-07-02,2026-07-03,gp_qvi,through,0.05,4888,2366,2258,2251,1126,1125,2163,88,52,36,1240,1133,2373,1,1,0,0,1,sell,1,0,4,-10615.096435546875,3265.290015348823,7121.931765760798,-13880.386450895698,-17737.028201307672,25699290.002441406,11655.000305175781,25710945.002746582,-4.128629435601419,-6.898629435601417,18485.887956145318,23383.259,24019.823,40016.349,1.0272230658694752,1.308176101723546,0.7074234605193399,976.9616455078125
0.0244140625,2026-07-02,2026-07-03,gp_qvi,touch,0.05,4888,2283,2168,3274,1637,1637,2658,616,328,288,646,531,1177,0,0,0,0,0,none,0,0,4,184.89990234375,4756.191273255931,10373.740021196032,-4571.291370912181,-10188.840118852282,37450324.98626709,0.0,37450324.98626709,0.04937204214157078,-2.7206279578584422,10493.38808235479,23383.259,16985.892,22066.58,0.726412515894384,0.9714377910814684,0.6279754674059762,538.73486328125
0.0244140625,2026-07-02|2026-07-03,2026-07-06,gp_qvi,through,0.05,4348,1980,1890,1753,876,877,1552,201,98,103,1104,1013,2117,1,1,0,0,1,buy,1,0,4,-8025.088653564453,2425.0173772285443,5289.211129860699,-10450.106030792998,-13314.299783425151,19083775.017547607,10850.0,19094625.017547607,-4.202799817325318,-6.972799817325324,13829.959115450145,23370.842,18850.184,24594.758,0.8065684582523813,1.0258505536214506,0.690734848149673,600.457958984375
0.0244140625,2026-07-02|2026-07-03,2026-07-06,gp_qvi,touch,0.05,4348,2004,1953,2757,1378,1379,1964,793,413,380,626,574,1200,1,1,0,0,1,buy,1,0,5,-1095.0942993164062,3810.0285757751467,8310.062326690677,-4905.1228750915525,-9405.156626007083,29989375.006103516,10850.0,30000225.006103516,-0.36502869531598864,-3.13502869531599,9880.35117240677,23370.842,18327.162,25008.024,0.7841892046508209,1.034433338950137,0.6633791371316446,610.5474609375
0.0244140625,2026-07-02|2026-07-03|2026-07-06,2026-07-07,gp_qvi,through,0.02,7603,838,743,882,441,441,799,83,40,43,397,302,699,0,0,0,0,0,none,0,0,3,-1582.0106506347656,1022.7388744224519,2230.6981749214183,-2604.7495250572174,-3812.708825556184,8053062.003326416,0.0,8053062.003326416,-1.964483385302754,-4.734483385302755,3863.6865016799943,23387.055,2801.702,2927.548,0.11979712708590286,0.35380522618640353,0.11745553255850294,71.47333984375
0.0244140625,2026-07-02|2026-07-03|2026-07-06,2026-07-07,gp_qvi,touch,0.02,7603,795,741,1050,525,525,962,88,49,39,270,216,486,0,0,0,0,0,none,0,0,3,-90.01541137695312,1219.1591056938132,2659.1108053321873,-1309.1745170707663,-2749.1262167091404,9599677.997589111,0.0,9599677.997589111,-0.0937691987164151,-2.863769198716419,2980.8917603111295,23387.055,2281.322,2500.344,0.09754635630693989,0.32697316656818715,0.0932561624368694,61.0435546875
0.0244140625,2026-07-02|2026-07-03|2026-07-06|2026-07-07,2026-07-08,gp_qvi,through,0.02,7159,514,511,598,299,299,539,59,32,27,215,212,427,0,0,0,0,0,none,0,0,3,-43.00537109375,660.4417840774537,1440.4911353500381,-703.4471551712037,-1483.4965064437881,5200329.008483887,0.0,5200329.008483887,-0.08269740438266591,-2.852697404382669,2284.8892227821366,23385.794,8140.872,9393.46,0.34811184944158835,0.6337773806877741,0.32327672945378716,229.33251953125
0.0244140625,2026-07-02|2026-07-03|2026-07-06|2026-07-07,2026-07-08,gp_qvi,touch,0.02,7159,526,491,720,360,360,656,64,37,27,166,131,297,0,0,0,0,0,none,0,0,3,1130.9928894042969,791.1778704689032,1725.6399222038276,339.8150189353937,-594.6470327995307,6229747.011566162,0.0,6229747.011566162,1.8154716191596432,-0.954528380840358,1449.3481387397767,23385.794,7558.452,8737.77,0.3232069862584097,0.6112575614433126,0.3004888352304822,213.324462890625
0.0244140625,2026-07-02|2026-07-03|2026-07-06|2026-07-07|2026-07-08,2026-07-09,gp_qvi,through,0.02,8023,489,452,496,248,248,432,64,29,35,241,204,445,0,0,0,0,0,none,0,0,3,-752.0050048828125,572.8472158294679,1249.4384156280523,-1324.8522207122805,-2001.4434205108648,4510607.998657227,0.0,4510607.998657227,-1.667192106045745,-4.437192106045747,2124.9838210983285,23386.058,7949.124,9289.608,0.3399086755023014,0.6302606352505262,0.3147775482298043,226.7970703125
0.0244140625,2026-07-02|2026-07-03|2026-07-06|2026-07-07|2026-07-08,2026-07-09,gp_qvi,touch,0.02,8023,1328,1293,1763,881,882,1446,317,178,139,447,411,858,1,1,0,0,1,buy,1,0,3,-54.022979736328125,2008.458517275242,4380.65361641922,-2062.4814970115704,-4434.676596155548,15805033.994293213,9600.0,15814633.994293213,-0.03416012014936456,-2.8041601201493647,4620.239901005552,23386.058,10865.976,11913.07,0.4646347836817988,0.7137289874830004,0.44317751200309174,290.846435546875
0.0244140625,2026-07-03|2026-07-06|2026-07-07|2026-07-08|2026-07-09,2026-07-10,gp_qvi,through,0.02,4649,618,602,652,326,326,543,109,54,55,292,276,568,0,0,0,0,0,none,0,0,3,-888.0020141601562,778.8254681472758,1698.6980683212298,-1666.827482307432,-2586.700082481386,6132484.001159668,0.0,6132484.001159668,-1.4480298913005445,-4.218029891300547,2669.7604217666644,23385.296,12177.636,13310.08,0.520739014806569,0.7544299085729609,0.4993653704447444,324.953125
0.0244140625,2026-07-03|2026-07-06|2026-07-07|2026-07-08|2026-07-09,2026-07-10,gp_qvi,touch,0.02,4649,654,641,909,455,454,762,147,72,75,199,187,386,1,1,0,0,1,sell,1,0,3,223.9990234375,1087.0625953643787,2370.9947946136494,-863.0635719268787,-2146.9957711761494,8550597.994995117,8950.0,8559547.994995117,0.26169492076973605,-2.5083050792302664,2235.10042783127,23385.296,9205.082,9637.42,0.3936269183849544,0.6419614618155702,0.385293519483354,235.28857421875
0.0244140625,2026-07-06|2026-07-07|2026-07-08|2026-07-09|2026-07-10,2026-07-14,gp_qvi,through,0.02,6615,316,304,314,157,157,271,43,24,19,159,147,306,0,0,0,0,0,none,0,0,2,-382.0056915283203,233.97692572288523,510.32762539558416,-615.9826172512055,-892.3333169239045,1842337.9978179932,0.0,1842337.9978179932,-2.0734832152447367,-4.843483215244738,1573.6918281562807,23390.474,14135.729,14206.485,0.6043370048849801,0.7793343294279694,0.6028245088149988,346.8380126953125
0.0244140625,2026-07-06|2026-07-07|2026-07-08|2026-07-09|2026-07-10,2026-07-14,gp_qvi,touch,0.02,6615,339,325,452,226,226,381,71,42,29,113,99,212,0,0,0,0,0,none,0,0,3,-230.00869750976562,338.69299758529655,738.7240970954895,-568.7016950950622,-968.7327946052551,2666873.996734619,0.0,2666873.996734619,-0.862465560020434,-3.6324655600204343,1518.566541517639,23390.474,12338.526,12485.654,0.5275021788784614,0.7306108820026849,0.5244323821740423,304.825537109375
0.0244140625,2026-07-07|2026-07-08|2026-07-09|2026-07-10|2026-07-14,2026-07-15,gp_qvi,through,0.02,5634,328,412,344,172,172,299,45,25,20,156,240,396,0,0,0,0,0,none,0,0,3,-282.0037841796875,332.46491737213137,725.1400166305536,-614.4687015518189,-1007.1438008102411,2617833.9950561523,0.0,2617833.9950561523,-1.0772408972924143,-3.847240897292412,1033.7715067176814,23387.034,2169.098,2332.396,0.0927478875688127,0.3158010505871689,0.0893128645556337,56.94326171875
0.0244140625,2026-07-07|2026-07-08|2026-07-09|2026-07-10|2026-07-14,2026-07-15,gp_qvi,touch,0.02,5634,369,411,510,255,255,442,68,27,41,114,156,270,0,0,0,0,0,none,0,0,3,389.9932861328125,492.36147374420165,1073.8907734420768,-102.36818761138915,-683.8974873092643,3876861.99798584,0.0,3876861.99798584,1.0059509116791547,-1.764049088320843,705.3048940719597,23387.034,2233.406,2581.35,0.0954976163287743,0.3322277257840895,0.08835712130063178,63.021240234375
0.0244140625,2026-07-08|2026-07-09|2026-07-10|2026-07-14|2026-07-15,2026-07-16,gp_qvi,through,0.02,5321,415,391,384,193,191,325,59,33,26,222,200,422,2,2,1,1,1,sell,1,0,3,-1216.006088256836,284.15183209495524,619.764232207108,-1500.1579203517913,-1835.7703204639438,2226110.0006103516,11306.000137329102,2237416.0007476807,-5.434868115050939,-8.20486811505094,1967.083791313553,23388.122,11734.878,20828.098,0.5017452021158433,0.9436851716421982,0.3099947058596667,508.498486328125
0.0244140625,2026-07-08|2026-07-09|2026-07-10|2026-07-14|2026-07-15,2026-07-16,gp_qvi,touch,0.02,5321,393,361,506,253,253,431,75,40,35,140,108,248,0,0,0,0,0,none,0,0,3,-82.00874328613281,372.3693340251917,812.1756340549467,-454.3780773113245,-894.1843773410795,2932042.0001983643,0.0,2932042.0001983643,-0.2796983920441269,-3.0496983920441267,1034.928981242752,23388.122,6716.732,7406.246,0.2871856064373189,0.5627317137334316,0.27308503008492946,180.816552734375
0.0244140625,2026-07-09|2026-07-10|2026-07-14|2026-07-15|2026-07-16,2026-07-17,gp_qvi,through,0.02,2369,440,415,428,214,214,409,19,9,10,226,201,427,0,0,0,0,0,none,0,0,3,-704.0103912353516,254.44399203681942,554.9683920803074,-958.454383272171,-1258.9787833156588,2003496.000289917,0.0,2003496.000289917,-3.5139096416138456,-6.283909641613847,1333.1841690601352,23380.981,8062.513,8883.269,0.3448321094824892,0.6163892306185382,0.3279903867164513,216.8766845703125
0.0244140625,2026-07-09|2026-07-10|2026-07-14|2026-07-15|2026-07-16,2026-07-17,gp_qvi,touch,0.02,2369,408,389,586,293,293,559,27,15,12,115,96,211,0,0,0,0,0,none,0,0,3,273.98719787597656,347.8903379825583,758.7844379619588,-73.90314010658176,-484.79724008598225,2739293.999862671,0.0,2739293.999862671,1.0002109955693415,-1.7697890044306548,652.6491183467865,23380.981,7464.348,8349.45,0.31924870902551095,0.5975820856111341,0.3003376120103771,203.843994140625
0.0244140625,2026-07-10|2026-07-14|2026-07-15|2026-07-16|2026-07-17,2026-07-20,gp_qvi,through,0.02,5193,1741,1941,1875,938,937,1462,413,198,215,803,1004,1807,1,1,0,0,1,sell,1,0,3,-3418.0286407470703,1253.2718128818533,2733.5141115612064,-4671.300453628924,-6151.542752308276,9863027.991104126,5254.000091552734,9868281.991195679,-3.4636511642012056,-6.233651164201208,6188.052675430683,23389.585,20111.979,28243.191,0.8598689972481341,1.098868245126341,0.6862960586945002,689.5310302734375
0.0244140625,2026-07-10|2026-07-14|2026-07-15|2026-07-16|2026-07-17,2026-07-20,gp_qvi,touch,0.02,5193,1952,2078,2920,1460,1460,2071,849,417,432,492,618,1110,0,0,0,0,0,none,0,0,3,-396.0369110107422,1950.045373785016,4253.248571168911,-2346.082284795758,-4649.285482179654,15354687.982559204,0.0,15354687.982559204,-0.2579257302138508,-3.0279257302138585,4748.436447628412,23389.585,18330.904,27868.374,0.7837207885475522,1.091552319937295,0.5852475792110035,680.380224609375
0.0244140625,2026-07-14|2026-07-15|2026-07-16|2026-07-17|2026-07-20,2026-07-21,gp_qvi,through,0.02,3953,1278,1201,1130,565,565,964,166,86,80,713,636,1349,0,0,0,0,0,none,0,0,3,-1960.0200653076172,815.7535117267624,1779.2419114040372,-2775.7735770343797,-3739.2619767116544,6423255.997848511,0.0,6423255.997848511,-3.051443171444719,-5.821443171444718,3746.6804944499963,23382.108,23550.43,46054.202,1.007198752139884,1.4034366046561033,0.6808624354998275,1124.370166015625
0.0244140625,2026-07-14|2026-07-15|2026-07-16|2026-07-17|2026-07-20,2026-07-21,gp_qvi,touch,0.02,3953,1391,1339,1922,961,961,1521,401,222,179,430,378,808,0,0,0,0,0,none,0,0,3,567.9645538330078,1387.3307269748727,3025.910325764075,-819.3661731418649,-2457.945771931067,10923863.9919281,0.0,10923863.9919281,0.5199300854099704,-2.2500699145900214,2462.317117232123,23382.108,18213.287,26246.227,0.7789411887071944,1.059477185719389,0.6093972793214367,640.7770263671875
0.0244140625,2026-07-15|2026-07-16|2026-07-17|2026-07-20|2026-07-21,2026-07-22,gp_qvi,through,0.02,4299,1257,1285,1208,604,604,916,292,138,154,653,681,1334,0,0,0,0,0,none,0,0,2,-1642.0234680175781,919.2902618721038,2005.06616172104,-2561.313729889682,-3647.089629738618,7238505.99899292,0.0,7238505.99899292,-2.268456319917439,-5.03845631991744,3654.159134331895,23387.244,16099.368,17391.74,0.6883824361690501,0.8623468747770039,0.6607525880347423,424.60302734375
0.0244140625,2026-07-15|2026-07-16|2026-07-17|2026-07-20|2026-07-21,2026-07-22,gp_qvi,touch,0.02,4299,1346,1389,1910,955,955,1409,501,270,231,391,434,825,0,0,0,0,0,none,0,0,3,209.96131896972656,1452.5658012035383,3168.1947002628353,-1242.6044822338117,-2958.233381293109,11437525.993728638,0.0,11437525.993728638,0.18357232069667112,-2.586427679303331,3010.5438376380926,23387.244,13093.228,13775.174,0.5598448453353461,0.7674657856347434,0.5463175139405054,336.307958984375
0.0244140625,2026-07-16|2026-07-17|2026-07-20|2026-07-21|2026-07-22,2026-07-23,gp_qvi,through,0.02,4091,1306,1342,1168,584,584,894,274,143,131,722,758,1480,0,0,0,0,0,none,0,0,2,-2780.0193786621094,881.1148233566281,1921.801622596739,-3661.1342020187376,-4701.821001258848,6937911.994934082,0.0,6937911.994934082,-4.006997178246166,-6.776997178246163,4701.821001258848,23383.334,20242.761,28358.545,0.8656918213630271,1.1012571872028178,0.6921540358616098,692.3472900390625
0.0244140625,2026-07-16|2026-07-17|2026-07-20|2026-07-21|2026-07-22,2026-07-23,gp_qvi,touch,0.02,4091,1407,1473,1952,976,976,1386,566,296,270,431,497,928,0,0,0,0,0,none,0,0,3,-368.03016662597656,1473.7024114360825,3214.2958107700347,-1841.732578062059,-3582.3259773960112,11603955.995559692,0.0,11603955.995559692,-0.3171592229122594,-3.087159222912259,3599.6836967071513,23383.334,18635.094,27197.526,0.7969391362241158,1.0784784804717262,0.6158313865764394,664.002099609375
0.0244140625,2026-07-17|2026-07-20|2026-07-21|2026-07-22|2026-07-23,2026-07-24,gp_qvi,through,0.02,3774,1026,972,796,398,398,626,170,90,80,628,574,1202,0,0,0,0,0,none,0,0,2,-1980.0132751464844,537.1561516395582,1171.592551213836,-2517.1694267860425,-3151.6058263603204,4229575.997161865,0.0,4229575.997161865,-4.6813516921675244,-7.451351692167523,3153.466581482696,23376.095,20316.544,28097.97,0.869116248885881,1.0963557292742843,0.7026764307725477,685.985595703125
0.0244140625,2026-07-17|2026-07-20|2026-07-21|2026-07-22|2026-07-23,2026-07-24,gp_qvi,touch,0.02,3774,1115,1062,1424,712,712,1006,418,233,185,403,350,753,0,0,0,0,0,none,0,0,3,-182.01904296875,960.5032852287286,2094.955984317782,-1142.5223281974786,-2276.975027286532,7563017.993927002,0.0,7563017.993927002,-0.24066985311275044,-3.010669853112754,2356.9659148185747,23376.095,18227.386,25841.596,0.7797446921737784,1.0514138280559748,0.6172457803580966,630.89833984375
0.0244140625,2026-07-20|2026-07-21|2026-07-22|2026-07-23|2026-07-24,2026-07-27,gp_qvi,through,0.02,3683,1027,968,962,481,481,736,226,115,111,546,487,1033,0,0,0,0,0,none,0,0,2,-1224.0127563476562,626.3716196899417,1366.1806193237314,-1850.384376037598,-2590.193375671388,4932059.997558594,0.0,4932059.997558594,-2.4817474989224615,-5.251747498922464,2602.972965483095,23387.273,12546.617,12904.989,0.536471994832403,0.7428293019139114,0.5288103063576501,315.0632080078125
0.0244140625,2026-07-20|2026-07-21|2026-07-22|2026-07-23|2026-07-24,2026-07-27,gp_qvi,touch,0.02,3683,1119,1063,1530,765,765,1070,460,252,208,354,298,652,0,0,0,0,0,none,0,0,3,217.9840087890625,998.8598252868662,2178.6155244445827,-780.8758164978037,-1960.6315156555202,7865037.994384766,0.0,7865037.994384766,0.2771556970795207,-2.4928443029204828,1986.5972080467252,23387.273,10147.395,10526.257,0.43388534439222565,0.6708836254358619,0.4263624493543988,256.9886962890625
0.0244140625,2026-07-21|2026-07-22|2026-07-23|2026-07-24|2026-07-27,2026-07-28,gp_qvi,through,0.02,4611,1165,1089,912,456,456,756,156,87,69,709,633,1342,0,0,0,0,0,none,0,0,2,-1194.0142669677734,465.41461424998624,1015.1169145452441,-1659.4288812177597,-2209.1311815130175,3664682.001968384,0.0,3664682.001968384,-3.258166100978042,-6.028166100978047,2265.0191885593435,23382.008,16152.233,16380.813,0.690797514054396,0.8370026324319445,0.6859095677325917,399.9221923828125
0.0244140625,2026-07-21|2026-07-22|2026-07-23|2026-07-24|2026-07-27,2026-07-28,gp_qvi,touch,0.02,4611,1240,1232,1704,852,852,1298,406,211,195,388,380,768,0,0,0,0,0,none,0,0,3,695.977783203125,867.5466528022745,1892.208053749846,-171.56886959914948,-1196.230270546721,6831076.006317139,0.0,6831076.006317139,1.0188406373454333,-1.7511593626545645,1327.9735565837843,23382.008,14015.042,14237.572,0.5993942864103031,0.7803277728611706,0.594819187470982,347.59697265625
0.0244140625,2026-07-22|2026-07-23|2026-07-24|2026-07-27|2026-07-28,2026-07-29,gp_qvi,through,0.02,6884,1911,1763,1696,848,848,1456,240,128,112,1063,915,1978,0,0,0,0,0,none,0,0,2,-3170.016288757324,665.7637183168414,1452.0988186910618,-3835.7800070741655,-4622.115107448386,5242234.002494812,0.0,5242234.002494812,-6.047071319686785,-8.817071319686782,4658.869713778495,23390.931,12245.47,12542.816,0.5235135788310435,0.7322742652661279,0.5171575684610417,306.22109375
0.0244140625,2026-07-22|2026-07-23|2026-07-24|2026-07-27|2026-07-28,2026-07-29,gp_qvi,touch,0.02,6884,2122,2030,2958,1479,1479,2246,712,406,306,643,551,1194,0,0,0,0,0,none,0,0,2,505.9741973876953,1162.0228220561985,2534.490722122567,-656.0486246685032,-2028.5165247348718,9149786.000442505,0.0,9149786.000442505,0.5529901982005101,-2.217009801799483,2087.10941744613,23390.931,9120.262,9269.362,0.38990589985494806,0.6295078753781851,0.38671876720084375,226.302783203125
0.0244140625,2026-07-23|2026-07-24|2026-07-27|2026-07-28|2026-07-29,2026-07-30,gp_qvi,through,0.02,5990,2071,2004,1782,891,891,1442,340,161,179,1180,1113,2293,0,0,0,0,0,none,0,0,2,-2820.0185775756836,662.073352632715,1444.0497533800142,-3482.0919302083985,-4264.068330955698,5213176.004981995,0.0,5213176.004981995,-5.409406041309023,-8.179406041309026,4272.284594868471,23385.652,12732.2,20099.294,0.5444449442760886,0.9270766869261039,0.3869318246931922,490.705419921875
0.0244140625,2026-07-23|2026-07-24|2026-07-27|2026-07-28|2026-07-29,2026-07-30,gp_qvi,touch,0.02,5990,2215,2105,3066,1533,1533,2113,953,505,448,682,572,1254,0,0,0,0,0,none,0,0,3,621.9808578491211,1133.9883345823232,2473.3446352701217,-512.0074767332021,-1851.3637774210006,8929042.004585266,0.0,8929042.004585266,0.6965818477835807,-2.073418152216423,1929.2261487663254,23385.652,16286.256,39283.658,0.6964208652382239,1.2960782403610673,0.3597068835198608,959.073681640625
0.01220703125,2026-07-02,2026-07-03,gp_qvi,through,0.05,4888,2293,2198,2177,1089,1088,2096,81,49,32,1204,1110,2314,1,1,0,0,1,sell,1,0,5,-10410.092315673828,3159.5453697868415,6891.291869535057,-13569.63768546067,-17301.384185208884,24866654.998016357,11655.000305175781,24878309.998321533,-4.184404936017024,-6.954404936017021,19260.06789250091,23383.259,31558.467,64365.267,1.349617989519767,1.6591026902435257,0.7621739553070853,785.7088256835938
0.01220703125,2026-07-02,2026-07-03,gp_qvi,touch,0.05,4888,2317,2205,3330,1665,1665,2703,627,331,296,652,540,1192,0,0,0,0,0,none,0,0,4,4.89654541015625,4838.45679352724,10553.169541787787,-4833.560248117084,-10548.272996377631,38098084.98840332,0.0,38098084.98840332,0.001285247122433243,-2.768714752877585,10876.386554971386,23383.259,17746.802,25088.072,0.7589533178416233,1.0358124426603383,0.6318845033534461,306.25087890625
0.01220703125,2026-07-02|2026-07-03,2026-07-06,gp_qvi,through,0.05,4348,2088,1966,1831,915,916,1623,208,102,106,1173,1050,2223,1,1,0,0,1,buy,1,0,4,-8425.089416503906,2532.9597574417126,5524.6445103256365,-10958.04917394562,-13949.733926829544,19933715.019226074,10850.0,19944565.019226074,-4.2242532782150555,-6.994253278215063,14465.393258854538,23370.842,20590.162,30222.514,0.8810192632340761,1.1371771224593847,0.7061762687026851,368.9271728515625
0.01220703125,2026-07-02|2026-07-03,2026-07-06,gp_qvi,touch,0.05,4348,2028,1967,2783,1391,1392,1980,803,420,383,637,575,1212,1,1,0,0,1,buy,1,0,5,-930.0918579101562,3845.8597206588743,8388.21372143708,-4775.951578569031,-9318.305579347236,30271510.00518799,10850.0,30282360.00518799,-0.3071398192712894,-3.0771398192712915,9797.965094881434,23370.842,18750.666,26509.454,0.8023102462461558,1.0650333609902283,0.6681323676742156,323.6017333984375
0.01220703125,2026-07-02|2026-07-03|2026-07-06,2026-07-07,gp_qvi,through,0.02,7603,854,764,904,452,452,820,84,41,43,402,312,714,0,0,0,0,0,none,0,0,3,-1690.0100708007812,1048.6214743255584,2287.150774710084,-2738.63154512634,-3977.1608455108653,8256862.002563477,0.0,8256862.002563477,-2.046794617950609,-4.8167946179506105,4028.1385216346757,23387.055,2979.155,3313.063,0.12738478615627322,0.3763804686431428,0.12059496161444871,40.44266357421875
0.01220703125,2026-07-02|2026-07-03|2026-07-06,2026-07-07,gp_qvi,touch,0.02,7603,795,741,1050,525,525,962,88,49,39,270,216,486,0,0,0,0,0,none,0,0,3,-84.01565551757812,1219.1598676628075,2659.1124672645606,-1303.1755231803857,-2743.1281227821387,9599683.99734497,0.0,9599683.99734497,-0.08751918869497655,-2.8575191886949804,2986.8898542381316,23387.055,2301.27,2560.536,0.09839930679600317,0.33088545321515134,0.09338773094774011,31.25654296875
0.01220703125,2026-07-02|2026-07-03|2026-07-06|2026-07-07,2026-07-08,gp_qvi,through,0.02,7159,532,533,622,311,311,559,63,35,28,221,222,443,0,0,0,0,0,none,0,0,3,18.99261474609375,686.4866900619508,1497.2977413162241,-667.494075315857,-1478.3051265701304,5405407.008361816,0.0,5405407.008361816,0.035136326860703365,-2.7348636731392983,2282.8084218956,23385.794,8726.912,10687.024,0.37317150745448285,0.6760087735727253,0.3357325819255912,130.4568359375
0.01220703125,2026-07-02|2026-07-03|2026-07-06|2026-07-07,2026-07-08,gp_qvi,touch,0.02,7159,524,490,718,359,359,654,64,37,27,165,131,296,0,0,0,0,0,none,0,0,3,1148.992919921875,788.9449564727789,1720.7697082122809,360.0479634490961,-571.7767882904059,6212165.01159668,0.0,6212165.01159668,1.8495853181249533,-0.9204146818750475,1426.4778942306518,23385.794,7561.674,8749.588,0.32334476220905733,0.611670790500367,0.3004888352304822,106.806494140625
0.01220703125,2026-07-02|2026-07-03|2026-07-06|2026-07-07|2026-07-08,2026-07-09,gp_qvi,through,0.02,8023,1294,1240,1324,662,662,1084,240,118,122,632,578,1210,0,0,0,0,0,none,0,0,4,-3070.0164794921875,1506.9802222015398,3286.8781224395752,-4576.996701693727,-6356.894601931763,11865986.001586914,0.0,11865986.001586914,-2.5872409415295237,-5.357240941529524,6480.435002519226,23386.058,16621.711,18731.069,0.7107530050596813,0.8949582392106142,0.6721470116938905,228.65074462890624
0.01220703125,2026-07-02|2026-07-03|2026-07-06|2026-07-07|2026-07-08,2026-07-09,gp_qvi,touch,0.02,8023,1337,1300,1777,888,889,1457,320,180,140,449,411,860,1,1,0,0,1,buy,1,0,4,-142.02346801757812,2024.9548012519874,4416.633700368502,-2166.9782692695653,-4558.65716838608,15934925.994110107,9600.0,15944525.994110107,-0.08907349649029483,-2.8590734964902964,4740.90416241455,23386.058,11247.146,13225.84,0.480933811076668,0.7520264592202246,0.44560618125551554,161.4482421875
0.01220703125,2026-07-03|2026-07-06|2026-07-07|2026-07-08|2026-07-09,2026-07-10,gp_qvi,through,0.02,4649,621,603,654,327,327,543,111,55,56,294,276,570,0,0,0,0,0,none,0,0,3,-918.0015563964844,781.1381381278972,1703.742238278963,-1699.1396945243814,-2621.743794675447,6150694.00100708,0.0,6150694.00100708,-1.4925170334374884,-4.262517033437491,2704.8041339607257,23385.296,12280.217,13589.261,0.5251255746345909,0.7623009908598141,0.5010923958371106,165.88453369140626
0.01220703125,2026-07-03|2026-07-06|2026-07-07|2026-07-08|2026-07-09,2026-07-10,gp_qvi,touch,0.02,4649,656,641,911,456,455,764,147,72,75,200,186,386,1,1,0,0,1,sell,1,0,3,161.99798583984375,1089.348341310118,2375.980240495302,-927.3503554702743,-2213.9822546554583,8568595.994567871,8950.0,8577545.994567871,0.18886285884381906,-2.5811371411561828,2302.0869113105787,23385.296,9364.444,10009.494,0.4004415424119498,0.6542362834517992,0.389052291662248,122.1862060546875
0.01220703125,2026-07-06|2026-07-07|2026-07-08|2026-07-09|2026-07-10,2026-07-14,gp_qvi,through,0.02,6615,310,302,311,155,156,269,42,24,18,155,146,301,1,1,0,0,1,buy,1,0,3,-346.0063934326172,232.32998971900946,506.73548938713077,-578.3363831516267,-852.741882819748,1822857.9975128174,6512.000274658203,1829369.9977874756,-1.8913964580762408,-4.661396458076241,1559.6880112083436,23390.474,14349.139,14432.093,0.6134608045993425,0.7854981165399548,0.6117541696675322,176.17301025390626
0.01220703125,2026-07-06|2026-07-07|2026-07-08|2026-07-09|2026-07-10,2026-07-14,gp_qvi,touch,0.02,6615,337,323,450,225,225,379,71,42,29,112,98,210,0,0,0,0,0,none,0,0,3,-210.00900268554688,337.0480935310363,735.1363929771422,-547.0570962165832,-945.1453956626891,2653921.996307373,0.0,2653921.996307373,-0.7913156565179769,-3.5613156565179764,1518.566541517639,23390.474,12297.02,12444.148,0.5257276958132614,0.7293954879456968,0.5226578991088424,151.906103515625
0.01220703125,2026-07-07|2026-07-08|2026-07-09|2026-07-10|2026-07-14,2026-07-15,gp_qvi,through,0.02,5634,362,448,374,187,187,328,46,25,21,175,261,436,0,0,0,0,0,none,0,0,4,-352.00347900390625,361.60201930236815,788.6910184783931,-713.6054983062744,-1140.6944974822993,2847259.994506836,0.0,2847259.994506836,-1.2362885008148878,-4.006288500814886,1167.3222033897396,23387.034,3123.128,4305.616,0.13354100395971547,0.42907190019428987,0.11052098355011586,52.5587890625
0.01220703125,2026-07-07|2026-07-08|2026-07-09|2026-07-10|2026-07-14,2026-07-15,gp_qvi,touch,0.02,5634,368,411,510,255,255,442,68,27,41,113,156,269,0,0,0,0,0,none,0,0,3,441.99371337890625,492.36807779846185,1073.905177560424,-50.374364419555604,-631.9114641815177,3876913.998413086,0.0,3876913.998413086,1.1400658192568236,-1.6299341807431742,673.2041071525564,23387.034,2246.884,2648.564,0.09607391856530417,0.33652525525564425,0.08842626217587057,32.331103515625
0.01220703125,2026-07-08|2026-07-09|2026-07-10|2026-07-14|2026-07-15,2026-07-16,gp_qvi,through,0.02,5321,430,408,402,202,200,341,61,35,26,228,208,436,2,2,1,1,1,sell,1,0,4,-1248.0060577392578,297.4639719593046,648.79937191124,-1545.4700296985625,-1896.805429650498,2330929.9995422363,11306.000137329102,2342235.9996795654,-5.328267765972319,-8.09826776597232,2028.1189005001072,23388.122,12200.012,22349.876,0.5216328185734622,0.9775520339742445,0.31352162435273767,272.825634765625
0.01220703125,2026-07-08|2026-07-09|2026-07-10|2026-07-14|2026-07-15,2026-07-16,gp_qvi,touch,0.02,5321,395,365,510,255,255,436,74,39,35,140,110,250,0,0,0,0,0,none,0,0,4,-270.0092315673828,375.3213220561976,818.6142221225737,-645.3305536235804,-1088.6234536899565,2955286.000442505,0.0,2955286.000442505,-0.9136483965577389,-3.683648396557738,1229.3680575916287,23388.122,10355.38,18390.092,0.4427623560369661,0.8867358676805001,0.272401050413539,224.488427734375
0.01220703125,2026-07-09|2026-07-10|2026-07-14|2026-07-15|2026-07-16,2026-07-17,gp_qvi,through,0.02,2369,445,426,436,218,218,418,18,8,10,227,208,435,0,0,0,0,0,none,0,0,3,-572.0104217529297,259.1749959941863,565.2871959873202,-831.1854177471159,-1137.2976177402497,2040747.9999542236,0.0,2040747.9999542236,-2.8029449092477887,-5.572944909247789,1211.5030034847262,23380.981,12458.02,21496.35,0.532827087109818,0.9588507180360134,0.3418394634510844,262.4066162109375
0.01220703125,2026-07-09|2026-07-10|2026-07-14|2026-07-15|2026-07-16,2026-07-17,gp_qvi,touch,0.02,2369,411,394,592,296,296,564,28,16,12,115,98,213,0,0,0,0,0,none,0,0,3,311.98692321777344,351.46792794380093,766.5875278774254,-39.48100472602749,-454.60060465965194,2767463.999557495,0.0,2767463.999557495,1.1273386872156557,-1.6426613127843415,661.9443417896271,23380.981,7631.516,8974.49,0.3263984518014877,0.6195459531075274,0.29984815436101675,109.5518798828125
0.01220703125,2026-07-10|2026-07-14|2026-07-15|2026-07-16|2026-07-17,2026-07-20,gp_qvi,through,0.02,5193,1733,1925,1863,932,931,1453,410,195,215,801,994,1795,1,1,0,0,1,sell,1,0,4,-3612.0285034179688,1245.236522872164,2715.988321540073,-4857.2650262901325,-6328.016824958042,9799757.991027832,5254.000091552734,9805011.991119385,-3.6838593432516578,-6.453859343251661,6364.526748080448,23389.585,20887.212,30420.758,0.8930133647091216,1.140443456004603,0.6979608659153209,371.3471435546875
0.01220703125,2026-07-10|2026-07-14|2026-07-15|2026-07-16|2026-07-17,2026-07-20,gp_qvi,touch,0.02,5193,1949,2075,2918,1459,1459,2070,848,417,431,490,616,1106,0,0,0,0,0,none,0,0,4,-316.0369873046875,1948.6879977714511,4250.287995139324,-2264.7249850761386,-4566.324982444012,15343999.982452393,0.0,15343999.982452393,-0.2059677969669654,-2.975967796966973,4665.47594789277,23389.585,18515.053,28307.761,0.791593908143304,1.1001236524013729,0.5885023184464367,345.55372314453126
0.01220703125,2026-07-14|2026-07-15|2026-07-16|2026-07-17|2026-07-20,2026-07-21,gp_qvi,through,0.02,3953,1284,1212,1140,570,570,973,167,87,80,714,642,1356,0,0,0,0,0,none,0,0,3,-1952.0206451416016,822.9808276531236,1795.0054272434234,-2775.001472794725,-3747.026072385025,6480163.997268677,0.0,6480163.997268677,-3.0123013028132597,-5.78230130281326,3754.444590123367,23382.108,23720.059,46735.549,1.0144534017206661,1.413780031367659,0.6808560203382861,570.5023071289063
0.01220703125,2026-07-14|2026-07-15|2026-07-16|2026-07-17|2026-07-20,2026-07-21,gp_qvi,touch,0.02,3953,1381,1332,1908,954,954,1511,397,218,179,427,378,805,0,0,0,0,0,none,0,0,3,575.9647369384766,1377.2113671299016,3003.83896610221,-801.2466301914251,-2427.8742291637336,10844183.993148804,0.0,10844183.993148804,0.5311277799254999,-2.2388722200744926,2456.853890460578,23382.108,18778.814,27375.856,0.803127502447598,1.0820367787215182,0.6215209082089604,334.1779296875
0.01220703125,2026-07-15|2026-07-16|2026-07-17|2026-07-20|2026-07-21,2026-07-22,gp_qvi,through,0.02,4299,1269,1286,1216,608,608,924,292,138,154,661,678,1339,0,0,0,0,0,none,0,0,3,-1698.0236053466797,925.4309658779175,2018.4596657337204,-2623.454571224597,-3716.4832710804003,7286857.999038696,0.0,7286857.999038696,-2.3302548307798614,-5.100254830779863,3723.552775673677,23387.244,16242.6,18032.196,0.6945068003737422,0.878081417191921,0.6598304614258952,220.119580078125
0.01220703125,2026-07-15|2026-07-16|2026-07-17|2026-07-20|2026-07-21,2026-07-22,gp_qvi,touch,0.02,4299,1337,1380,1896,948,948,1397,499,270,229,389,432,821,0,0,0,0,0,none,0,0,3,201.96151733398438,1442.3158851318374,3145.8385841064483,-1240.354367797853,-2943.877066772464,11356817.993164062,0.0,11356817.993164062,0.1778328379089546,-2.592167162091048,3030.470142495729,23387.244,13600.083,15198.127,0.5815171295942352,0.8061307937848556,0.5504092743890644,185.52401123046874
0.01220703125,2026-07-16|2026-07-17|2026-07-20|2026-07-21|2026-07-22,2026-07-23,gp_qvi,through,0.02,4091,1310,1348,1174,587,587,900,274,143,131,723,761,1484,0,0,0,0,0,none,0,0,3,-2750.0198364257812,885.7150173721312,1931.835116630552,-3635.7348537979124,-4681.854953056333,6974133.995056152,0.0,6974133.995056152,-3.943170346849121,-6.713170346849118,4681.854953056333,23383.334,20379.392,28780.4,0.8715349145677858,1.109417970336876,0.6926076067681366,351.3232421875
0.01220703125,2026-07-16|2026-07-17|2026-07-20|2026-07-21|2026-07-22,2026-07-23,gp_qvi,touch,0.02,4091,1834,1904,2562,1281,1281,1805,757,384,373,553,623,1176,0,0,0,0,0,none,0,0,4,-590.0306701660156,1933.3999936279351,4216.943293188458,-2523.4306637939508,-4806.973963354473,15223621.997070312,0.0,15223621.997070312,-0.38757574923993987,-3.1575757492399275,4854.298143009171,23383.334,21552.504,28346.894,0.9217036372999676,1.101030940305722,0.7824316669299596,346.0314208984375
0.01220703125,2026-07-17|2026-07-20|2026-07-21|2026-07-22|2026-07-23,2026-07-24,gp_qvi,through,0.02,3774,1029,980,802,401,401,632,170,90,80,628,579,1207,0,0,0,0,0,none,0,0,3,-1948.013687133789,541.2130396221173,1180.4410391757958,-2489.2267267559064,-3128.4547263095847,4261519.997024536,0.0,4261519.997024536,-4.571171057495739,-7.341171057495738,3130.31548143196,23376.095,20441.145,28515.255,0.874446523253777,1.104466755313675,0.7033078022655195,348.08660888671875
0.01220703125,2026-07-17|2026-07-20|2026-07-21|2026-07-22|2026-07-23,2026-07-24,gp_qvi,touch,0.02,3774,1480,1423,1941,971,970,1345,596,332,264,509,453,962,1,1,0,0,1,sell,1,0,3,-364.02015686035156,1309.2429993701899,2855.592998626328,-1673.2631562305414,-3219.6131554866797,10303721.995162964,5277.9998779296875,10308999.995040894,-0.35310908626972753,-3.123109086269728,3318.1446337234484,23376.095,24170.056,37543.492,1.0339646549177697,1.2673055903266761,0.7503257922249204,458.294580078125
0.01220703125,2026-07-20|2026-07-21|2026-07-22|2026-07-23|2026-07-24,2026-07-27,gp_qvi,through,0.02,3683,1027,978,964,482,482,738,226,115,111,545,496,1041,0,0,0,0,0,none,0,0,3,-1214.0129089355469,627.7485536666871,1369.1838532730112,-1841.7614626022341,-2583.196762208558,4942901.997375488,0.0,4942901.997375488,-2.456073192590398,-5.226073192590399,2596.8728073509233,23387.273,12894.601,13844.109,0.5513511985771065,0.7693832238019126,0.5318402449058511,168.99547119140624
0.01220703125,2026-07-20|2026-07-21|2026-07-22|2026-07-23|2026-07-24,2026-07-27,gp_qvi,touch,0.02,3683,1452,1390,1996,998,998,1367,629,339,290,454,392,846,0,0,0,0,0,none,0,0,4,-562.0220184326172,1303.3733129787445,2842.790611772542,-1865.3953314113617,-3404.812630205159,10262781.991958618,0.0,10262781.991958618,-0.5476312552220133,-3.3176312552220177,3431.7674241279656,23387.273,20162.381,24693.915,0.8621091052385629,1.0275552484741062,0.7669458512756062,301.43939208984375
0.01220703125,2026-07-21|2026-07-22|2026-07-23|2026-07-24|2026-07-27,2026-07-28,gp_qvi,through,0.02,4611,1165,1093,916,458,458,760,156,87,69,707,635,1342,0,0,0,0,0,none,0,0,3,-1198.0140686035156,467.3714303100601,1019.3849306762713,-1665.3854989135757,-2217.398999279787,3680090.0024414062,0.0,3680090.0024414062,-3.255393394750514,-6.025393394750519,2277.2858983261126,23382.008,16166.239,16476.529,0.6913965216332147,0.8394444481635778,0.6855125103027935,201.12950439453124
0.01220703125,2026-07-21|2026-07-22|2026-07-23|2026-07-24|2026-07-27,2026-07-28,gp_qvi,touch,0.02,4611,1501,1473,2058,1029,1029,1549,509,265,244,472,444,916,0,0,0,0,0,none,0,0,3,773.9768981933594,1047.5734708526575,2284.8649718597344,-273.5965726592981,-1510.888073666375,8248610.006713867,0.0,8248610.006713867,0.9383119065677602,-1.8316880934322315,1620.7923532188354,23382.008,13597.233,16023.913,0.5815254617995169,0.827834242903455,0.5301548951655478,195.60440673828126
0.01220703125,2026-07-22|2026-07-23|2026-07-24|2026-07-27|2026-07-28,2026-07-29,gp_qvi,through,0.02,6884,1886,1734,1673,836,837,1436,237,126,111,1050,897,1947,1,1,0,0,1,buy,1,0,3,-3138.0165100097656,656.6105743740085,1432.1348748157486,-3794.627084383774,-4570.1513848255145,5166916.003036499,3245.9999084472656,5170162.002944946,-6.069474241275879,-8.839474241275877,4606.286474415969,23390.931,12724.851,13118.417,0.5440078892114213,0.7488881558895238,0.5359091521410584,160.13692626953124
0.01220703125,2026-07-22|2026-07-23|2026-07-24|2026-07-27|2026-07-28,2026-07-29,gp_qvi,touch,0.02,6884,2686,2558,3790,1895,1895,2843,947,527,420,791,663,1454,0,0,0,0,0,none,0,0,3,547.9684829711914,1485.0521479970969,3239.0507479936523,-937.0836650259055,-2691.082265022461,11693323.999977112,0.0,11693323.999977112,0.4686165225322278,-2.3013834774677657,2826.5970008649756,23390.931,19466.316,23655.674,0.8322163833495981,1.005643172274804,0.7432716979071932,288.7655517578125
0.01220703125,2026-07-23|2026-07-24|2026-07-27|2026-07-28|2026-07-29,2026-07-30,gp_qvi,through,0.02,5990,2375,2292,2047,1024,1023,1671,376,179,197,1351,1269,2620,1,1,0,0,1,sell,1,0,3,-3332.0228576660156,761.3436648197169,1660.5684657878878,-4093.3665224857323,-4992.591323453904,5992314.00642395,2518.000030517578,5994832.006454468,-5.558158850954489,-8.32815885095449,5001.413215138818,23385.652,18460.701,42643.501,0.7894028783118812,1.3503665920993821,0.42735229276481157,520.5505493164062
0.01220703125,2026-07-23|2026-07-24|2026-07-27|2026-07-28|2026-07-29,2026-07-30,gp_qvi,touch,0.02,5990,2250,2137,3120,1560,1560,2149,971,516,455,690,577,1267,0,0,0,0,0,none,0,0,4,655.9803009033203,1153.4531166046083,2515.7993173187265,-497.472815701288,-1859.8190164154062,9082308.004760742,0.0,9082308.004760742,0.7222616768331025,-2.0477383231668984,1957.419996921154,23385.652,20464.979,66247.781,0.8751083356581206,1.6831039012251845,0.3678941686124466,808.6887329101562
0.01,2026-07-02,2026-07-03,gp_qvi,through,0.05,4888,2293,2197,2177,1089,1088,2096,81,49,32,1204,1109,2313,1,1,0,0,1,sell,1,0,5,-10410.092315673828,3159.5453697868415,6891.291869535057,-13569.63768546067,-17301.384185208884,24866654.998016357,11655.000305175781,24878309.998321533,-4.184404936017024,-6.954404936017021,19260.06789250091,23383.259,31558.467,64365.267,1.349617989519767,1.6591026902435257,0.7621739553070853,643.6526700000001
0.01,2026-07-02,2026-07-03,gp_qvi,touch,0.05,4888,2325,2216,3344,1672,1672,2716,628,332,296,653,544,1197,0,0,0,0,0,none,0,0,5,-355.1048278808594,4858.870773546619,10597.694521830057,-5213.975601427478,-10952.799349710916,38258824.98855591,0.0,38258824.98855591,-0.09281644901198073,-2.862816449011999,11280.912908304672,23383.259,18154.703,26866.207,0.7763974645279342,1.0718910834976798,0.6349460526439021,268.66207
0.01,2026-07-02|2026-07-03,2026-07-06,gp_qvi,through,0.05,4348,2159,2026,1893,946,947,1681,212,104,108,1213,1079,2292,1,1,0,0,1,buy,1,0,5,-9195.091400146484,2618.404087654878,5711.007340790573,-11813.495487801363,-14906.098740937057,20606505.02090454,10850.0,20617355.02090454,-4.45987925746213,-7.229879257462136,15421.758072962051,23370.842,25531.046,46937.196,1.0924315863330898,1.4171681755641996,0.7120872239006194,469.37196
0.01,2026-07-02|2026-07-03,2026-07-06,gp_qvi,touch,0.05,4348,1968,1912,2688,1343,1345,1917,771,405,366,625,567,1192,1,2,0,0,1,buy,2,0,6,-500.0885009765625,3715.838390155029,8104.62389033813,-4215.926891131592,-8604.712391314693,29236870.001220703,21700.0,29258570.001220703,-0.17092034947562312,-2.940920349475622,9686.563927932735,23370.842,25712.347,45187.693,1.100189158781699,1.3905061214254593,0.7394508507652399,451.87693
0.01,2026-07-02|2026-07-03|2026-07-06,2026-07-07,gp_qvi,through,0.02,7603,854,764,904,452,452,820,84,41,43,402,312,714,0,0,0,0,0,none,0,0,3,-1690.0100708007812,1048.6214743255584,2287.150774710084,-2738.63154512634,-3977.1608455108653,8256862.002563477,0.0,8256862.002563477,-2.046794617950609,-4.8167946179506105,4028.1385216346757,23387.055,2979.155,3313.063,0.12738478615627322,0.3763804686431428,0.12059496161444871,33.13063
0.01,2026-07-02|2026-07-03|2026-07-06,2026-07-07,gp_qvi,touch,0.02,7603,795,741,1050,525,525,962,88,49,39,270,216,486,0,0,0,0,0,none,0,0,3,-84.01565551757812,1219.1598676628075,2659.1124672645606,-1303.1755231803857,-2743.1281227821387,9599683.99734497,0.0,9599683.99734497,-0.08751918869497655,-2.8575191886949804,2986.8898542381316,23387.055,2301.27,2560.536,0.09839930679600317,0.33088545321515134,0.09338773094774011,25.60536
0.01,2026-07-02|2026-07-03|2026-07-06|2026-07-07,2026-07-08,gp_qvi,through,0.02,7159,532,533,622,311,311,559,63,35,28,221,222,443,0,0,0,0,0,none,0,0,3,18.99261474609375,686.4866900619508,1497.2977413162241,-667.494075315857,-1478.3051265701304,5405407.008361816,0.0,5405407.008361816,0.035136326860703365,-2.7348636731392983,2282.8084218956,23385.794,8726.912,10687.024,0.37317150745448285,0.6760087735727253,0.3357325819255912,106.87024000000001
0.01,2026-07-02|2026-07-03|2026-07-06|2026-07-07,2026-07-08,gp_qvi,touch,0.02,7159,526,492,722,361,361,656,66,39,27,165,131,296,0,0,0,0,0,none,0,0,3,930.9921264648438,793.191582341004,1730.032033924866,137.8005441238397,-799.0399074600223,6245603.010559082,0.0,6245603.010559082,1.4906360921289248,-1.2793639078710757,1553.1486282333371,23385.794,7806.881,9488.457,0.3338300593941775,0.6369740459731634,0.3024413026130308,94.88457000000001
0.01,2026-07-02|2026-07-03|2026-07-06|2026-07-07|2026-07-08,2026-07-09,gp_qvi,through,0.02,8023,1300,1244,1328,664,664,1087,241,119,122,636,580,1216,0,0,0,0,0,none,0,0,4,-3004.016876220703,1511.670332143404,3297.1077323127747,-4515.687208364107,-6301.124608533478,11902916.00112915,0.0,11902916.00112915,-2.523765500769502,-5.293765500769503,6424.665009120941,23386.058,16658.897,18813.891,0.7123430977550812,0.8969346474049618,0.6728309234502027,188.13891
0.01,2026-07-02|2026-07-03|2026-07-06|2026-07-07|2026-07-08,2026-07-09,gp_qvi,touch,0.02,8023,1328,1290,1761,880,881,1448,313,177,136,448,409,857,1,1,0,0,1,buy,1,0,4,-80.0262451171875,2006.9174994186435,4377.2924987319975,-2086.943744535831,-4457.318743849185,15792899.995422363,9600.0,15802499.995422363,-0.050641509343692034,-2.820641509343694,4639.565737877655,23386.058,11503.18,13721.818,0.49188195804525925,0.7659974363783876,0.4514242631229256,137.21818
0.01,2026-07-03|2026-07-06|2026-07-07|2026-07-08|2026-07-09,2026-07-10,gp_qvi,through,0.02,4649,621,603,654,327,327,543,111,55,56,294,276,570,0,0,0,0,0,none,0,0,3,-918.0015563964844,781.1381381278972,1703.742238278963,-1699.1396945243814,-2621.743794675447,6150694.00100708,0.0,6150694.00100708,-1.4925170334374884,-4.262517033437491,2704.8041339607257,23385.296,12280.217,13589.261,0.5251255746345909,0.7623009908598141,0.5010923958371106,135.89261000000002
0.01,2026-07-03|2026-07-06|2026-07-07|2026-07-08|2026-07-09,2026-07-10,gp_qvi,touch,0.02,4649,657,642,913,457,456,766,147,72,75,200,186,386,1,1,0,0,1,sell,1,0,4,129.99801635742188,1091.655677313994,2381.0127765037555,-961.657660956572,-2251.0147601463336,8586763.994598389,8950.0,8595713.994598389,0.1512358559616032,-2.6187641440383986,2339.119416801454,23385.296,9408.429,10199.815,0.4023224251683622,0.6604268352252284,0.389052291662248,101.99815000000001
0.01,2026-07-06|2026-07-07|2026-07-08|2026-07-09|2026-07-10,2026-07-14,gp_qvi,through,0.02,6615,310,302,311,155,156,269,42,24,18,155,146,301,1,1,0,0,1,buy,1,0,3,-346.0063934326172,232.32998971900946,506.73548938713077,-578.3363831516267,-852.741882819748,1822857.9975128174,6512.000274658203,1829369.9977874756,-1.8913964580762408,-4.661396458076241,1559.6880112083436,23390.474,14349.139,14432.093,0.6134608045993425,0.7854981165399548,0.6117541696675322,144.32093
0.01,2026-07-06|2026-07-07|2026-07-08|2026-07-09|2026-07-10,2026-07-14,gp_qvi,touch,0.02,6615,337,323,450,225,225,379,71,42,29,112,98,210,0,0,0,0,0,none,0,0,3,-210.00900268554688,337.0480935310363,735.1363929771422,-547.0570962165832,-945.1453956626891,2653921.996307373,0.0,2653921.996307373,-0.7913156565179769,-3.5613156565179764,1518.566541517639,23390.474,12297.02,12444.148,0.5257276958132614,0.7293954879456968,0.5226578991088424,124.44148
0.01,2026-07-07|2026-07-08|2026-07-09|2026-07-10|2026-07-14,2026-07-15,gp_qvi,through,0.02,5634,327,400,326,163,163,291,35,20,15,164,237,401,0,0,0,0,0,none,0,0,4,-402.0042419433594,315.0232454612734,687.0979448249814,-717.0274874046328,-1089.1021867683407,2480497.9957580566,0.0,2480497.9957580566,-1.6206594104523926,-4.3906594104523915,1115.729892675781,23387.034,9426.687,11066.307,0.40307321569721066,0.6878817438572811,0.37043568671427085,110.66307
0.01,2026-07-07|2026-07-08|2026-07-09|2026-07-10|2026-07-14,2026-07-15,gp_qvi,touch,0.02,5634,373,415,518,259,259,447,71,27,44,114,156,270,0,0,0,0,0,none,0,0,3,439.9940490722656,500.19102384109493,1090.9678236534107,-60.19697476882931,-650.9737745811451,3938511.9987487793,0.0,3938511.9987487793,1.117158076989601,-1.6528419230103961,692.2664175521842,23387.034,2344.216,2883.772,0.10023571180509679,0.35115017310967106,0.08990122475556328,28.83772
0.01,2026-07-08|2026-07-09|2026-07-10|2026-07-14|2026-07-15,2026-07-16,gp_qvi,through,0.02,5321,430,408,402,202,200,341,61,35,26,228,208,436,2,2,1,1,1,sell,1,0,4,-1248.0060577392578,297.4639719593046,648.79937191124,-1545.4700296985625,-1896.805429650498,2330929.9995422363,11306.000137329102,2342235.9996795654,-5.328267765972319,-8.09826776597232,2028.1189005001072,23388.122,12200.012,22349.876,0.5216328185734622,0.9775520339742445,0.31352162435273767,223.49876
0.01,2026-07-08|2026-07-09|2026-07-10|2026-07-14|2026-07-15,2026-07-16,gp_qvi,touch,0.02,5321,395,365,510,255,255,436,74,39,35,140,110,250,0,0,0,0,0,none,0,0,4,-270.0092315673828,375.3213220561976,818.6142221225737,-645.3305536235804,-1088.6234536899565,2955286.000442505,0.0,2955286.000442505,-0.9136483965577389,-3.683648396557738,1229.3680575916287,23388.122,10355.38,18390.092,0.4427623560369661,0.8867358676805001,0.272401050413539,183.90092
0.01,2026-07-09|2026-07-10|2026-07-14|2026-07-15|2026-07-16,2026-07-17,gp_qvi,through,0.02,2369,443,425,434,217,217,416,18,8,10,226,208,434,0,0,0,0,0,none,0,0,3,-584.0103149414062,258.0213279922485,562.7709279830937,-842.0316429336547,-1146.7812429245,2031663.9999389648,0.0,2031663.9999389648,-2.874541828564915,-5.644541828564918,1220.986628668976,23380.981,12523.644,21666.902,0.5356338127985306,0.9626469629488026,0.34311135191461817,216.66902000000002
0.01,2026-07-09|2026-07-10|2026-07-14|2026-07-15|2026-07-16,2026-07-17,gp_qvi,touch,0.02,2369,411,394,592,296,296,564,28,16,12,115,98,213,0,0,0,0,0,none,0,0,3,311.98692321777344,351.46792794380093,766.5875278774254,-39.48100472602749,-454.60060465965194,2767463.999557495,0.0,2767463.999557495,1.1273386872156557,-1.6426613127843415,661.9443417896271,23380.981,7631.516,8974.49,0.3263984518014877,0.6195459531075274,0.29984815436101675,89.74490000000002
0.01,2026-07-10|2026-07-14|2026-07-15|2026-07-16|2026-07-17,2026-07-20,gp_qvi,through,0.02,5193,1733,1925,1863,932,931,1453,410,195,215,801,994,1795,1,1,0,0,1,sell,1,0,4,-3612.0285034179688,1245.236522872164,2715.988321540073,-4857.2650262901325,-6328.016824958042,9799757.991027832,5254.000091552734,9805011.991119385,-3.6838593432516578,-6.453859343251661,6364.526748080448,23389.585,20887.212,30420.758,0.8930133647091216,1.140443456004603,0.6979608659153209,304.20758
0.01,2026-07-10|2026-07-14|2026-07-15|2026-07-16|2026-07-17,2026-07-20,gp_qvi,touch,0.02,5193,1947,2073,2914,1457,1457,2067,847,417,430,490,616,1106,0,0,0,0,0,none,0,0,4,-276.0368347167969,1946.0626537559483,4244.561851105511,-2222.099488472745,-4520.598685822308,15323327.982330322,0.0,15323327.982330322,-0.1801415691389633,-2.950141569138971,4632.1873423484885,23389.585,19081.984,30614.972,0.8158325169087011,1.1440781073308168,0.5929563949082466,306.14972
0.01,2026-07-14|2026-07-15|2026-07-16|2026-07-17|2026-07-20,2026-07-21,gp_qvi,through,0.02,3953,1259,1202,1120,560,560,956,164,85,79,699,642,1341,0,0,0,0,0,none,0,0,3,-1890.0199890136719,808.5142576240555,1763.4523571800237,-2698.5342466377274,-3653.4723461936956,6366253.997039795,0.0,6366253.997039795,-2.9688102138125507,-5.738810213812551,3660.890863932038,23382.108,24509.173,48123.461,1.0482020269515477,1.4346190580299931,0.7001183554536656,481.23461
0.01,2026-07-14|2026-07-15|2026-07-16|2026-07-17|2026-07-20,2026-07-21,gp_qvi,touch,0.02,3953,1556,1490,2152,1076,1076,1697,455,249,206,480,414,894,0,0,0,0,0,none,0,0,4,749.9614715576172,1553.390085083394,3388.1027840007673,-803.4286135257769,-2638.14131244315,12231417.992782593,0.0,12231417.992782593,0.6131435226889865,-2.156856477311005,2667.1209737399945,23382.108,24869.512,37474.184,1.0636129129161493,1.265972469407381,0.8014659756083583,374.74184
0.01,2026-07-15|2026-07-16|2026-07-17|2026-07-20|2026-07-21,2026-07-22,gp_qvi,through,0.02,4299,1269,1286,1216,608,608,924,292,138,154,661,678,1339,0,0,0,0,0,none,0,0,3,-1698.0236053466797,925.4309658779175,2018.4596657337204,-2623.454571224597,-3716.4832710804003,7286857.999038696,0.0,7286857.999038696,-2.3302548307798614,-5.100254830779863,3723.552775673677,23387.244,16242.6,18032.196,0.6945068003737422,0.878081417191921,0.6598304614258952,180.32196
0.01,2026-07-15|2026-07-16|2026-07-17|2026-07-20|2026-07-21,2026-07-22,gp_qvi,touch,0.02,4299,1337,1380,1896,948,948,1397,499,270,229,389,432,821,0,0,0,0,0,none,0,0,3,201.96151733398438,1442.3158851318374,3145.8385841064483,-1240.354367797853,-2943.877066772464,11356817.993164062,0.0,11356817.993164062,0.1778328379089546,-2.592167162091048,3030.470142495729,23387.244,13600.083,15198.127,0.5815171295942352,0.8061307937848556,0.5504092743890644,151.98127
0.01,2026-07-16|2026-07-17|2026-07-20|2026-07-21|2026-07-22,2026-07-23,gp_qvi,through,0.02,4091,1310,1348,1174,587,587,900,274,143,131,723,761,1484,0,0,0,0,0,none,0,0,3,-2750.0198364257812,885.7150173721312,1931.835116630552,-3635.7348537979124,-4681.854953056333,6974133.995056152,0.0,6974133.995056152,-3.943170346849121,-6.713170346849118,4681.854953056333,23383.334,20379.392,28780.4,0.8715349145677858,1.109417970336876,0.6926076067681366,287.804
0.01,2026-07-16|2026-07-17|2026-07-20|2026-07-21|2026-07-22,2026-07-23,gp_qvi,touch,0.02,4091,1834,1904,2562,1281,1281,1805,757,384,373,553,623,1176,0,0,0,0,0,none,0,0,4,-590.0306701660156,1933.3999936279351,4216.943293188458,-2523.4306637939508,-4806.973963354473,15223621.997070312,0.0,15223621.997070312,-0.38757574923993987,-3.1575757492399275,4854.298143009171,23383.334,21552.504,28346.894,0.9217036372999676,1.101030940305722,0.7824316669299596,283.46894
0.01,2026-07-17|2026-07-20|2026-07-21|2026-07-22|2026-07-23,2026-07-24,gp_qvi,through,0.02,3774,1029,980,802,401,401,632,170,90,80,628,579,1207,0,0,0,0,0,none,0,0,3,-1948.013687133789,541.2130396221173,1180.4410391757958,-2489.2267267559064,-3128.4547263095847,4261519.997024536,0.0,4261519.997024536,-4.571171057495739,-7.341171057495738,3130.31548143196,23376.095,20441.145,28515.255,0.874446523253777,1.104466755313675,0.7033078022655195,285.15254999999996
0.01,2026-07-17|2026-07-20|2026-07-21|2026-07-22|2026-07-23,2026-07-24,gp_qvi,touch,0.02,3774,1480,1423,1941,971,970,1345,596,332,264,509,453,962,1,1,0,0,1,sell,1,0,3,-364.02015686035156,1309.2429993701899,2855.592998626328,-1673.2631562305414,-3219.6131554866797,10303721.995162964,5277.9998779296875,10308999.995040894,-0.35310908626972753,-3.123109086269728,3318.1446337234484,23376.095,24170.056,37543.492,1.0339646549177697,1.2673055903266761,0.7503257922249204,375.43492
0.01,2026-07-20|2026-07-21|2026-07-22|2026-07-23|2026-07-24,2026-07-27,gp_qvi,through,0.02,3683,1027,978,964,482,482,738,226,115,111,545,496,1041,0,0,0,0,0,none,0,0,3,-1214.0129089355469,627.7485536666871,1369.1838532730112,-1841.7614626022341,-2583.196762208558,4942901.997375488,0.0,4942901.997375488,-2.456073192590398,-5.226073192590399,2596.8728073509233,23387.273,12894.601,13844.109,0.5513511985771065,0.7693832238019126,0.5318402449058511,138.44109
0.01,2026-07-20|2026-07-21|2026-07-22|2026-07-23|2026-07-24,2026-07-27,gp_qvi,touch,0.02,3683,1452,1390,1996,998,998,1367,629,339,290,454,392,846,0,0,0,0,0,none,0,0,4,-562.0220184326172,1303.3733129787445,2842.790611772542,-1865.3953314113617,-3404.812630205159,10262781.991958618,0.0,10262781.991958618,-0.5476312552220133,-3.3176312552220177,3431.7674241279656,23387.273,20162.381,24693.915,0.8621091052385629,1.0275552484741062,0.7669458512756062,246.93914999999998
0.01,2026-07-21|2026-07-22|2026-07-23|2026-07-24|2026-07-27,2026-07-28,gp_qvi,through,0.02,4611,1165,1093,916,458,458,760,156,87,69,707,635,1342,0,0,0,0,0,none,0,0,3,-1198.0140686035156,467.3714303100601,1019.3849306762713,-1665.3854989135757,-2217.398999279787,3680090.0024414062,0.0,3680090.0024414062,-3.255393394750514,-6.025393394750519,2277.2858983261126,23382.008,16166.239,16476.529,0.6913965216332147,0.8394444481635778,0.6855125103027935,164.76529000000002
0.01,2026-07-21|2026-07-22|2026-07-23|2026-07-24|2026-07-27,2026-07-28,gp_qvi,touch,0.02,4611,1654,1650,2302,1151,1151,1723,579,307,272,503,499,1002,0,0,0,0,0,none,0,0,3,657.9761505126953,1171.9831783313678,2556.215278722758,-514.0070278186724,-1898.2391282100625,9228214.002609253,0.0,9228214.002609253,0.7130048678180353,-2.0569951321819593,2022.537988711924,23382.008,16076.685,20266.441,0.6875664827417731,0.930996057714747,0.5991409719815338,202.66441
0.01,2026-07-22|2026-07-23|2026-07-24|2026-07-27|2026-07-28,2026-07-29,gp_qvi,through,0.02,6884,2363,2141,2098,1049,1049,1799,299,156,143,1314,1092,2406,0,0,0,0,0,none,0,0,3,-4104.020309448242,822.7984567111966,1794.6076575511913,-4926.818766159438,-5898.627966999434,6478728.005599976,0.0,6478728.005599976,-6.3346081297144705,-9.104608129714467,5999.526527079009,23390.931,15320.468,18736.368,0.654974699382423,0.894991580895655,0.5829858589211349,187.36368
0.01,2026-07-22|2026-07-23|2026-07-24|2026-07-27|2026-07-28,2026-07-29,gp_qvi,touch,0.02,6884,2686,2558,3790,1895,1895,2843,947,527,420,791,663,1454,0,0,0,0,0,none,0,0,3,547.9684829711914,1485.0521479970969,3239.0507479936523,-937.0836650259055,-2691.082265022461,11693323.999977112,0.0,11693323.999977112,0.4686165225322278,-2.3013834774677657,2826.5970008649756,23390.931,19466.316,23655.674,0.8322163833495981,1.005643172274804,0.7432716979071932,236.55674
0.01,2026-07-23|2026-07-24|2026-07-27|2026-07-28|2026-07-29,2026-07-30,gp_qvi,through,0.02,5990,2375,2292,2047,1024,1023,1671,376,179,197,1351,1269,2620,1,1,0,0,1,sell,1,0,3,-3332.0228576660156,761.3436648197169,1660.5684657878878,-4093.3665224857323,-4992.591323453904,5992314.00642395,2518.000030517578,5994832.006454468,-5.558158850954489,-8.32815885095449,5001.413215138818,23385.652,18460.701,42643.501,0.7894028783118812,1.3503665920993821,0.42735229276481157,426.43501000000003
0.01,2026-07-23|2026-07-24|2026-07-27|2026-07-28|2026-07-29,2026-07-30,gp_qvi,touch,0.02,5990,2052,1955,2822,1411,1411,1969,853,454,399,641,544,1185,0,0,0,0,0,none,0,0,4,689.9810791015625,1044.0388064205126,2277.1555069171995,-354.0577273189501,-1587.174427815637,8220778.003311157,0.0,8220778.003311157,0.8393136012475372,-1.930686398752474,1741.8769876615531,23385.652,26947.013,74396.251,1.1522882919834778,1.7836136368625157,0.612623885791168,743.9625100000001
0.006103515625,2026-07-02,2026-07-03,gp_qvi,through,0.05,4888,2350,2249,2233,1117,1116,2150,83,50,33,1233,1133,2366,1,1,0,0,1,sell,1,0,5,-11290.099029541016,3240.285619748085,7067.394619450522,-14530.3846492891,-18357.493648991538,25502404.99771118,11655.000305175781,25514059.998016357,-4.4250499647718895,-7.1950499647718855,19909.34131058044,23383.259,32499.907,69178.683,1.3898792721750206,1.7200205071749506,0.7639557428671513,422.23317260742186
0.006103515625,2026-07-02,2026-07-03,gp_qvi,touch,0.05,4888,2258,2155,3232,1616,1616,2632,600,318,282,642,539,1181,0,0,0,0,0,none,0,0,6,-185.1043701171875,4695.958983682263,10242.367232125898,-4881.063353799451,-10427.471602243086,36976054.98962402,0.0,36976054.98962402,-0.05006060548350284,-2.8200606054835142,10877.790003206685,23383.259,21850.732,44598.366,0.9344605044147183,1.381042213503896,0.5611391038349274,272.2068237304687
0.006103515625,2026-07-02|2026-07-03,2026-07-06,gp_qvi,through,0.05,4348,2064,1941,1797,898,899,1593,204,100,104,1166,1042,2208,1,1,0,0,1,buy,1,0,5,-9330.091247558594,2485.6262222091655,5421.4052248184325,-11815.717469767758,-14751.496472377026,19561010.01739502,10850.0,19571860.01739502,-4.767094818410833,-7.537094818410838,15328.680844662336,23370.842,30883.481,63168.823,1.3214535017608693,1.6440469386850753,0.7704592329193788,385.55189819335936
0.006103515625,2026-07-02|2026-07-03,2026-07-06,gp_qvi,touch,0.05,4348,1933,1880,2636,1317,1319,1885,751,390,361,616,561,1177,1,2,0,0,1,buy,2,0,6,-270.0874328613281,3643.9995701744065,7947.936070380402,-3914.0870030357346,-8218.02350324173,28671210.00137329,21700.0,28692910.00137329,-0.09413037326935514,-2.864130373269355,9787.046407581334,23370.842,33454.06,75505.766,1.4314443613114154,1.7974336968177256,0.7801240965130825,460.8506225585937
0.006103515625,2026-07-02|2026-07-03|2026-07-06,2026-07-07,gp_qvi,through,0.02,7603,819,752,870,435,435,793,77,41,36,384,317,701,0,0,0,0,0,none,0,0,3,-1388.0119323730469,1009.4300361976595,2201.6702364311222,-2397.441968570706,-3589.682168804169,7948268.0015563965,0.0,7948268.0015563965,-1.7463074120063042,-4.516307412006305,3724.6964494148265,23387.055,3468.024,3846.996,0.1482881876320041,0.40557679491845183,0.1408678433432512,23.4802001953125
0.006103515625,2026-07-02|2026-07-03|2026-07-06,2026-07-07,gp_qvi,touch,0.02,7603,751,719,990,495,495,916,74,46,28,256,224,480,0,0,0,0,0,none,0,0,3,37.987518310546875,1149.5915531822175,2507.3768522163423,-1111.6040348716706,-2469.3893339057954,9051901.993560791,0.0,9051901.993560791,0.04196633849722398,-2.7280336615027796,2772.2829579162617,23387.055,3561.061,3969.635,0.15226632853089028,0.411990801384866,0.1440626449118968,24.228729248046875
0.006103515625,2026-07-02|2026-07-03|2026-07-06|2026-07-07,2026-07-08,gp_qvi,through,0.02,7159,533,531,620,310,310,558,62,34,28,223,221,444,0,0,0,0,0,none,0,0,4,-177.00653076171875,684.0721663177492,1492.0314178741464,-861.0786970794679,-1669.0379486358652,5386395.010375977,0.0,5386395.010375977,-0.32861780545382524,-3.098617805453827,2386.5318433280954,23385.794,9573.82,13418.138,0.40938614271553064,0.7574780756110624,0.3440509652997029,81.89781494140625
0.006103515625,2026-07-02|2026-07-03|2026-07-06|2026-07-07,2026-07-08,gp_qvi,touch,0.02,7159,1504,1431,2060,1030,1030,1789,271,147,124,474,401,875,0,0,0,0,0,none,0,0,3,-1530.0064086914062,2323.4456994339,5067.672903489672,-3853.452108125306,-6597.679312181078,18294848.027038574,0.0,18294848.027038574,-0.8363045194090478,-3.6063045194090404,6621.565139659105,23385.794,11899.241,14759.007,0.5088234763378143,0.79442428080922,0.4562746511835347,90.08182983398437
0.006103515625,2026-07-02|2026-07-03|2026-07-06|2026-07-07|2026-07-08,2026-07-09,gp_qvi,through,0.02,8023,1274,1218,1297,648,649,1062,235,115,120,626,569,1195,1,1,0,0,1,buy,1,0,5,-3196.0159301757812,1477.6617640930183,3222.9315642028823,-4673.677694268799,-6418.947494378664,11625532.000732422,9600.0,11635132.000732422,-2.7468669285183824,-5.516866928518384,6555.829061177064,23386.058,18119.123,23173.763,0.774783120780766,0.9954507297772884,0.6905321538157478,141.44142456054686
0.006103515625,2026-07-02|2026-07-03|2026-07-06|2026-07-07|2026-07-08,2026-07-09,gp_qvi,touch,0.02,8023,1323,1280,1749,874,875,1437,312,176,136,449,405,854,1,1,0,0,1,buy,1,0,5,-44.02618408203125,1993.2192793411282,4347.415278562929,-2037.2454634231594,-4391.441462644961,15685039.994812012,9600.0,15694639.994812012,-0.028051732372698233,-2.7980517323726994,4573.688456673431,23386.058,12051.938,15636.312,0.5153471354599394,0.8176899360070302,0.45531269100589766,95.436474609375
0.006103515625,2026-07-03|2026-07-06|2026-07-07|2026-07-08|2026-07-09,2026-07-10,gp_qvi,through,0.02,4649,620,601,654,327,327,544,110,55,55,293,274,567,0,0,0,0,0,none,0,0,4,-836.0015869140625,780.971260232542,1703.3782605072042,-1616.9728471466046,-2539.3798474212667,6149380.001831055,0.0,6149380.001831055,-1.3594892276377986,-4.129489227637802,2622.4401867065453,23385.296,12360.767,13842.863,0.5285700467507446,0.7693811197332913,0.5016173838466702,84.49013061523438
0.006103515625,2026-07-03|2026-07-06|2026-07-07|2026-07-08|2026-07-09,2026-07-10,gp_qvi,touch,0.02,4649,649,636,901,451,450,754,147,72,75,198,186,384,1,1,0,0,1,sell,1,0,4,179.99801635742188,1077.3486193992599,2349.8076186897297,-897.350603041838,-2169.809602332308,8474109.995269775,8950.0,8483059.995269775,0.21218524501511277,-2.5578147549848897,2257.914258987428,23385.296,9557.139,10554.103,0.40868154929490735,0.6717988072511977,0.39139089793860216,64.41713256835938
0.006103515625,2026-07-06|2026-07-07|2026-07-08|2026-07-09|2026-07-10,2026-07-14,gp_qvi,through,0.02,6615,342,326,347,173,174,301,46,25,21,169,152,321,1,1,0,0,1,buy,1,0,3,-326.0063171386719,259.8376819496155,566.7325818901062,-585.8439990882873,-892.7388990287781,2039453.9993286133,6512.000274658203,2045965.9996032715,-1.5934102384980346,-4.363410238498035,1559.6880112083434,23390.474,15104.349,15327.805,0.6457478800985392,0.809506745429257,0.6410378430125017,93.55349731445312
0.006103515625,2026-07-06|2026-07-07|2026-07-08|2026-07-09|2026-07-10,2026-07-14,gp_qvi,touch,0.02,6615,403,393,544,272,272,460,84,47,37,131,121,252,0,0,0,0,0,none,0,0,3,-426.0108947753906,407.492961290741,888.7838604530334,-833.5038560661317,-1314.794755228424,3208605.994415283,0.0,3208605.994415283,-1.3277133294548502,-4.09771332945485,1888.4992524444579,23390.474,15152.381,15809.807,0.6478013656328641,0.8221362027392849,0.6338233248287315,96.49540405273437
0.006103515625,2026-07-07|2026-07-08|2026-07-09|2026-07-10|2026-07-14,2026-07-15,gp_qvi,through,0.02,5634,333,398,327,164,163,292,35,20,15,169,235,404,1,1,0,0,1,sell,1,0,5,-532.0022583007812,317.2815594573976,692.0235588165281,-849.2838177581789,-1224.0258171173093,2491085.9954833984,7194.000244140625,2498279.995727539,-2.129474115033506,-4.899474115033505,1289.496732366943,23387.034,11814.384,15907.658,0.5051681200788437,0.8247371340070333,0.4351478686865551,97.09263916015625
0.006103515625,2026-07-07|2026-07-08|2026-07-09|2026-07-10|2026-07-14,2026-07-15,gp_qvi,touch,0.02,5634,338,380,462,231,231,405,57,22,35,107,149,256,0,0,0,0,0,none,0,0,4,-20.005035400390625,446.2510759651185,973.319275923919,-466.2561113655091,-993.3243113243096,3513787.999725342,0.0,3513787.999725342,-0.05693296067365002,-2.8269329606736484,1033.8371524948116,23387.034,11522.731,13664.099,0.49269740660572864,0.7643687555363808,0.4513755356921275,83.39904174804687
0.006103515625,2026-07-08|2026-07-09|2026-07-10|2026-07-14|2026-07-15,2026-07-16,gp_qvi,through,0.02,5321,390,372,358,180,178,308,50,30,20,210,194,404,2,2,1,1,1,sell,1,0,4,-880.0052642822266,264.8351320949556,577.6325322071082,-1144.840396377182,-1457.6377964893347,2074010.0006103516,11306.000137329102,2085316.0007476807,-4.220009168714499,-6.9900091687145025,1659.321890621186,23388.122,24639.151,50409.509,1.0534899296318019,1.468109869878285,0.668991978064763,307.67522583007815
0.006103515625,2026-07-08|2026-07-09|2026-07-10|2026-07-14|2026-07-15,2026-07-16,gp_qvi,touch,0.02,5321,375,350,482,241,241,415,67,34,33,134,109,243,0,0,0,0,0,none,0,0,5,367.99163818359375,354.31933204650835,772.8067321014404,13.6723061370854,-404.81509391784664,2789916.000366211,0.0,2789916.000366211,1.3190061569426834,-1.4509938430573168,833.5373237400054,23388.122,17487.646,26004.572,0.7477148443128525,1.0544528860941509,0.5694371271023813,158.7193115234375
0.006103515625,2026-07-09|2026-07-10|2026-07-14|2026-07-15|2026-07-16,2026-07-17,gp_qvi,through,0.02,2369,450,421,438,219,219,419,19,8,11,231,202,433,0,0,0,0,0,none,0,0,4,-564.0098571777344,260.34187200775136,567.832272016907,-824.3517291854857,-1131.8421291946415,2049936.0000610352,0.0,2049936.0000610352,-2.751353491820922,-5.521353491820925,1228.1058948268894,23380.981,12650.981,22196.135,0.5410799914682792,0.9743327806902563,0.34338208478078824,135.47445678710938
0.006103515625,2026-07-09|2026-07-10|2026-07-14|2026-07-15|2026-07-16,2026-07-17,gp_qvi,touch,0.02,2369,416,396,596,298,298,568,28,16,12,118,98,216,0,0,0,0,0,none,0,0,4,325.9868621826172,353.8593379825582,771.803437961959,-27.872475799941014,-445.81657577934186,2786293.999862671,0.0,2786293.999862671,1.1699657760404474,-1.6000342239595498,682.627394324112,23380.981,7851.833,9655.909,0.3358213669477769,0.642636246893376,0.3033826938228127,58.934991455078126
0.006103515625,2026-07-10|2026-07-14|2026-07-15|2026-07-16|2026-07-17,2026-07-20,gp_qvi,through,0.02,5193,1732,1925,1863,932,931,1453,410,195,215,800,994,1794,1,1,0,0,1,sell,1,0,5,-3682.028579711914,1245.231696858599,2715.9777955104864,-4927.260276570513,-6398.0063752224005,9799719.99092102,5254.000091552734,9804973.991012573,-3.7552660344504045,-6.525266034450408,6434.516298344806,23389.585,21312.372,32110.228,0.9111906859399173,1.1716838303412787,0.6973185287383252,195.9852783203125
0.006103515625,2026-07-10|2026-07-14|2026-07-15|2026-07-16|2026-07-17,2026-07-20,gp_qvi,touch,0.02,5193,1948,2075,2916,1458,1458,2069,847,417,430,490,617,1107,0,0,0,0,0,none,0,0,4,-272.0367431640625,1947.39767779083,4247.473675181592,-2219.4344209548926,-4519.510418345654,15333839.98260498,0.0,15333839.98260498,-0.1774094052583479,-2.9474094052583557,4632.1873423484885,23389.585,19086.902,30619.89,0.8160427814345573,1.1441699961979077,0.5931666594341028,186.88897705078125
0.006103515625,2026-07-14|2026-07-15|2026-07-16|2026-07-17|2026-07-20,2026-07-21,gp_qvi,through,0.02,3953,1403,1326,1239,619,620,1055,184,98,86,784,706,1490,1,1,0,0,1,buy,1,0,4,-2028.0223846435547,895.2402716686267,1952.610671277236,-2923.262656312181,-3980.633055920791,7043379.997253418,5756.000137329102,7049135.997390747,-2.8769800801037624,-5.646980080103761,3980.633055920791,23382.108,28960.547,49451.951,1.2385772488947533,1.4542862033901753,0.81417201562836,301.83075561523435
0.006103515625,2026-07-14|2026-07-15|2026-07-16|2026-07-17|2026-07-20,2026-07-21,gp_qvi,touch,0.02,3953,1559,1494,2158,1079,1079,1702,456,250,206,480,415,895,0,0,0,0,0,none,0,0,4,747.9610443115234,1557.7545670330098,3397.622165890873,-809.7935227214864,-2649.6611215793496,12265783.992385864,0.0,12265783.992385864,0.6097947304272026,-2.160205269572788,2678.640782876194,23382.108,26320.575,40451.045,1.125671603261776,1.315294613882134,0.8346883009863781,246.89358520507812
0.006103515625,2026-07-15|2026-07-16|2026-07-17|2026-07-20|2026-07-21,2026-07-22,gp_qvi,through,0.02,4299,1256,1260,1204,602,602,914,290,137,153,654,658,1312,0,0,0,0,0,none,0,0,3,-1628.0227661132812,916.5010878372221,1998.9826876449602,-2544.5238539505035,-3627.0054537582414,7216543.998718262,0.0,7216543.998718262,-2.2559590385680957,-5.025959038568098,3644.5319615188614,23387.244,17334.772,21150.314,0.741206274668362,0.9509745321184006,0.6708963655572242,129.09127197265624
0.006103515625,2026-07-15|2026-07-16|2026-07-17|2026-07-20|2026-07-21,2026-07-22,gp_qvi,touch,0.02,4299,1533,1553,2162,1081,1081,1571,591,320,271,452,472,924,0,0,0,0,0,none,0,0,4,413.96026611328125,1644.9931529884354,3587.898451793671,-1231.0328868751542,-3173.93818568039,12952701.992034912,0.0,12952701.992034912,0.3195937545446814,-2.4504062454553193,3371.2172889625517,23387.244,27883.047,45872.119,1.1922331250317482,1.4005056904913449,0.8167171813831506,279.9811950683594
0.006103515625,2026-07-16|2026-07-17|2026-07-20|2026-07-21|2026-07-22,2026-07-23,gp_qvi,through,0.02,4091,1859,1874,1694,847,847,1286,408,206,202,1012,1027,2039,0,0,0,0,0,none,0,0,4,-4122.026062011719,1277.549133298489,2786.465432469937,-5399.575195310208,-6908.4914944816555,10059441.994476318,0.0,10059441.994476318,-4.09766870197685,-6.8676687019768465,6908.4914944816555,23383.334,22111.848,30327.206,0.9456242638453525,1.138840711808365,0.7772933919517209,185.10257568359376
0.006103515625,2026-07-16|2026-07-17|2026-07-20|2026-07-21|2026-07-22,2026-07-23,gp_qvi,touch,0.02,4091,1591,1652,2204,1102,1102,1564,640,328,312,489,550,1039,0,0,0,0,0,none,0,0,4,-650.0312805175781,1664.007085616303,3629.369785163113,-2314.038366133881,-4279.401065680691,13102417.99697876,0.0,13102417.99697876,-0.49611551140214466,-3.2661155114021425,4346.724312440867,23383.334,25367.224,38041.756,1.0848420503252445,1.275490009657577,0.8263062914809325,232.1884521484375
0.006103515625,2026-07-17|2026-07-20|2026-07-21|2026-07-22|2026-07-23,2026-07-24,gp_qvi,through,0.02,3774,1529,1457,1233,616,617,952,281,152,129,913,840,1753,1,1,0,0,1,buy,1,0,4,-3238.0184173583984,833.3635853740689,1817.6512846347828,-4071.3820027324673,-5055.669701993182,6556637.995147705,5279.999923706055,6561917.995071411,-4.934560931408226,-7.70456093140823,5073.7571015712765,23376.095,30082.714,60777.452,1.2869007419759373,1.6124463099265802,0.7958934971816294,370.9561279296875
0.006103515625,2026-07-17|2026-07-20|2026-07-21|2026-07-22|2026-07-23,2026-07-24,gp_qvi,touch,0.02,3774,1300,1228,1679,840,839,1172,507,283,224,460,389,849,1,1,0,0,1,sell,1,0,4,-212.01934814453125,1132.845587062071,2470.8521859542893,-1344.8649352066022,-2682.8715340988206,8914765.992736816,5277.9998779296875,8920043.992614746,-0.2376886799213887,-3.007688679921394,2810.5783655536684,23376.095,23483.955,34698.467,1.0046141154029362,1.2183418490488747,0.7695870931393802,211.7826354980469
0.006103515625,2026-07-20|2026-07-21|2026-07-22|2026-07-23|2026-07-24,2026-07-27,gp_qvi,through,0.02,3683,1131,1082,1050,525,525,800,250,128,122,606,557,1163,0,0,0,0,0,none,0,0,3,-1648.013687133789,683.7476798740395,1491.3236797252673,-2331.7613670078285,-3139.3373668590566,5383839.999008179,0.0,5383839.999008179,-3.061037637517811,-5.831037637517815,3153.0134120014213,23387.273,22709.588,31615.23,0.9710233424820414,1.1626751229121806,0.7831626201139398,192.96405029296875
0.006103515625,2026-07-20|2026-07-21|2026-07-22|2026-07-23|2026-07-24,2026-07-27,gp_qvi,touch,0.02,3683,1269,1205,1718,859,859,1186,532,288,244,410,346,756,0,0,0,0,0,none,0,0,4,-156.01730346679688,1121.8778670814518,2446.930465996553,-1277.8951705482486,-2602.9477694633497,8833683.992767334,0.0,8833683.992767334,-0.17661635122394867,-2.9466163512239505,2621.9045963314074,23387.273,23534.455,33503.519,1.0062932518896068,1.1968932559557246,0.7947443893950354,204.48925170898437
0.006103515625,2026-07-21|2026-07-22|2026-07-23|2026-07-24|2026-07-27,2026-07-28,gp_qvi,through,0.02,4611,1166,1093,916,458,458,760,156,87,69,708,635,1343,0,0,0,0,0,none,0,0,3,-1198.0140686035156,467.3714303100601,1019.3849306762713,-1665.3854989135757,-2217.398999279787,3680090.0024414062,0.0,3680090.0024414062,-3.255393394750514,-6.025393394750519,2277.2858983261126,23382.008,16166.239,16476.529,0.6913965216332147,0.8394444481635778,0.6855125103027935,100.56475219726562
0.006103515625,2026-07-21|2026-07-22|2026-07-23|2026-07-24|2026-07-27,2026-07-28,gp_qvi,touch,0.02,4611,1400,1379,1906,953,953,1455,451,239,212,447,426,873,0,0,0,0,0,none,0,0,3,565.9755706787109,970.5479706104245,2116.864471331403,-404.57239993171356,-1550.888900652692,7642110.004806519,0.0,7642110.004806519,0.7406011825565709,-2.0293988174434254,1724.094770338819,23382.008,20832.379,32521.499,0.8909576542784521,1.1793545181602056,0.6429130466468064,198.49547729492187
0.006103515625,2026-07-22|2026-07-23|2026-07-24|2026-07-27|2026-07-28,2026-07-29,gp_qvi,through,0.02,6884,2781,2583,2528,1264,1264,2142,386,206,180,1517,1319,2836,0,0,0,0,0,none,0,0,4,-4780.024719238281,990.0889523662564,2159.485352798839,-5770.113671604538,-6939.51007203712,7795976.002883911,0.0,7795976.002883911,-6.131399990802999,-8.901399990802993,7039.378780846782,23390.931,21749.069,28747.723,0.9298077532698463,1.1086079070960948,0.7836078863214123,175.46217651367186
0.006103515625,2026-07-22|2026-07-23|2026-07-24|2026-07-27|2026-07-28,2026-07-29,gp_qvi,touch,0.02,6884,2686,2558,3790,1895,1895,2843,947,527,420,791,663,1454,0,0,0,0,0,none,0,0,3,547.9684829711914,1485.0521479970969,3239.0507479936523,-937.0836650259055,-2691.082265022461,11693323.999977112,0.0,11693323.999977112,0.4686165225322278,-2.3013834774677657,2826.5970008649756,23390.931,19466.316,23655.674,0.8322163833495981,1.005643172274804,0.7432716979071932,144.38277587890624
0.006103515625,2026-07-23|2026-07-24|2026-07-27|2026-07-28|2026-07-29,2026-07-30,gp_qvi,through,0.02,5990,2164,2085,1849,925,924,1525,324,162,162,1239,1161,2400,1,1,0,0,1,sell,1,0,4,-3064.0220642089844,688.9389324825296,1502.6463330524448,-3752.960996691514,-4566.668397261429,5422198.003768921,2518.000030517578,5424716.0037994385,-5.648262622528002,-8.418262622528003,4577.09483163414,23385.652,25843.392,54093.822,1.1050960648862815,1.5208945108507814,0.67732513936323,330.16248779296876
0.006103515625,2026-07-23|2026-07-24|2026-07-27|2026-07-28|2026-07-29,2026-07-30,gp_qvi,touch,0.02,5990,2066,1966,2842,1421,1421,1985,857,456,401,645,545,1190,0,0,0,0,0,none,0,0,4,665.9805297851562,1051.0253304553944,2292.39383099328,-385.04480067023815,-1626.4133012081238,8275790.003585815,0.0,8275790.003585815,0.8047334810291146,-1.9652665189708964,1741.8228447120673,23385.652,27221.693,75615.559,1.1640339555211032,1.7981703909403701,0.6135509499585472,461.5207458496094
0.0,2026-07-02,2026-07-03,gp_qvi,through,0.05,4888,2153,2046,2007,1006,1001,1937,70,41,29,1147,1045,2192,2,5,1,2,1,sell,3,0,10,-24395.091400146484,2916.8794847480785,6362.012734450517,-27311.970884894563,-30757.104134597,22909279.99649048,58275.001525878906,22967554.998016357,-10.621544784481161,-13.391544784481153,31816.15141866073,23383.259,105341.818,657327.612,4.5050101014576285,5.301984061936288,0.9246063604735336,0.0
0.0,2026-07-02,2026-07-03,gp_qvi,touch,0.05,4888,2134,2030,3027,1515,1512,2474,553,293,260,619,518,1137,2,3,1,1,1,sell,2,0,10,-12200.09765625,4401.850478759776,9600.886477294975,-16601.948135009778,-21800.984133544975,34625274.98931885,34965.000915527344,34660239.990234375,-3.519911477729933,-6.289911477729949,22742.497015810444,23383.259,98437.646,518060.068,4.20974877796119,4.706927826040612,0.957805026236933,0.0
0.0,2026-07-02|2026-07-03,2026-07-06,gp_qvi,through,0.05,4348,1895,1793,1614,806,808,1432,182,92,90,1089,985,2074,1,2,0,0,1,buy,2,0,10,-10370.081787109375,2234.139551317747,4872.88705287415,-12604.221338427122,-15242.968839983525,17569950.010375977,21700.0,17591650.010375977,-5.894888643755903,-8.664888643755905,16737.049411180884,23370.842,67429.493,285680.137,2.8851974182188216,3.496252927720232,0.917634460923573,0.0
0.0,2026-07-02|2026-07-03,2026-07-06,gp_qvi,touch,0.05,4348,1838,1797,2502,1249,1253,1793,709,372,337,589,544,1133,1,4,0,0,1,buy,4,0,10,1144.915771484375,3461.8910946899377,7550.738844323736,-2316.9753232055627,-6405.823072839361,27215584.997558594,43400.0,27258984.997558594,0.42001408768041715,-2.349985912319585,10774.429677011878,23370.842,87040.157,456386.213,3.724305568451492,4.41905165859937,0.9549418887004585,0.0
0.0,2026-07-02|2026-07-03|2026-07-06,2026-07-07,gp_qvi,through,0.02,7603,891,819,939,470,469,860,79,41,38,421,350,771,1,1,0,0,1,sell,1,0,5,-1944.0132141113281,1090.7557558876006,2379.049955754856,-3034.7689699989287,-4323.063169866184,8579447.998809814,9180.000305175781,8588627.99911499,-2.263473530710199,-5.033473530710204,4592.444730776981,23387.055,6389.084,9394.622,0.2731889072822551,0.63379949206607,0.21779689661652568,0.0
0.0,2026-07-02|2026-07-03|2026-07-06,2026-07-07,gp_qvi,touch,0.02,7603,846,801,1107,554,553,1023,84,51,33,292,248,540,1,1,0,0,1,sell,1,0,4,-206.01882934570312,1286.6276012519813,2806.2665003685024,-1492.6464305976845,-3012.2853297142055,10121745.993804932,9180.000305175781,10130925.994110107,-0.20335636590917539,-2.973356365909178,3257.675926945497,23387.055,5406.111,8136.343,0.23115826255165517,0.5898299971672213,0.18173746117243061,0.0
0.0,2026-07-02|2026-07-03|2026-07-06|2026-07-07,2026-07-08,gp_qvi,through,0.02,7159,1684,1570,1842,920,922,1581,261,133,128,764,648,1412,1,2,0,0,1,buy,2,0,7,-6712.004089355469,2089.418480511473,4557.235583477773,-8801.422569866942,-11269.239672833242,16435554.019165039,16560.000610351562,16452114.01977539,-4.0797213545248106,-6.849721354524805,11441.618768155662,23385.794,46483.227,126865.129,1.9876693945050572,2.3291372054189994,0.8856802552866069,0.0
0.0,2026-07-02|2026-07-03|2026-07-06|2026-07-07,2026-07-08,gp_qvi,touch,0.02,7159,1750,1664,2388,1194,1194,2059,329,179,150,556,470,1026,0,0,0,0,0,none,0,0,7,-2751.007080078125,2699.8608721160876,5888.672925796498,-5450.867952194212,-8639.680005874623,21258747.024536133,0.0,21258747.024536133,-1.2940589005095195,-4.064058900509514,8851.886655362694,23385.794,45093.543,126003.677,1.9282451132512328,2.3212159680613396,0.8930751720467562,0.0
0.0,2026-07-02|2026-07-03|2026-07-06|2026-07-07|2026-07-08,2026-07-09,gp_qvi,through,0.02,8023,1557,1477,1577,788,789,1288,289,143,146,769,688,1457,1,1,0,0,1,buy,1,0,9,-7116.021728515625,1792.463775674443,3909.546975289916,-8908.485504190068,-11025.56870380554,14104287.997436523,9600.0,14113887.997436523,-5.041857870636421,-7.811857870636421,11181.103117905426,23386.058,65516.302,239295.836,2.8015111396713377,3.1988145261487384,0.905665161695913,0.0
0.0,2026-07-02|2026-07-03|2026-07-06|2026-07-07|2026-07-08,2026-07-09,gp_qvi,touch,0.02,8023,1599,1551,2126,1063,1063,1730,396,222,174,536,488,1024,0,0,0,0,0,none,0,0,9,-3110.0341796875,2415.612897682192,5268.698997306816,-5525.647077369692,-8378.733176994316,19020573.99749756,0.0,19020573.99749756,-1.635089550976049,-4.4050895509760455,9252.502417432392,23386.058,85122.33,399279.678,3.6398750913899214,4.131997899629052,0.9439507504856098,0.0
0.0,2026-07-03|2026-07-06|2026-07-07|2026-07-08|2026-07-09,2026-07-10,gp_qvi,through,0.02,4649,775,734,792,394,398,662,130,64,66,381,336,717,3,4,2,2,1,buy,2,0,8,-6400.0091552734375,950.2551482635477,2072.603748574831,-7350.264303536986,-8472.612903848269,7446508.002471924,35815.999603271484,7482324.002075195,-8.553504437255615,-11.323504437255618,9187.0920514061,23385.296,87054.775,408573.709,3.7226287407266514,4.17987960593354,0.9215497635779337,0.0
0.0,2026-07-03|2026-07-06|2026-07-07|2026-07-08|2026-07-09,2026-07-10,gp_qvi,touch,0.02,4649,797,754,1084,541,543,900,184,92,92,256,211,467,2,2,1,1,1,buy,1,0,10,-1428.0059814453125,1296.490675286868,2827.7788744445807,-2724.496656732181,-4255.784855889893,10190681.994628906,17905.999755859375,10208587.994384766,-1.3988281065224566,-4.168828106522457,5488.429930767057,23385.296,100341.102,520666.99,4.29077750394949,4.718550273495998,0.9529536850848499,0.0
0.0,2026-07-06|2026-07-07|2026-07-08|2026-07-09|2026-07-10,2026-07-14,gp_qvi,through,0.02,6615,383,388,398,199,199,344,54,31,23,184,189,373,0,0,0,0,0,none,0,0,8,-11278.005599975586,297.28540979652394,648.4099095561978,-11575.29100977211,-11926.415509531784,2340829.998397827,0.0,2340829.998397827,-48.179515845639266,-50.94951584563927,13640.891573574829,23390.474,114282.09,655535.724,4.8858389958236845,5.293935804030902,0.9809763581533234,0.0
0.0,2026-07-06|2026-07-07|2026-07-08|2026-07-09|2026-07-10,2026-07-14,gp_qvi,touch,0.02,6615,404,401,545,273,272,459,86,46,40,131,129,260,1,1,0,0,1,sell,1,0,8,-8584.008026123047,408.3116035697938,890.569403061676,-8992.31962969284,-9474.577429184723,3208541.9967651367,6509.999847412109,3215051.996612549,-26.699437630145177,-29.469437630145176,10903.635470403671,23390.474,87315.489,430208.957,3.732950815789368,4.288646130570107,0.9772204274269944,0.0
0.0,2026-07-07|2026-07-08|2026-07-09|2026-07-10|2026-07-14,2026-07-15,gp_qvi,through,0.02,5634,304,357,292,148,144,264,28,16,12,156,213,369,2,4,1,2,1,sell,2,0,10,-2758.0001831054688,285.5236859069826,622.7563857971188,-3043.5238690124515,-3380.756568902588,2219441.9982910156,28776.0009765625,2248217.999267578,-12.26749445117852,-15.03749445117852,4049.4042697174077,23387.034,110213.888,591100.196,4.7126064810099475,5.027394644457257,0.999489033111253,0.0
0.0,2026-07-07|2026-07-08|2026-07-09|2026-07-10|2026-07-14,2026-07-15,gp_qvi,touch,0.02,5634,305,344,413,208,205,364,49,17,32,97,139,236,2,3,1,2,1,sell,1,0,10,-2516.0003662109375,400.7220841705322,874.0158843719474,-2916.7224503814696,-3390.016250582885,3133710.0006103516,21582.000732421875,3155292.0013427734,-7.973906583416757,-10.743906583416754,4523.232561000061,23387.034,112270.78,603135.874,4.800556581907736,5.078319336434174,0.9994018052909146,0.0
0.0,2026-07-08|2026-07-09|2026-07-10|2026-07-14|2026-07-15,2026-07-16,gp_qvi,through,0.02,5321,318,295,288,148,140,254,34,20,14,170,155,325,3,8,2,7,1,sell,1,0,9,-146.00448608398438,217.47454623641968,474.3342465156557,-363.47903232040403,-620.33873259964,1667164.001083374,45234.00077819824,1712398.0018615723,-0.8526317241976504,-3.6226317241976513,2117.772674036026,23388.122,74838.621,352904.007,3.1998559354188423,3.8844596939405416,0.9571275538925271,0.0
0.0,2026-07-08|2026-07-09|2026-07-10|2026-07-14|2026-07-15,2026-07-16,gp_qvi,touch,0.02,5321,303,286,396,198,198,347,49,25,24,105,88,193,0,0,0,0,0,none,0,0,8,991.9925689697266,290.96462012596106,634.6236202747344,701.0279488437654,357.3689486949921,2291060.0009918213,0.0,2291060.0009918213,4.329841071557635,1.559841071557636,2154.3587228538513,23388.122,108936.833,555312.057,4.657784536954271,4.872713491194629,0.9797211593132616,0.0
0.0,2026-07-09|2026-07-10|2026-07-14|2026-07-15|2026-07-16,2026-07-17,gp_qvi,through,0.02,2369,367,334,336,168,168,323,13,5,8,199,166,365,0,0,0,0,0,none,0,0,10,2545.9930419921875,199.5497658294676,435.2384656280523,2346.44327616272,2110.754576364135,1571257.9986572266,0.0,1571257.9986572266,16.203532737258648,13.433532737258643,876.2045123096467,23380.981,89135.948,422979.254,3.812327121774745,4.253321084444851,0.985588372019121,0.0
0.0,2026-07-09|2026-07-10|2026-07-14|2026-07-15|2026-07-16,2026-07-17,gp_qvi,touch,0.02,2369,344,333,490,245,245,472,18,11,7,99,88,187,0,0,0,0,0,none,0,0,10,3929.9896240234375,290.63975376357996,633.9150534843445,3639.3498702598577,3296.0745705390927,2288501.9981384277,0.0,2288501.9981384277,17.172760291318387,14.402760291318385,752.0495860115047,23380.981,85392.955,410733.181,3.6522400407408053,4.191297900668843,0.9158264146401727,0.0
0.0,2026-07-10|2026-07-14|2026-07-15|2026-07-16|2026-07-17,2026-07-20,gp_qvi,through,0.02,5193,2252,2472,2353,1179,1174,1825,528,245,283,1073,1298,2371,2,5,1,4,1,sell,1,0,10,-7618.035888671875,1574.9252208450284,3435.073119480901,-9192.961109516904,-11053.109008152776,12374715.990447998,26270.000457763672,12400985.990905762,-6.143088859433069,-8.913088859433074,11912.655220214852,23389.585,95566.729,507539.245,4.08586680781211,4.658258193661634,0.9528677400646485,0.0
0.0,2026-07-10|2026-07-14|2026-07-15|2026-07-16|2026-07-17,2026-07-20,gp_qvi,touch,0.02,5193,2367,2504,3509,1755,1754,2461,1048,511,537,612,750,1362,1,1,1,1,0,none,0,0,10,-896.0430145263672,2343.8515460834396,5112.18014381986,-3239.894560609807,-6008.223158346227,18450269.984817505,5254.000091552734,18455523.984909058,-0.48551480589716917,-3.255514805897197,7246.630066272774,23389.585,98032.582,526448.754,4.191292064395328,4.7442415523626815,0.9436239249221395,0.0
0.0,2026-07-14|2026-07-15|2026-07-16|2026-07-17|2026-07-20,2026-07-21,gp_qvi,through,0.02,3953,1692,1578,1493,744,749,1264,229,127,102,948,829,1777,3,5,2,3,1,buy,2,0,10,-1372.0306396484375,1081.0727676628132,2357.9303672645565,-2453.1034073112505,-3729.961006912994,8483611.99684143,28772.00050354004,8512383.99734497,-1.6118053885684394,-4.381805388568439,4223.477758205032,23382.108,112667.895,706060.867,4.818551646412718,5.495146051994375,0.9706506787155376,0.0
0.0,2026-07-14|2026-07-15|2026-07-16|2026-07-17|2026-07-20,2026-07-21,gp_qvi,touch,0.02,3953,1684,1633,2345,1172,1173,1853,492,266,226,512,460,972,1,1,0,0,1,buy,1,0,10,637.9581451416016,1693.6087532306738,3693.9340523219994,-1055.6506080890722,-3055.975907180398,13329745.993804932,5756.000137329102,13335501.99394226,0.4783907988101222,-2.2916092011898725,3717.95829993629,23382.108,98650.404,604865.002,4.219055185272431,5.086129306659462,0.9504063106713903,0.0
0.0,2026-07-15|2026-07-16|2026-07-17|2026-07-20|2026-07-21,2026-07-22,gp_qvi,through,0.02,4299,1662,1697,1587,792,795,1202,385,183,202,870,902,1772,2,3,1,1,1,buy,2,0,9,-1496.0365295410156,1209.2584400581388,2637.5164401268107,-2705.2949695991547,-4133.552969667826,9505006.00013733,16714.00032043457,9521720.000457764,-1.571183073508875,-4.341183073508885,4740.607860660562,23387.244,105203.622,582564.01,4.4983334504912165,4.990939462824988,0.9449205301830348,0.0
0.0,2026-07-15|2026-07-16|2026-07-17|2026-07-20|2026-07-21,2026-07-22,gp_qvi,touch,0.02,4299,1657,1691,2350,1174,1176,1704,646,344,302,483,515,998,1,2,0,0,1,buy,2,0,10,-1736.0431671142578,1790.0187710872658,3904.2141700092334,-3526.061938201524,-5640.257337123491,14083495.992660522,11140.00015258789,14094635.99281311,-1.2317048613383634,-4.001704861338364,6785.939349804687,23387.244,111355.35,659632.332,4.761371198761171,5.3108183102604505,0.9600055055653415,0.0
0.0,2026-07-16|2026-07-17|2026-07-20|2026-07-21|2026-07-22,2026-07-23,gp_qvi,through,0.02,4091,1777,1798,1603,802,801,1222,381,186,195,975,997,1972,1,1,0,0,1,sell,1,0,10,-1944.0288543701172,1210.5325040058112,2640.295304012679,-3154.5613583759286,-4584.324158382797,9525726.000213623,6025.99983215332,9531752.000045776,-2.039529411131113,-4.809529411131113,4851.322990614699,23383.334,78616.107,413846.681,3.3620572241751328,4.206941972992225,0.9433349837965792,0.0
0.0,2026-07-16|2026-07-17|2026-07-20|2026-07-21|2026-07-22,2026-07-23,gp_qvi,touch,0.02,4091,1748,1822,2440,1220,1220,1730,710,358,352,528,602,1130,0,0,0,0,0,none,0,0,10,7.967376708984375,1841.5487679534954,4016.6063678985533,-1833.581391244511,-4008.638991189569,14500383.999633789,0.0,14500383.999633789,0.005494597045971743,-2.764505402954024,4663.940872963327,23383.334,106218.819,620960.869,4.542501039415509,5.15322256798503,0.9479729879408985,0.0
0.0,2026-07-17|2026-07-20|2026-07-21|2026-07-22|2026-07-23,2026-07-24,gp_qvi,through,0.02,3774,1397,1339,1115,557,558,872,243,125,118,840,781,1621,1,1,0,0,1,buy,1,0,10,-1312.0185852050781,753.3487593605035,1643.1307586051948,-2065.367344565582,-2955.149343810273,5926599.995040894,5279.999923706055,5931879.9949646,-2.2118090492707414,-4.981809049270742,3743.050569564057,23376.095,78804.057,482532.173,3.371138635430768,4.543360060185394,0.749807998299117,0.0
0.0,2026-07-17|2026-07-20|2026-07-21|2026-07-22|2026-07-23,2026-07-24,gp_qvi,touch,0.02,3774,1414,1372,1834,916,918,1283,551,302,249,498,454,952,1,2,0,0,1,buy,2,0,10,-140.02113342285156,1237.6444632694206,2699.42926240654,-1377.6655966922722,-2839.4503958293917,9734671.994400024,10559.99984741211,9745231.994247437,-0.1436816830071417,-2.913681683007142,4021.009758058929,23376.095,73574.016,382476.596,3.147404046740912,4.0449806739427165,0.9018942642045218,0.0
0.0,2026-07-20|2026-07-21|2026-07-22|2026-07-23|2026-07-24,2026-07-27,gp_qvi,through,0.02,3683,1358,1293,1244,625,619,950,294,152,142,733,674,1407,2,6,2,6,0,none,0,0,10,-1978.0170440673828,813.678077750016,1774.7151774547597,-2791.695121817399,-3752.7322215221425,6374333.99848938,32579.999542236328,6406913.998031616,-3.0873163658433453,-5.8573163658433485,3894.863769135287,23387.273,102236.804,588505.54,4.371471782965034,5.016322910991995,0.9535925800327383,0.0
0.0,2026-07-20|2026-07-21|2026-07-22|2026-07-23|2026-07-24,2026-07-27,gp_qvi,touch,0.02,3683,1378,1311,1867,933,934,1296,571,309,262,445,377,822,1,1,0,0,1,buy,1,0,10,-1944.0193176269531,1219.3305552093505,2659.4847542755147,-3163.349872836304,-4603.504071902467,9595593.993759155,5434.000015258789,9601027.993774414,-2.0248033011543263,-4.794803301154328,4929.62309180985,23387.273,83820.331,460364.681,3.584014733141397,4.436711670636995,0.9275749250457717,0.0
0.0,2026-07-21|2026-07-22|2026-07-23|2026-07-24|2026-07-27,2026-07-28,gp_qvi,through,0.02,4611,1567,1462,1237,618,619,1016,221,114,107,949,843,1792,1,1,1,1,0,none,0,0,10,717.9817199707031,631.5514424728401,1377.4783430313125,86.43027749786302,-659.4966230606094,4969042.003631592,3804.0000915527344,4972846.0037231445,1.4438044520846893,-1.3261955479153138,2224.422019707109,23382.008,116348.88,744873.66,4.976000350354854,5.644174160714628,0.9562030344014937,0.0
0.0,2026-07-21|2026-07-22|2026-07-23|2026-07-24|2026-07-27,2026-07-28,gp_qvi,touch,0.02,4611,1518,1509,2084,1042,1042,1584,500,261,239,476,467,943,0,0,0,0,0,none,0,0,10,-572.0264434814453,1061.2516246646833,2314.698425449745,-1633.2780681461286,-2886.7248689311905,8356312.005233765,0.0,8356312.005233765,-0.6845441423479293,-3.45454414234792,4061.157897664635,23382.008,118177.548,803697.792,5.054208689005666,5.862805481283836,0.9713395017228632,0.0
0.0,2026-07-22|2026-07-23|2026-07-24|2026-07-27|2026-07-28,2026-07-29,gp_qvi,through,0.02,6884,2796,2568,2513,1257,1256,2128,385,199,186,1539,1312,2851,1,1,0,0,1,sell,1,0,10,-6216.025733947754,984.5055242528917,2147.3073245515784,-7200.531258200645,-8363.333058499333,7748768.002128601,3243.9998626708984,7752012.001991272,-8.01859663317218,-10.788596633172174,8911.269995390125,23390.931,98072.784,536222.652,4.192769582365063,4.7879413756324904,0.95095052009687,0.0
0.0,2026-07-22|2026-07-23|2026-07-24|2026-07-27|2026-07-28,2026-07-29,gp_qvi,touch,0.02,6884,2709,2568,3800,1900,1900,2857,943,530,413,809,668,1477,0,0,0,0,0,none,0,0,10,-790.0295257568359,1488.635834025196,3246.867134054941,-2278.665359782032,-4036.8966598117768,11721542.000198364,0.0,11721542.000198364,-0.6739979481739401,-3.443997948173935,5833.300597829625,23390.931,100619.495,599481.329,4.301645582213038,5.062488816169318,0.957407296015708,0.0
0.0,2026-07-23|2026-07-24|2026-07-27|2026-07-28|2026-07-29,2026-07-30,gp_qvi,through,0.02,5990,1871,1772,1528,765,763,1274,254,129,125,1106,1009,2115,1,2,0,0,1,sell,2,0,10,-3756.0182571411133,570.7613685106302,1244.8889691137338,-4326.779625651743,-5000.907226254847,4489148.003959656,5036.000061035156,4494184.004020691,-8.357508846502096,-11.127508846502101,5920.326586324504,23385.652,80906.2,365296.316,3.459651242565313,3.952281821650706,0.9661970510807225,0.0
0.0,2026-07-23|2026-07-24|2026-07-27|2026-07-28|2026-07-29,2026-07-30,gp_qvi,touch,0.02,5990,1863,1749,2512,1256,1256,1768,744,399,345,607,493,1100,0,0,0,0,0,none,0,0,10,-220.01724243164062,930.0149044418301,2028.4577049636857,-1150.0321468734708,-2248.474947395326,7322952.003479004,0.0,7322952.003479004,-0.3004488385655325,-3.0704488385655346,3282.9253532068265,23385.652,80562.599,365479.531,3.4449584300664355,3.9532728343018473,0.9606065291658321,0.0
